rainfall_1h,rainfall_3h,rainfall_6h,rainfall_12h,rainfall_24h,temperature,humidity,pressure,wind_speed,elevation_m,slope_deg,drainage_proximity_m,soil_saturation_pct,historical_flood_events,predicted_rainfall_6h_mm,rainfall_category,flood_probability,water_depth_m,flood_risk_level
13.7,32.8,56.8,112.2,198.3,33.2,71.1,1009.2,30.7,33.4,2.2,147.3,82.5,2,44.3,MODERATE,0.92,1.43,CRITICAL
22.8,56.3,113.0,221.9,326.4,26.1,66.3,1003.8,36.6,10.2,0.3,81.9,91.8,4,85.8,MODERATE,0.98,1.74,CRITICAL
2.9,6.3,11.9,23.2,37.4,33.2,64.4,1010.5,28.0,5.7,4.7,734.7,46.0,6,48.6,MODERATE,0.31,0.59,MODERATE
7.1,14.7,23.5,45.7,59.7,31.9,58.5,1017.9,35.1,22.3,2.2,248.9,52.0,3,31.9,LOW,0.37,0.29,MODERATE
9.1,21.1,36.3,70.3,116.4,32.2,67.6,1003.0,50.9,3.5,0.7,417.7,61.7,6,75.6,MODERATE,0.9,1.82,CRITICAL
0.5,1.2,2.0,3.7,5.9,32.4,63.2,1003.0,35.2,11.9,12.4,331.4,41.8,5,53.1,MODERATE,0.18,0.0,LOW
2.8,6.0,10.7,19.4,32.1,36.5,59.5,1018.4,16.6,3.6,5.6,58.2,46.2,5,30.8,LOW,0.43,0.87,HIGH
5.2,10.9,20.4,28.8,50.5,35.0,63.0,1011.5,25.6,18.4,4.8,37.3,43.0,5,37.3,LOW,0.39,0.49,MODERATE
20.4,43.4,80.5,119.1,163.5,33.5,74.2,1001.0,33.1,2.5,11.4,194.8,90.3,6,65.6,MODERATE,0.96,2.14,CRITICAL
2.2,5.9,11.9,17.6,25.2,34.9,62.2,1009.6,30.8,19.9,2.1,185.5,40.9,3,43.7,MODERATE,0.29,0.0,MODERATE
8.2,17.8,29.1,41.2,74.1,30.9,77.8,1001.1,37.0,22.1,4.7,440.7,48.7,3,90.4,HIGH,0.62,0.91,HIGH
0.1,0.2,0.4,0.5,0.8,30.2,67.3,1001.0,32.3,14.0,1.1,395.1,31.4,6,68.7,MODERATE,0.28,0.0,MODERATE
3.1,7.8,13.5,26.4,43.9,33.1,75.4,1007.1,27.0,5.5,4.5,1334.3,39.5,4,83.5,MODERATE,0.29,0.0,MODERATE
0.7,1.7,2.9,5.3,8.8,30.3,72.7,988.7,49.2,3.9,0.3,757.0,44.2,8,91.8,HIGH,0.46,0.96,HIGH
9.1,18.2,36.0,57.1,93.8,27.9,82.4,990.3,59.9,8.8,0.8,275.8,66.2,6,108.7,HIGH,0.93,1.93,CRITICAL
15.1,40.7,84.0,157.5,222.7,31.0,74.7,1000.2,39.0,13.3,2.2,278.4,93.7,5,85.0,MODERATE,0.98,1.86,CRITICAL
2.1,5.0,8.9,15.0,21.1,29.4,71.4,996.4,45.3,20.5,0.3,441.1,43.6,5,71.1,MODERATE,0.35,0.45,MODERATE
4.7,10.8,21.9,32.5,53.0,28.9,68.5,1007.7,28.0,2.0,2.5,61.0,55.8,7,49.4,MODERATE,0.71,1.38,CRITICAL
2.4,5.4,11.4,21.9,30.5,32.9,81.1,997.3,42.1,24.3,2.9,2500.0,42.2,3,75.2,MODERATE,0.05,0.0,LOW
1.2,3.0,6.2,9.9,16.1,29.2,67.0,993.0,44.4,24.5,3.7,293.0,41.5,5,53.3,MODERATE,0.22,0.0,LOW
2.1,4.4,6.7,12.2,18.8,37.5,61.1,1017.5,23.3,12.6,0.7,929.6,36.1,4,20.4,LOW,0.09,0.0,LOW
0.4,0.9,1.9,3.0,4.5,26.4,57.6,1003.1,29.8,9.6,1.0,1315.4,35.5,5,49.4,MODERATE,0.09,0.0,LOW
5.1,10.2,20.7,35.3,51.1,29.4,63.2,1005.6,32.2,35.2,3.6,346.1,51.3,2,62.0,MODERATE,0.3,0.0,MODERATE
0.4,1.0,2.0,3.7,6.6,29.1,86.3,992.9,42.6,29.6,4.1,56.5,21.4,4,92.1,HIGH,0.29,0.0,MODERATE
0.9,2.1,4.3,6.4,10.0,32.9,69.3,1000.4,35.3,75.6,0.4,338.7,34.6,0,60.7,MODERATE,0.05,0.0,LOW
4.3,10.3,22.6,44.9,71.0,31.8,61.9,1005.9,52.4,10.4,3.0,361.0,55.3,5,71.0,MODERATE,0.7,1.3,CRITICAL
9.0,18.6,33.6,48.4,85.9,30.1,75.3,995.2,39.0,44.7,5.7,606.6,58.2,2,73.2,MODERATE,0.32,0.1,MODERATE
0.2,0.5,0.8,1.4,2.3,28.3,76.3,1008.2,27.1,3.6,0.6,33.8,33.4,7,56.2,MODERATE,0.46,1.11,HIGH
5.9,14.8,27.1,52.8,93.9,27.1,63.4,999.9,38.3,11.5,2.2,253.6,63.8,5,79.3,MODERATE,0.85,1.63,CRITICAL
12.3,26.8,41.1,80.9,109.4,31.1,65.2,1002.5,45.8,13.3,1.7,988.2,61.5,5,63.1,MODERATE,0.63,1.13,HIGH
12.7,32.4,55.2,85.0,146.4,26.6,80.1,999.9,36.9,12.5,8.9,1817.8,69.2,4,71.8,MODERATE,0.49,0.77,HIGH
0.4,0.9,1.8,2.6,3.8,31.5,65.3,1020.7,22.2,19.7,1.0,95.7,42.0,4,44.9,MODERATE,0.26,0.0,LOW
6.1,15.2,26.1,47.9,81.7,31.9,68.1,1004.9,43.0,5.4,1.6,792.0,62.7,4,75.1,MODERATE,0.72,1.6,CRITICAL
9.8,19.0,37.5,53.5,92.5,27.0,69.5,996.0,39.5,38.2,8.3,75.1,57.4,1,92.2,HIGH,0.66,0.81,HIGH
0.2,0.6,1.2,2.0,2.8,35.6,73.4,1012.0,24.2,16.4,1.7,714.2,35.4,4,46.9,MODERATE,0.13,0.0,LOW
22.9,61.3,110.0,206.6,310.9,32.3,84.7,994.6,41.5,44.2,3.0,138.4,94.2,2,123.0,HIGH,0.98,1.32,CRITICAL
16.1,43.3,92.1,160.0,266.0,27.0,70.5,1006.8,39.9,2.0,0.4,1234.6,90.2,6,43.7,MODERATE,0.97,2.19,CRITICAL
22.6,47.9,74.6,112.9,152.3,26.1,77.7,988.3,44.8,19.9,15.0,466.8,79.5,5,110.1,HIGH,0.91,1.56,CRITICAL
18.6,41.9,87.6,148.2,248.6,23.4,77.3,993.7,41.9,11.6,6.4,208.6,92.4,5,114.1,HIGH,0.98,1.79,CRITICAL
8.3,16.2,33.7,65.9,89.3,29.0,66.4,1006.7,34.8,14.7,3.8,140.3,58.0,5,41.9,MODERATE,0.67,1.25,CRITICAL
4.9,12.8,22.2,39.2,69.0,33.5,65.2,1011.3,27.6,26.5,0.5,116.9,56.5,3,42.2,MODERATE,0.51,0.68,HIGH
8.6,20.3,34.8,63.7,91.7,29.8,74.6,1006.5,30.5,6.6,0.6,448.9,55.4,8,71.2,MODERATE,0.8,1.7,CRITICAL
13.0,28.8,49.4,79.1,125.5,31.7,73.7,1004.0,34.6,6.1,3.1,874.3,71.5,5,65.4,MODERATE,0.81,1.62,CRITICAL
7.3,14.6,30.1,45.5,61.9,26.5,65.2,1002.4,31.8,23.9,1.5,549.4,51.6,4,63.2,MODERATE,0.43,0.62,HIGH
4.9,13.1,27.3,42.4,60.8,31.0,85.4,992.4,44.7,15.3,3.7,699.2,49.9,3,108.4,HIGH,0.66,1.18,HIGH
4.3,10.1,17.5,30.1,45.2,28.5,75.0,998.9,39.2,6.8,3.5,592.8,41.2,6,83.3,MODERATE,0.55,0.96,HIGH
20.0,42.5,81.4,127.6,197.0,30.2,75.1,1001.1,49.9,13.9,6.7,1485.7,89.8,4,85.8,MODERATE,0.89,1.52,CRITICAL
0.1,0.2,0.3,0.5,0.7,31.7,68.7,1014.0,20.6,13.1,1.5,553.8,35.4,5,28.7,LOW,0.12,0.0,LOW
5.8,12.2,22.3,40.6,70.9,27.9,60.6,1007.9,40.6,23.2,3.3,104.7,50.3,6,55.8,MODERATE,0.56,0.79,HIGH
37.1,88.4,194.4,357.9,466.6,25.8,80.3,990.0,51.0,2.0,5.6,610.9,82.0,7,135.1,HIGH,0.98,2.09,CRITICAL
6.6,17.4,28.0,42.0,70.9,33.5,63.7,1007.8,24.7,17.9,2.7,162.7,46.3,4,54.9,MODERATE,0.58,1.12,HIGH
33.4,86.2,186.6,345.2,529.9,31.2,63.3,1001.7,41.1,18.8,6.5,2094.6,88.7,5,91.7,HIGH,0.98,1.82,CRITICAL
10.6,24.1,50.0,90.2,140.9,32.5,74.8,999.2,33.6,26.6,0.8,194.6,75.3,3,86.2,MODERATE,0.92,1.39,CRITICAL
0.3,0.7,1.4,2.0,2.8,32.2,76.9,1010.2,69.6,41.6,4.9,146.6,45.0,2,78.7,MODERATE,0.18,0.0,LOW
3.7,8.3,13.5,19.3,31.0,32.2,52.4,1013.8,34.9,12.4,10.3,118.9,43.3,5,33.5,LOW,0.26,0.0,LOW
1.3,2.8,4.7,8.4,13.1,27.4,62.1,1012.9,22.1,9.5,1.7,423.3,30.5,4,36.3,LOW,0.21,0.0,LOW
5.8,15.7,23.7,38.6,53.3,29.0,77.4,997.9,37.1,3.9,1.9,59.0,48.6,5,78.8,MODERATE,0.8,1.87,CRITICAL
2.9,6.3,12.6,18.8,26.6,30.3,71.2,1002.4,33.9,9.4,0.6,1181.4,48.6,4,83.7,MODERATE,0.32,0.5,MODERATE
1.8,3.9,7.5,10.8,14.4,35.9,65.7,1007.8,28.0,3.3,3.9,147.5,35.5,6,36.2,LOW,0.33,0.83,HIGH
1.6,4.2,6.8,10.2,13.6,33.5,55.4,1013.3,22.6,31.2,3.1,148.0,44.3,3,26.1,LOW,0.13,0.0,LOW
4.0,8.1,16.6,32.7,42.7,34.0,72.9,1000.9,34.6,31.6,0.4,32.9,47.6,3,65.9,MODERATE,0.45,0.32,MODERATE
6.7,16.8,28.7,52.8,74.4,32.0,66.0,1003.4,36.8,11.7,5.2,122.3,58.7,6,42.6,MODERATE,0.63,1.05,HIGH
13.6,36.0,57.5,98.6,161.7,27.6,65.1,995.6,38.4,7.4,6.5,221.3,88.8,5,88.4,MODERATE,0.97,2.06,CRITICAL
4.0,9.3,16.7,32.8,47.8,29.6,82.6,994.8,52.8,4.3,8.6,190.3,39.0,5,95.5,HIGH,0.7,1.32,CRITICAL
1.3,2.4,3.8,6.7,9.8,32.2,67.8,1011.9,33.7,36.3,3.1,136.2,42.2,1,46.4,MODERATE,0.14,0.0,LOW
3.1,6.9,11.6,21.3,29.1,29.9,59.6,1016.5,20.8,39.8,2.4,30.8,42.5,3,25.4,LOW,0.14,0.0,LOW
8.0,16.0,28.1,44.1,70.0,29.6,70.2,1004.4,43.3,7.6,7.6,150.9,49.5,6,77.8,MODERATE,0.74,1.65,CRITICAL
11.1,24.9,52.1,91.4,134.4,31.3,67.1,1013.5,20.9,19.5,2.1,587.5,71.5,4,57.1,MODERATE,0.79,1.31,CRITICAL
0.1,0.2,0.5,0.7,1.2,35.1,67.2,1008.1,24.4,7.4,4.0,234.5,43.8,4,35.1,LOW,0.25,0.0,LOW
18.3,41.1,74.5,122.3,204.4,24.7,77.4,999.5,40.7,6.6,3.6,145.6,96.7,5,113.5,HIGH,0.98,1.85,CRITICAL
4.0,9.1,18.2,25.8,41.1,34.1,64.6,1008.1,29.1,2.4,1.9,153.1,36.3,5,47.4,MODERATE,0.54,0.99,HIGH
3.3,7.8,14.9,22.8,32.8,30.1,64.7,1018.1,20.7,17.5,0.6,322.2,40.2,3,37.4,LOW,0.28,0.0,MODERATE
0.7,1.6,2.8,4.1,6.4,27.2,70.4,1004.7,46.1,4.9,0.4,151.8,41.5,8,66.4,MODERATE,0.51,1.11,HIGH
1.3,3.5,6.9,11.3,16.2,35.4,58.9,1018.3,41.8,2.2,2.3,393.6,39.3,5,30.2,LOW,0.28,0.0,MODERATE
3.5,7.4,14.7,28.0,49.0,29.5,79.9,982.7,58.2,4.0,2.6,1744.8,48.4,6,123.6,HIGH,0.45,1.02,HIGH
1.4,3.5,6.7,10.9,18.4,34.8,64.4,1012.0,31.8,8.8,6.4,31.0,32.2,6,58.0,MODERATE,0.4,0.55,MODERATE
4.1,9.6,18.5,35.2,54.4,32.8,63.8,1005.7,27.3,21.9,2.2,85.2,46.2,4,62.4,MODERATE,0.54,0.8,HIGH
11.9,25.5,50.5,90.5,161.4,35.5,67.4,1002.5,31.4,6.1,1.5,90.0,72.6,4,66.1,MODERATE,0.97,1.96,CRITICAL
7.9,16.9,29.9,51.0,80.2,32.2,63.8,1005.8,37.2,41.3,2.5,240.2,48.8,2,57.5,MODERATE,0.38,0.1,MODERATE
10.5,22.9,48.4,74.6,109.3,28.0,76.6,988.1,49.2,8.1,1.3,31.1,58.8,5,100.4,HIGH,0.95,1.87,CRITICAL
7.3,17.4,28.1,54.9,74.0,31.3,80.6,1003.1,34.0,9.2,0.6,261.7,50.7,6,87.7,MODERATE,0.82,1.61,CRITICAL
3.9,8.1,17.1,24.5,38.6,34.2,72.8,1008.0,27.2,6.4,0.7,1019.7,41.8,5,64.6,MODERATE,0.32,0.64,HIGH
15.0,39.6,68.9,124.9,216.2,30.4,68.1,1017.6,22.0,7.3,1.6,19.4,85.8,4,42.1,MODERATE,0.98,2.12,CRITICAL
5.9,14.0,22.3,39.5,68.5,28.5,65.9,1000.6,33.5,3.4,0.3,187.5,58.9,6,83.3,MODERATE,0.86,1.88,CRITICAL
2.7,7.2,13.7,22.9,36.6,29.0,74.3,998.1,42.3,8.3,1.2,558.7,40.5,5,93.1,HIGH,0.59,1.2,CRITICAL
1.9,3.6,6.4,9.8,14.7,24.8,65.4,1000.7,33.3,37.3,5.7,78.8,46.2,1,84.8,MODERATE,0.28,0.0,MODERATE
3.3,7.1,14.8,24.6,39.9,32.1,58.9,1012.8,20.0,23.0,1.2,45.7,43.6,3,23.6,LOW,0.29,0.0,MODERATE
3.7,7.1,12.8,24.7,41.5,26.3,61.7,1007.8,27.7,39.5,0.7,393.6,48.6,4,45.5,MODERATE,0.18,0.0,LOW
0.1,0.2,0.3,0.6,0.9,30.2,78.3,1000.5,34.1,4.0,10.7,18.8,37.6,5,72.9,MODERATE,0.41,0.88,HIGH
8.8,22.7,38.9,76.4,117.5,33.4,63.1,1009.4,40.5,12.9,3.7,630.0,62.8,6,85.9,MODERATE,0.83,1.74,CRITICAL
9.1,17.6,29.0,45.9,75.3,29.6,73.2,1005.8,27.0,6.7,0.5,41.3,54.1,4,65.2,MODERATE,0.82,1.58,CRITICAL
4.9,11.0,19.4,31.7,55.1,36.0,65.0,1013.2,20.5,25.0,0.5,297.4,47.6,3,55.1,MODERATE,0.43,0.4,MODERATE
0.8,1.6,3.0,4.2,7.2,26.2,84.8,999.0,39.9,65.3,3.6,527.1,38.8,1,98.9,HIGH,0.07,0.0,LOW
2.9,6.5,12.7,24.9,32.7,33.3,63.3,1002.2,35.5,32.4,3.0,120.3,43.3,3,59.0,MODERATE,0.29,0.0,MODERATE
24.9,64.1,122.1,195.1,265.8,31.9,77.5,1001.7,31.2,2.6,0.5,56.5,86.3,6,94.6,HIGH,0.98,2.18,CRITICAL
24.2,57.9,127.0,208.5,360.0,24.7,84.2,992.6,40.2,8.9,1.2,88.4,90.6,4,122.9,HIGH,0.98,2.11,CRITICAL
1.7,4.2,8.4,16.3,28.1,37.8,61.7,1007.5,60.2,2.5,9.6,748.0,44.4,7,71.0,MODERATE,0.33,0.55,MODERATE
1.2,2.6,5.6,9.6,14.3,30.8,71.8,1007.2,33.7,2.7,3.3,479.9,48.2,7,55.9,MODERATE,0.39,0.76,HIGH
4.2,11.2,17.8,30.9,49.3,28.5,70.2,1005.0,31.0,3.5,2.3,98.9,48.9,8,56.2,MODERATE,0.68,1.55,CRITICAL
3.2,7.9,12.2,18.4,32.3,26.9,69.0,1003.0,34.5,7.8,1.3,493.5,43.9,5,75.7,MODERATE,0.52,0.97,HIGH
11.8,26.3,45.2,76.8,134.8,28.5,74.0,993.0,42.2,8.5,0.8,483.6,74.2,6,81.6,MODERATE,0.93,1.67,CRITICAL
25.1,56.3,89.9,175.4,296.7,29.9,67.8,1001.4,34.4,11.2,2.1,2327.6,85.3,4,85.9,MODERATE,0.95,1.81,CRITICAL
4.4,11.5,21.5,37.2,52.3,30.5,81.1,1002.1,38.7,11.3,9.2,203.8,40.8,6,93.4,HIGH,0.64,1.26,CRITICAL
0.6,1.4,2.6,4.0,6.7,29.0,74.0,998.2,51.5,28.6,0.5,775.5,35.3,3,85.7,MODERATE,0.17,0.0,LOW
18.2,44.9,85.4,121.2,163.7,32.1,73.5,1003.6,30.4,4.7,16.8,239.7,85.4,5,72.9,MODERATE,0.94,1.98,CRITICAL
0.2,0.4,0.9,1.4,2.4,30.2,61.8,1008.4,38.6,5.1,1.1,881.6,41.8,5,34.7,LOW,0.14,0.0,LOW
2.7,5.7,12.5,21.7,29.8,28.0,51.9,1021.0,12.0,19.7,2.1,51.5,33.8,4,23.4,LOW,0.23,0.0,LOW
7.9,19.7,41.6,59.3,96.8,30.5,72.8,1006.5,27.8,17.3,0.5,88.2,64.9,5,62.3,MODERATE,0.82,1.55,CRITICAL
13.7,32.8,51.9,91.7,147.1,25.1,60.0,1007.2,25.5,5.0,3.4,735.8,64.5,6,43.6,MODERATE,0.81,1.82,CRITICAL
1.5,3.4,5.9,10.2,17.2,31.5,67.0,1004.4,29.2,36.4,2.6,665.1,42.0,1,70.6,MODERATE,0.13,0.0,LOW
0.5,1.2,2.1,3.9,6.2,26.0,81.7,988.7,64.0,9.2,4.1,153.5,38.7,6,117.7,HIGH,0.67,1.28,CRITICAL
4.7,9.7,15.7,22.3,29.6,31.1,69.3,1004.8,32.5,10.2,3.0,360.2,34.5,5,49.1,MODERATE,0.33,0.56,MODERATE
3.9,9.8,18.5,34.5,57.1,34.0,67.2,1005.5,27.5,11.8,2.1,198.3,55.7,4,87.2,MODERATE,0.77,1.55,CRITICAL
0.5,1.3,2.5,4.3,6.5,30.6,57.0,1022.0,35.7,9.0,5.0,18.9,45.5,5,11.7,LOW,0.21,0.0,LOW
25.3,66.1,109.7,178.0,259.9,33.1,73.3,1003.4,46.0,16.7,0.4,25.1,89.7,4,101.4,HIGH,0.98,1.9,CRITICAL
11.4,24.5,49.1,97.1,174.4,29.9,70.2,1007.6,36.0,10.9,3.0,36.2,83.7,5,88.0,MODERATE,0.98,1.98,CRITICAL
6.5,14.5,29.2,43.8,69.8,35.0,63.8,1004.7,49.4,7.4,0.7,357.6,61.6,5,73.9,MODERATE,0.78,1.71,CRITICAL
1.8,4.5,6.9,11.8,19.6,28.4,75.0,995.1,39.5,44.3,2.3,139.4,34.8,3,87.5,MODERATE,0.24,0.0,LOW
6.0,14.2,25.2,40.2,62.8,29.9,66.8,1014.7,31.9,8.6,5.8,74.1,46.8,5,26.6,LOW,0.48,0.83,HIGH
7.0,16.4,34.8,59.7,100.6,33.3,67.9,1011.4,30.2,23.6,0.8,1091.3,58.5,4,75.3,MODERATE,0.51,0.79,HIGH
1.8,4.7,8.8,15.3,25.6,30.5,56.3,1011.7,36.8,9.7,9.9,64.1,42.2,5,46.9,MODERATE,0.34,0.6,HIGH
25.4,59.1,103.1,149.9,244.1,27.5,76.4,997.3,48.0,12.3,8.0,440.9,90.2,5,86.7,MODERATE,0.98,1.9,CRITICAL
0.2,0.4,0.6,1.1,2.1,31.1,49.1,1016.9,18.6,6.8,2.2,868.4,32.8,5,32.0,LOW,0.11,0.0,LOW
3.4,6.6,11.0,19.7,30.1,28.9,78.2,993.1,51.5,27.1,0.3,83.0,41.8,2,96.0,HIGH,0.56,0.71,HIGH
0.4,0.9,1.4,2.5,4.2,34.7,74.0,1010.0,24.7,26.1,5.8,106.9,33.5,2,48.9,MODERATE,0.16,0.0,LOW
1.4,2.7,5.6,8.2,13.9,28.2,50.3,1022.0,13.2,2.4,7.7,339.1,36.4,5,2.0,LOW,0.13,0.0,LOW
8.7,23.0,35.9,56.6,84.3,29.6,71.0,996.6,36.9,3.1,1.0,284.9,54.3,5,85.6,MODERATE,0.87,1.58,CRITICAL
3.5,7.7,13.2,23.6,36.0,31.6,76.2,1000.2,54.2,48.0,9.0,294.7,41.1,0,92.0,HIGH,0.19,0.0,LOW
0.9,2.1,3.2,4.7,8.5,31.3,60.1,1005.8,29.3,41.5,8.9,322.4,27.3,3,41.2,MODERATE,0.05,0.0,LOW
0.3,0.8,1.7,3.0,4.0,33.4,68.8,1000.7,37.6,14.7,2.5,1152.6,35.0,4,68.1,MODERATE,0.11,0.0,LOW
2.2,5.2,7.9,11.4,16.7,28.7,82.0,991.8,44.8,14.2,5.9,36.0,29.8,4,139.3,HIGH,0.74,1.29,CRITICAL
3.6,8.7,14.9,23.9,36.9,30.3,64.9,1005.6,52.5,32.1,2.4,558.0,48.9,4,67.4,MODERATE,0.25,0.0,LOW
2.8,5.9,11.2,21.4,27.9,30.9,74.5,996.0,39.9,4.7,3.2,115.6,39.9,6,94.5,HIGH,0.71,1.39,CRITICAL
1.8,4.7,8.4,15.6,27.3,31.5,69.0,1009.0,35.3,21.1,1.6,192.8,41.9,3,41.9,MODERATE,0.28,0.0,MODERATE
20.6,42.0,71.3,127.3,183.7,28.6,76.8,997.2,50.9,13.6,0.9,50.5,83.7,5,82.8,MODERATE,0.98,1.84,CRITICAL
1.8,3.5,5.9,11.3,16.1,33.8,59.4,1018.2,18.5,26.5,5.1,239.2,38.2,5,40.2,MODERATE,0.15,0.0,LOW
11.5,23.7,48.7,88.9,152.1,28.1,72.1,998.3,38.0,2.6,0.3,634.7,83.1,5,96.3,HIGH,0.97,1.82,CRITICAL
0.3,0.6,1.4,2.3,3.3,28.8,72.6,1002.3,41.2,18.2,3.3,54.5,29.2,4,89.3,MODERATE,0.42,0.38,MODERATE
2.0,4.1,7.2,14.4,23.4,30.3,62.4,1011.9,39.8,16.6,7.3,137.5,33.3,4,42.0,MODERATE,0.23,0.0,LOW
7.1,17.3,26.4,47.9,82.0,32.6,79.1,994.5,49.3,35.1,1.2,192.4,58.1,3,111.8,HIGH,0.78,0.99,CRITICAL
1.2,2.4,3.7,6.5,11.1,22.9,64.5,1006.9,27.5,22.3,1.7,56.7,35.6,4,18.6,LOW,0.16,0.0,LOW
0.4,0.9,1.8,2.9,4.9,33.2,58.8,1016.1,33.6,40.2,3.4,561.0,38.2,2,35.7,LOW,0.05,0.0,LOW
21.8,43.0,81.1,157.5,211.8,28.9,74.4,991.3,45.3,41.3,1.3,602.6,93.6,1,117.7,HIGH,0.97,1.16,CRITICAL
17.5,35.3,72.3,114.0,152.7,26.7,67.1,1006.6,32.6,11.4,6.9,701.8,71.5,5,57.3,MODERATE,0.83,1.57,CRITICAL
0.4,1.0,2.0,2.8,4.1,31.8,62.7,1007.2,39.4,4.7,1.9,348.2,39.1,5,62.8,MODERATE,0.38,0.69,HIGH
1.5,4.0,8.5,12.8,16.9,32.8,57.7,1011.6,22.3,19.9,3.3,283.9,34.5,3,31.2,LOW,0.16,0.0,LOW
34.0,88.0,186.5,273.3,423.7,30.7,78.2,994.5,50.4,39.3,1.2,130.7,90.4,1,120.0,HIGH,0.98,1.29,CRITICAL
0.9,2.5,5.2,8.3,12.4,22.5,78.5,993.8,46.1,3.4,0.4,419.6,32.2,7,88.2,MODERATE,0.53,1.08,HIGH
6.2,14.9,27.3,51.8,81.8,34.7,68.9,1009.4,40.8,16.7,1.0,238.4,58.2,3,76.7,MODERATE,0.78,1.33,CRITICAL
19.9,48.5,83.2,149.0,216.0,29.2,64.4,1007.5,26.3,4.2,0.5,1357.5,89.9,6,58.5,MODERATE,0.94,1.89,CRITICAL
24.6,59.1,109.7,164.7,254.1,32.7,68.9,1007.1,29.6,2.5,2.5,1325.1,84.5,6,66.9,MODERATE,0.97,2.26,CRITICAL
4.0,9.6,17.8,33.3,48.9,32.9,68.9,1007.9,38.7,22.5,3.4,910.3,41.6,3,47.6,MODERATE,0.17,0.0,LOW
1.6,3.3,6.4,10.8,15.2,27.7,75.3,999.2,33.5,22.6,0.5,184.6,42.9,5,70.9,MODERATE,0.38,0.4,MODERATE
1.2,2.8,4.6,7.9,12.8,32.6,62.8,1007.0,26.3,18.5,0.6,189.4,36.3,4,49.7,MODERATE,0.28,0.0,MODERATE
13.4,29.6,58.0,93.8,153.4,30.1,67.3,1007.5,62.1,37.3,2.6,742.7,82.3,2,78.7,MODERATE,0.79,1.06,CRITICAL
22.4,50.6,92.1,176.7,302.9,24.7,75.2,998.9,36.2,3.5,5.9,511.3,87.3,5,84.0,MODERATE,0.98,2.14,CRITICAL
1.2,2.8,5.5,8.7,15.1,35.8,55.9,1020.9,40.9,4.0,3.8,478.1,45.7,5,25.6,LOW,0.23,0.0,LOW
5.1,10.3,17.1,25.0,41.3,29.3,54.9,1009.0,24.9,38.0,0.7,139.6,41.6,2,45.4,MODERATE,0.23,0.0,LOW
14.1,30.9,55.7,88.1,144.8,27.2,77.4,994.9,41.3,14.6,7.9,695.9,82.2,4,85.6,MODERATE,0.88,1.42,CRITICAL
7.4,14.5,23.9,43.7,58.1,30.4,75.1,1010.6,32.9,7.7,9.0,344.1,51.8,4,60.3,MODERATE,0.53,1.19,HIGH
16.5,44.2,93.3,167.4,226.8,30.2,73.3,996.7,44.4,26.1,1.7,240.0,92.0,3,94.2,HIGH,0.98,1.59,CRITICAL
4.4,8.8,16.3,24.6,42.0,31.5,59.6,1011.7,27.5,42.5,3.7,777.1,41.5,1,39.4,LOW,0.07,0.0,LOW
2.8,6.0,9.9,14.6,20.6,33.4,62.6,1014.8,23.4,23.1,2.7,205.5,44.3,4,27.5,LOW,0.19,0.0,LOW
2.6,6.7,10.3,18.5,27.3,26.4,75.6,998.0,49.4,30.3,10.3,418.2,46.3,2,82.0,MODERATE,0.23,0.0,LOW
6.9,15.7,31.0,55.9,76.7,29.9,68.0,1013.2,21.2,8.0,2.8,253.3,54.5,6,45.2,MODERATE,0.66,1.29,CRITICAL
2.9,5.7,9.5,15.4,21.5,30.9,59.4,1008.5,28.5,8.1,11.6,356.4,30.2,7,65.4,MODERATE,0.27,0.0,LOW
1.8,3.9,8.5,16.2,27.4,36.4,66.6,1012.0,21.6,37.9,1.1,30.7,37.0,1,42.1,MODERATE,0.19,0.0,LOW
2.8,5.6,10.5,20.9,29.8,32.6,58.6,1021.1,18.1,19.2,1.8,249.9,37.6,3,33.6,LOW,0.24,0.0,LOW
8.8,18.2,31.0,47.2,72.0,33.1,69.5,1002.9,31.8,6.8,5.6,324.0,57.0,6,84.9,MODERATE,0.78,1.42,CRITICAL
25.9,50.3,98.5,172.0,236.7,29.9,75.3,998.6,37.2,15.4,5.7,272.9,87.7,3,78.1,MODERATE,0.98,1.76,CRITICAL
1.9,4.2,7.1,10.0,16.4,28.4,79.7,997.4,40.2,22.8,4.9,729.4,37.3,3,81.6,MODERATE,0.2,0.0,LOW
10.5,26.7,55.3,101.2,168.3,29.1,78.4,998.1,34.7,6.4,7.2,156.6,78.5,5,105.9,HIGH,0.98,1.99,CRITICAL
1.7,4.0,6.8,11.3,16.7,30.2,63.3,1004.3,28.8,21.2,4.5,833.8,46.9,3,55.6,MODERATE,0.14,0.0,LOW
15.3,36.5,80.0,121.3,205.2,32.6,70.3,1007.9,33.7,2.8,3.8,211.3,90.2,7,65.8,MODERATE,0.98,2.11,CRITICAL
0.6,1.3,2.5,4.6,6.5,34.4,66.3,1007.4,29.5,8.5,2.4,465.6,37.8,4,59.6,MODERATE,0.29,0.0,MODERATE
4.7,10.3,21.5,40.6,66.8,32.5,63.3,1012.0,36.2,22.2,2.5,49.5,50.3,3,57.6,MODERATE,0.59,0.83,HIGH
10.7,27.6,42.8,62.8,104.5,33.7,68.8,1005.1,36.8,4.9,2.1,99.9,63.6,7,67.9,MODERATE,0.9,1.73,CRITICAL
1.0,2.1,3.6,5.1,9.1,30.0,57.9,1017.4,14.8,6.5,3.7,559.2,32.6,5,17.7,LOW,0.12,0.0,LOW
26.7,69.1,139.3,222.9,315.7,29.3,76.3,1002.8,37.4,40.0,2.1,19.7,91.7,1,66.1,MODERATE,0.98,1.37,CRITICAL
1.7,3.9,7.7,13.6,18.3,31.2,54.6,1022.0,10.8,22.2,0.9,1329.3,34.3,5,9.8,LOW,0.05,0.0,LOW
1.4,3.5,5.8,10.9,15.6,32.2,58.7,1010.3,34.1,14.4,0.7,95.4,43.0,4,35.5,LOW,0.32,0.4,MODERATE
0.1,0.1,0.3,0.4,0.6,28.8,72.4,997.7,73.0,6.3,9.3,895.0,31.5,6,73.6,MODERATE,0.15,0.0,LOW
3.6,7.7,13.0,22.8,31.6,31.3,76.7,995.9,42.8,9.5,0.4,290.7,48.4,6,84.2,MODERATE,0.65,1.38,CRITICAL
2.1,5.4,10.3,19.5,28.5,28.9,71.4,1009.1,32.4,17.4,0.7,330.9,52.4,4,50.0,MODERATE,0.37,0.29,MODERATE
17.7,44.7,77.9,133.7,201.5,30.5,73.0,1003.1,31.5,5.0,2.4,48.4,90.0,4,82.4,MODERATE,0.98,1.95,CRITICAL
13.4,28.0,48.1,84.9,148.8,33.2,59.4,1011.1,25.8,13.8,1.4,187.7,82.5,7,42.3,MODERATE,0.91,1.72,CRITICAL
0.6,1.5,2.5,4.2,5.9,26.1,77.7,1009.0,38.8,11.5,2.1,79.5,40.4,5,67.4,MODERATE,0.44,0.62,HIGH
4.6,9.1,16.3,31.4,56.0,35.9,70.3,1004.4,29.5,13.7,0.7,298.6,43.2,4,64.5,MODERATE,0.58,0.85,HIGH
8.3,16.3,26.6,41.0,69.9,29.0,80.6,997.8,37.2,4.0,0.8,319.1,54.8,5,104.0,HIGH,0.88,1.99,CRITICAL
1.1,2.6,5.6,8.8,15.2,23.9,78.0,992.1,45.3,4.0,5.9,485.0,41.7,7,87.0,MODERATE,0.47,0.85,HIGH
4.1,10.1,16.3,24.0,42.4,30.6,74.2,1001.2,41.2,61.9,5.3,815.3,49.6,0,96.9,HIGH,0.1,0.0,LOW
1.9,5.1,11.0,20.7,34.8,31.8,66.9,1012.3,23.7,71.9,0.7,255.0,45.5,1,55.2,MODERATE,0.07,0.0,LOW
5.6,12.4,22.4,36.8,62.4,30.7,73.2,1006.8,46.5,12.0,4.2,116.0,53.0,4,85.2,MODERATE,0.77,1.56,CRITICAL
12.4,23.8,42.0,67.5,102.6,31.7,82.2,994.4,39.0,30.0,3.6,169.2,63.2,3,102.3,HIGH,0.84,1.18,CRITICAL
8.6,20.5,34.1,67.8,105.5,32.8,71.7,1006.5,29.6,21.2,4.7,728.6,64.7,5,60.9,MODERATE,0.58,0.71,HIGH
0.8,1.7,3.3,6.4,11.4,31.9,64.3,1008.3,33.9,4.2,2.6,74.9,32.0,6,42.0,MODERATE,0.37,0.65,HIGH
14.9,33.5,66.4,131.7,196.2,30.8,71.6,997.5,37.1,8.3,1.4,390.0,87.8,5,107.3,HIGH,0.98,1.98,CRITICAL
7.6,17.3,31.6,47.0,62.0,30.6,69.1,1006.3,34.6,8.8,4.1,20.0,44.8,4,75.5,MODERATE,0.75,1.56,CRITICAL
16.4,32.1,49.4,95.6,160.7,35.2,72.8,1005.5,28.3,18.3,1.9,122.1,76.7,3,58.6,MODERATE,0.93,1.76,CRITICAL
6.0,13.6,29.2,46.7,74.1,25.7,75.1,995.3,37.8,17.6,1.2,355.1,52.4,4,98.5,HIGH,0.78,1.29,CRITICAL
15.1,33.7,73.8,103.8,177.3,31.4,71.4,1008.0,25.3,48.3,2.1,246.6,80.5,0,54.7,MODERATE,0.81,0.76,CRITICAL
13.0,32.1,57.7,94.4,126.3,31.5,72.0,1009.8,43.8,30.1,5.3,273.5,64.5,2,71.1,MODERATE,0.76,1.28,CRITICAL
1.6,3.9,7.5,12.8,20.6,34.0,56.6,1014.2,24.4,37.0,2.6,425.6,42.0,2,38.5,LOW,0.1,0.0,LOW
1.4,2.9,5.3,7.7,11.0,29.8,57.2,1014.0,31.0,41.9,1.5,116.6,36.4,1,48.7,MODERATE,0.12,0.0,LOW
29.0,60.0,103.5,178.3,312.2,24.7,77.1,993.3,42.6,31.1,6.5,140.3,87.9,4,112.7,HIGH,0.98,1.3,CRITICAL
12.4,26.0,40.4,76.5,103.6,30.0,76.4,997.0,42.7,9.3,7.8,453.3,56.5,4,89.3,MODERATE,0.82,1.57,CRITICAL
12.7,25.9,47.2,76.7,132.1,32.0,62.4,1009.4,28.4,6.4,2.3,308.7,69.8,6,52.0,MODERATE,0.89,1.7,CRITICAL
10.4,25.2,52.2,84.1,113.1,35.0,71.8,1009.4,46.2,17.3,1.9,20.6,71.8,3,78.8,MODERATE,0.91,1.57,CRITICAL
5.3,14.4,21.7,34.8,45.7,28.1,67.2,1009.4,33.9,23.1,3.6,436.7,53.4,3,63.3,MODERATE,0.38,0.28,MODERATE
0.1,0.3,0.5,1.0,1.5,35.9,55.2,1022.0,20.5,10.8,0.5,382.8,37.3,7,11.2,LOW,0.13,0.0,LOW
1.3,3.1,6.7,9.5,14.0,37.3,57.5,1009.9,22.8,35.9,4.4,46.1,37.4,2,13.8,LOW,0.08,0.0,LOW
7.9,17.5,29.0,48.3,78.0,31.1,54.3,1014.7,23.9,60.2,5.6,538.0,59.2,1,2.0,LOW,0.05,0.0,LOW
1.6,3.5,5.7,8.9,12.2,28.6,63.5,1013.1,24.1,17.2,2.1,295.6,35.0,3,39.8,LOW,0.2,0.0,LOW
0.3,0.8,1.6,3.0,4.6,30.4,53.5,1010.5,42.8,13.0,1.0,102.1,34.8,4,21.9,LOW,0.2,0.0,LOW
10.6,28.5,47.8,69.6,97.7,30.4,75.7,1002.3,32.5,35.3,0.4,326.4,58.1,3,72.6,MODERATE,0.63,0.63,HIGH
5.9,13.5,22.0,36.2,62.6,33.0,62.6,1011.5,23.3,2.4,3.8,358.9,56.8,5,39.6,LOW,0.59,1.06,HIGH
4.0,8.6,15.2,25.0,33.0,28.3,90.0,998.4,38.3,4.5,1.4,975.3,48.0,5,119.6,HIGH,0.64,1.38,CRITICAL
3.4,8.5,15.1,29.2,43.2,34.3,81.7,1003.0,31.7,35.6,2.5,530.0,46.7,1,78.0,MODERATE,0.28,0.0,MODERATE
5.1,10.3,21.7,33.1,53.5,27.3,70.9,1000.9,32.7,25.7,2.0,151.6,58.4,2,79.0,MODERATE,0.62,0.82,HIGH
0.1,0.4,0.7,1.2,2.2,26.4,67.4,1005.7,42.3,11.7,1.0,62.8,37.7,5,64.1,MODERATE,0.41,0.65,HIGH
2.8,7.1,12.8,18.9,32.7,35.8,60.0,1022.0,16.5,41.5,2.8,744.1,45.8,3,2.0,LOW,0.05,0.0,LOW
5.3,10.6,19.8,39.1,68.3,22.8,89.7,989.1,59.4,9.8,2.5,726.1,55.0,5,112.4,HIGH,0.77,1.51,CRITICAL
6.4,17.1,37.0,64.9,86.4,31.0,55.7,1010.8,35.6,20.1,3.7,88.2,52.5,4,26.8,LOW,0.52,0.61,HIGH
16.2,43.5,68.7,122.0,209.9,36.6,70.5,991.3,44.1,20.1,1.3,39.4,85.5,4,122.0,HIGH,0.98,1.79,CRITICAL
8.3,21.9,36.1,59.9,101.3,30.1,68.6,1001.0,37.8,5.7,1.1,487.8,62.6,6,51.6,MODERATE,0.78,1.57,CRITICAL
1.6,3.7,8.1,13.0,22.7,29.1,64.1,1014.3,18.6,8.0,6.2,502.2,41.0,5,29.1,LOW,0.19,0.0,LOW
5.1,10.8,23.4,35.7,52.0,30.6,70.6,1005.5,46.6,46.6,4.5,89.1,52.2,1,63.2,MODERATE,0.28,0.0,MODERATE
6.4,15.3,24.8,43.7,76.7,29.3,81.2,995.8,40.9,5.6,5.5,434.2,52.7,5,81.5,MODERATE,0.75,1.67,CRITICAL
3.2,7.3,11.6,22.9,34.4,30.3,67.4,998.9,37.6,5.4,0.8,139.3,44.8,5,71.7,MODERATE,0.67,1.27,CRITICAL
5.1,10.6,19.0,30.7,49.6,33.1,52.3,1010.8,24.4,13.8,1.2,129.7,49.1,4,32.0,LOW,0.46,0.87,HIGH
6.4,14.4,22.1,42.7,64.5,27.2,77.8,998.8,38.7,3.7,3.3,164.1,53.4,6,85.9,MODERATE,0.83,1.76,CRITICAL
9.7,23.6,46.2,68.8,104.1,35.2,62.9,1006.8,27.8,42.5,7.1,294.2,63.7,1,61.4,MODERATE,0.47,0.25,MODERATE
0.5,1.1,1.6,3.2,5.1,31.3,58.1,1005.4,30.7,3.9,8.1,635.1,29.4,5,48.9,MODERATE,0.16,0.0,LOW
1.3,2.9,4.5,7.2,10.7,31.7,73.7,999.5,45.9,19.3,6.5,277.4,26.6,4,81.4,MODERATE,0.27,0.0,LOW
6.1,11.7,21.5,35.0,59.4,31.4,59.0,1022.0,24.4,9.5,0.5,149.5,46.6,5,33.7,LOW,0.55,0.91,HIGH
4.3,10.7,23.2,38.9,63.0,34.6,63.6,1010.4,24.8,31.4,6.3,833.5,49.7,2,24.8,LOW,0.11,0.0,LOW
8.8,21.3,38.3,70.2,115.4,27.7,79.9,987.8,50.1,18.0,8.3,36.5,60.8,4,119.1,HIGH,0.93,1.72,CRITICAL
4.5,8.8,15.5,28.3,40.1,31.6,66.5,1006.6,42.3,10.8,0.5,621.1,45.7,4,46.0,MODERATE,0.34,0.38,MODERATE
2.0,5.5,12.0,20.3,36.2,27.6,71.1,999.4,33.6,76.3,2.2,598.0,50.4,1,64.0,MODERATE,0.05,0.0,LOW
3.9,7.5,14.0,24.0,39.2,29.2,56.0,1012.2,37.6,3.2,3.0,126.1,49.4,5,38.0,LOW,0.53,0.98,HIGH
0.8,1.8,3.2,4.5,6.3,31.5,70.3,998.3,36.3,17.5,1.2,99.0,39.1,4,77.2,MODERATE,0.43,0.45,MODERATE
6.5,16.4,29.0,45.8,76.8,29.4,71.9,1004.0,37.5,84.1,2.8,804.3,61.0,1,75.9,MODERATE,0.07,0.0,LOW
4.7,12.0,19.6,31.6,43.8,29.1,66.7,1009.3,30.0,23.1,7.9,326.0,42.4,4,40.2,MODERATE,0.22,0.0,LOW
10.8,20.8,38.7,67.2,89.5,30.1,63.5,1012.4,26.3,26.2,7.4,32.9,57.3,4,64.7,MODERATE,0.65,0.77,HIGH
7.1,18.6,33.5,58.2,91.0,31.0,71.7,994.8,53.5,2.6,10.1,856.7,63.1,8,85.6,MODERATE,0.71,1.71,CRITICAL
1.1,3.0,5.0,9.2,14.4,28.7,69.9,1002.2,31.2,2.4,2.6,178.1,36.6,6,55.5,MODERATE,0.45,0.9,HIGH
5.3,12.5,20.1,36.9,51.4,29.8,60.8,1001.0,34.9,2.7,2.2,174.1,47.0,6,46.3,MODERATE,0.62,1.38,CRITICAL
0.9,1.9,3.3,5.2,7.6,30.0,73.8,999.4,39.2,88.3,4.1,406.7,46.4,1,58.3,MODERATE,0.05,0.0,LOW
0.7,1.3,2.4,4.4,7.8,27.9,63.7,1020.0,25.4,72.0,2.2,426.4,37.6,2,8.4,LOW,0.05,0.0,LOW
0.1,0.3,0.5,0.7,1.0,27.5,58.4,1008.4,25.8,9.3,0.4,180.6,44.1,5,43.2,MODERATE,0.32,0.53,MODERATE
7.2,16.1,25.8,47.2,65.1,30.1,74.1,994.3,51.3,8.2,4.8,73.8,43.8,5,99.6,HIGH,0.83,1.66,CRITICAL
0.4,1.0,2.1,3.1,5.6,29.9,64.0,1012.8,23.5,4.8,1.5,320.4,33.4,6,26.7,LOW,0.22,0.0,LOW
1.3,2.9,5.4,9.9,14.3,35.6,61.3,1022.0,11.7,9.2,0.5,387.9,41.0,6,2.1,LOW,0.15,0.0,LOW
9.1,22.2,34.3,58.8,96.5,34.3,59.3,1013.8,29.8,10.3,0.4,762.7,62.0,6,37.5,LOW,0.57,1.12,HIGH
13.6,26.9,53.4,88.8,125.7,30.7,75.3,992.1,41.4,26.8,9.7,266.8,59.3,3,99.3,HIGH,0.83,1.26,CRITICAL
0.5,1.0,1.6,2.9,4.6,34.7,62.0,1000.9,37.4,38.2,1.3,409.3,35.1,3,62.7,MODERATE,0.12,0.0,LOW
0.8,1.6,3.3,4.6,6.9,31.9,60.5,1015.8,16.9,26.7,2.4,36.3,49.3,5,15.2,LOW,0.14,0.0,LOW
12.0,23.3,47.2,72.4,128.8,31.5,83.5,999.0,37.1,20.7,10.8,869.7,71.7,3,90.0,HIGH,0.73,1.14,HIGH
12.9,30.2,59.0,104.5,158.5,29.7,66.9,1008.8,30.9,28.1,2.5,165.6,81.6,3,78.1,MODERATE,0.93,1.49,CRITICAL
0.2,0.4,0.8,1.5,2.3,37.7,63.2,1011.6,27.1,26.1,0.6,395.1,32.4,4,24.9,LOW,0.09,0.0,LOW
16.5,39.3,61.4,100.0,177.3,34.6,76.4,997.1,39.6,13.6,3.1,956.5,85.0,4,94.1,HIGH,0.94,1.84,CRITICAL
5.8,13.6,27.3,42.4,76.2,30.6,68.9,1004.5,32.4,9.4,0.6,647.1,55.9,5,69.2,MODERATE,0.67,1.32,CRITICAL
12.2,29.9,47.7,81.6,110.2,28.0,85.9,978.0,57.1,8.0,0.6,400.8,70.9,4,126.9,HIGH,0.96,1.83,CRITICAL
33.5,72.7,126.4,224.1,384.9,32.9,79.6,996.3,41.2,22.5,7.0,477.1,95.4,4,118.5,HIGH,0.98,1.72,CRITICAL
10.7,23.4,50.5,83.5,124.5,30.0,71.4,1002.9,54.1,59.6,1.5,979.1,71.3,3,62.3,MODERATE,0.27,0.0,LOW
20.0,42.9,79.5,153.2,244.6,27.6,77.0,994.4,53.4,17.7,4.3,650.3,90.4,6,112.8,HIGH,0.98,1.92,CRITICAL
0.5,1.2,2.6,4.5,6.6,34.8,52.6,1018.9,14.5,45.9,2.8,372.7,28.4,1,13.2,LOW,0.05,0.0,LOW
9.9,20.0,31.3,44.5,66.7,29.2,84.7,992.8,40.1,2.3,1.2,423.5,44.8,6,86.4,MODERATE,0.78,1.79,CRITICAL
8.3,15.9,29.2,44.7,61.7,30.6,74.8,1001.3,52.9,30.5,2.9,75.5,52.4,3,89.9,MODERATE,0.65,0.72,HIGH
2.3,5.5,8.4,14.1,22.4,28.7,64.9,1006.1,32.2,36.6,0.6,256.4,45.5,1,42.8,MODERATE,0.16,0.0,LOW
2.9,7.7,15.0,27.3,43.0,28.1,63.8,1017.3,21.0,19.9,1.8,151.1,53.5,3,29.1,LOW,0.35,0.4,MODERATE
2.9,6.8,10.6,16.3,22.7,29.6,75.7,992.8,52.0,50.9,2.9,229.9,36.8,0,101.1,HIGH,0.23,0.0,LOW
0.4,1.0,1.7,3.4,5.3,34.3,56.7,1014.9,20.3,18.0,1.2,427.5,28.9,4,13.8,LOW,0.09,0.0,LOW
2.9,7.0,11.7,18.6,33.3,30.1,64.7,1005.1,32.6,7.0,4.1,76.4,48.8,6,49.3,MODERATE,0.52,0.93,HIGH
10.9,25.1,50.8,87.3,144.7,33.1,66.3,996.7,63.6,6.4,0.5,21.7,70.7,4,100.9,HIGH,0.98,1.87,CRITICAL
14.6,36.0,58.2,82.1,126.4,29.5,67.8,1008.9,32.3,16.6,2.6,207.2,61.9,5,37.5,LOW,0.77,1.4,CRITICAL
2.8,7.2,15.0,29.0,50.9,28.3,58.0,1006.7,27.0,44.7,4.7,162.8,46.5,3,61.7,MODERATE,0.24,0.0,LOW
7.7,16.0,25.5,47.8,75.8,29.8,66.4,999.9,33.7,3.4,2.3,222.3,53.3,7,52.3,MODERATE,0.74,1.52,CRITICAL
0.5,1.1,1.7,2.6,3.5,30.6,57.7,1005.6,28.6,18.7,7.6,1032.2,42.6,4,36.2,LOW,0.05,0.0,LOW
18.5,38.4,68.3,133.8,210.6,32.2,70.7,1001.7,42.4,28.4,3.8,481.6,94.3,3,84.8,MODERATE,0.97,1.56,CRITICAL
5.3,12.1,26.4,41.9,58.2,28.9,67.0,1006.0,29.2,4.2,11.4,165.7,47.3,7,64.6,MODERATE,0.6,1.24,CRITICAL
6.9,18.0,28.4,51.6,86.9,34.9,62.4,1010.6,21.8,4.2,1.5,90.1,65.9,6,48.2,MODERATE,0.83,1.83,CRITICAL
1.9,4.1,6.4,12.1,21.6,37.4,52.6,1018.5,36.7,10.2,10.1,381.2,41.6,4,21.6,LOW,0.15,0.0,LOW
2.8,6.1,12.4,22.9,34.0,29.1,71.0,994.5,39.6,7.8,3.6,422.2,49.6,6,76.7,MODERATE,0.55,1.01,HIGH
1.0,2.6,4.4,8.6,13.1,36.1,57.3,1022.0,10.1,6.0,5.1,266.1,45.2,5,30.0,LOW,0.26,0.0,LOW
39.0,90.3,180.8,346.8,524.0,25.8,79.0,988.4,46.5,6.0,8.4,105.9,88.7,4,141.1,HIGH,0.98,1.94,CRITICAL
0.7,1.6,2.7,5.4,7.8,33.2,71.1,1003.7,30.8,4.5,3.1,26.0,40.0,6,76.2,MODERATE,0.57,1.21,CRITICAL
4.9,12.7,23.2,35.0,59.4,34.0,60.1,1010.0,26.7,19.0,7.2,132.3,49.3,4,38.0,LOW,0.39,0.37,MODERATE
20.1,46.2,77.8,123.2,198.1,33.2,67.5,1007.4,45.2,23.0,3.0,247.2,94.1,3,44.2,MODERATE,0.95,1.59,CRITICAL
3.5,8.6,15.6,27.8,37.0,29.9,79.2,999.7,49.7,23.8,3.5,604.3,45.6,4,97.4,HIGH,0.42,0.42,MODERATE
15.7,30.9,63.1,116.1,199.6,23.1,72.9,1003.2,34.1,15.7,2.4,745.5,94.7,4,80.2,MODERATE,0.96,1.95,CRITICAL
21.4,43.8,89.0,153.1,213.4,28.5,69.8,1000.8,35.9,57.0,0.9,217.4,97.6,0,84.2,MODERATE,0.94,1.05,CRITICAL
12.1,26.9,50.0,72.2,129.2,28.4,73.8,1000.0,39.0,40.2,3.1,619.3,73.3,3,75.6,MODERATE,0.66,0.49,HIGH
1.1,2.5,5.3,10.1,15.0,29.2,61.6,1012.2,22.2,58.9,13.6,1920.2,38.7,1,31.6,LOW,0.05,0.0,LOW
2.3,6.3,10.5,20.8,33.5,31.4,66.1,1008.0,24.7,10.9,5.7,494.2,43.8,6,42.4,MODERATE,0.27,0.0,LOW
0.3,0.8,1.4,2.3,3.1,28.8,71.6,999.1,55.8,39.8,5.1,510.6,21.1,2,78.2,MODERATE,0.08,0.0,LOW
7.1,18.4,35.5,54.5,80.3,29.7,61.6,1012.6,21.2,27.9,3.9,928.1,53.5,3,26.7,LOW,0.17,0.0,LOW
11.5,24.9,48.1,67.9,115.5,28.4,67.5,1007.6,26.5,9.5,1.8,171.8,71.4,4,67.8,MODERATE,0.9,1.75,CRITICAL
3.5,9.4,14.4,22.2,34.2,29.8,58.1,1011.9,25.4,4.0,1.0,19.3,49.3,6,60.6,MODERATE,0.68,1.32,CRITICAL
1.8,4.3,8.3,15.1,26.4,34.2,59.2,1010.4,27.3,22.7,1.2,1664.6,38.6,4,31.6,LOW,0.05,0.0,LOW
0.6,1.4,2.5,4.9,7.7,28.1,67.2,998.0,34.7,4.6,0.3,271.2,37.9,7,50.0,MODERATE,0.38,0.73,HIGH
9.8,24.2,48.9,71.3,125.7,28.7,64.3,1000.2,33.5,8.3,4.2,600.3,68.6,4,68.7,MODERATE,0.85,1.73,CRITICAL
4.5,8.7,18.0,31.1,55.8,30.4,57.4,1011.4,24.7,14.5,6.1,651.1,53.8,4,39.8,LOW,0.29,0.0,MODERATE
12.6,25.3,47.8,86.8,132.6,32.2,65.2,1010.2,31.3,22.5,1.4,207.5,82.5,3,59.0,MODERATE,0.88,1.34,CRITICAL
8.0,20.4,30.6,48.0,75.9,31.8,64.2,1004.8,29.6,48.9,0.6,311.1,59.4,0,78.7,MODERATE,0.44,0.1,MODERATE
12.2,29.5,57.5,100.1,171.9,23.2,70.3,1006.0,30.8,18.2,1.7,310.0,78.9,3,76.9,MODERATE,0.95,1.78,CRITICAL
4.2,9.2,18.6,34.1,48.1,34.7,60.1,1015.9,22.8,22.0,1.5,109.5,47.8,3,8.8,LOW,0.26,0.0,LOW
6.8,15.6,26.0,49.6,85.8,33.6,62.7,1000.0,50.1,8.7,2.4,62.6,65.6,5,55.9,MODERATE,0.82,1.73,CRITICAL
3.2,8.5,15.4,25.8,41.1,28.7,68.1,1009.7,25.8,22.9,1.4,313.0,39.3,4,54.7,MODERATE,0.34,0.3,MODERATE
18.9,45.5,99.0,183.0,304.3,28.0,73.9,1003.3,30.3,12.4,1.8,63.6,86.9,6,75.4,MODERATE,0.98,1.91,CRITICAL
6.9,15.3,26.2,41.4,55.5,29.3,65.0,1003.1,34.7,37.0,8.6,176.4,53.8,1,81.1,MODERATE,0.39,0.17,MODERATE
2.0,4.0,6.6,10.1,17.0,30.1,63.2,1014.3,28.8,11.0,1.7,93.2,46.2,5,25.1,LOW,0.31,0.47,MODERATE
0.3,0.7,1.1,1.7,2.4,32.2,58.7,1012.0,21.1,13.4,5.7,481.4,38.7,8,43.8,MODERATE,0.15,0.0,LOW
1.5,4.1,7.8,12.7,21.5,26.8,63.5,1011.9,24.7,12.2,3.7,796.2,37.9,4,31.8,LOW,0.13,0.0,LOW
1.4,3.2,6.9,9.9,15.3,29.4,53.4,1016.1,16.2,32.0,1.7,342.8,41.9,3,22.6,LOW,0.1,0.0,LOW
1.7,3.8,7.3,11.4,16.4,34.6,59.4,1005.2,27.5,57.3,6.3,215.6,41.6,1,37.7,LOW,0.05,0.0,LOW
1.1,2.6,4.4,7.8,13.9,29.2,62.0,1010.8,26.7,9.1,3.5,2179.7,40.6,4,46.7,MODERATE,0.05,0.0,LOW
5.7,14.9,29.0,51.8,87.2,33.4,70.0,1002.4,32.9,13.6,0.3,23.1,58.5,5,81.4,MODERATE,0.87,1.72,CRITICAL
1.0,2.4,4.7,6.8,12.2,31.9,64.3,1007.8,39.5,24.0,0.5,152.9,38.6,4,54.4,MODERATE,0.27,0.0,LOW
9.9,24.3,46.5,73.1,108.4,26.0,63.5,1003.9,35.9,42.6,5.2,139.1,60.3,2,86.5,MODERATE,0.68,0.59,HIGH
4.1,9.0,14.6,25.3,41.2,32.4,65.9,1005.8,31.4,14.3,2.4,182.3,58.7,6,47.4,MODERATE,0.5,0.9,HIGH
4.5,8.7,16.9,26.9,43.1,31.1,65.8,1010.1,26.4,4.1,2.1,114.6,47.7,6,48.3,MODERATE,0.6,1.1,HIGH
1.5,3.9,7.0,11.5,18.9,28.6,73.8,998.0,40.0,10.3,0.9,131.6,43.0,4,88.2,MODERATE,0.63,1.28,CRITICAL
0.4,1.1,1.7,3.1,4.1,33.6,55.9,1022.0,10.3,16.4,0.9,128.2,35.0,3,2.0,LOW,0.12,0.0,LOW
4.8,12.9,24.2,34.0,49.2,30.7,72.0,996.4,54.0,11.7,5.9,282.8,52.8,5,87.0,MODERATE,0.66,1.31,CRITICAL
18.9,50.2,110.1,172.4,302.5,31.0,82.6,994.7,89.0,5.7,6.5,203.5,83.5,4,131.4,HIGH,0.98,2.21,CRITICAL
3.4,8.7,15.3,22.7,34.3,35.0,54.8,1014.8,18.9,2.7,3.2,402.5,35.7,6,36.9,LOW,0.35,0.8,HIGH
1.2,3.0,6.6,9.7,17.3,32.6,65.6,1011.7,21.5,22.9,1.5,289.5,39.6,4,54.3,MODERATE,0.25,0.0,LOW
5.8,14.9,23.3,46.0,64.8,28.0,70.2,1010.3,23.2,90.6,9.7,92.0,63.1,0,41.9,MODERATE,0.05,0.0,LOW
1.5,3.6,7.2,11.7,21.1,30.2,66.7,1010.3,30.6,47.3,3.7,646.2,46.8,1,50.4,MODERATE,0.07,0.0,LOW
29.6,59.5,93.9,161.2,265.8,38.0,67.6,1004.9,36.2,22.7,5.9,257.8,86.0,6,62.6,MODERATE,0.98,1.67,CRITICAL
27.3,60.4,102.2,188.2,317.7,31.5,71.9,997.4,50.3,35.2,0.3,78.2,92.6,3,91.5,HIGH,0.98,1.52,CRITICAL
6.2,16.7,31.7,45.3,67.8,36.7,73.2,1005.6,37.9,7.3,2.4,84.4,50.5,6,66.2,MODERATE,0.76,1.48,CRITICAL
9.0,19.7,37.8,58.3,102.3,33.4,66.0,999.2,38.1,19.5,7.5,620.9,65.3,4,86.8,MODERATE,0.71,1.08,HIGH
4.9,12.8,26.2,49.7,78.2,32.4,57.1,1013.3,26.5,3.1,1.7,476.3,59.0,5,40.7,MODERATE,0.65,1.34,CRITICAL
8.8,17.4,33.5,64.3,105.4,31.3,67.5,1003.8,38.0,24.1,4.8,283.4,68.6,4,66.6,MODERATE,0.74,1.2,CRITICAL
12.5,27.0,51.8,84.1,113.3,29.6,80.3,998.0,40.3,65.0,4.1,153.9,58.3,2,98.2,HIGH,0.54,0.1,HIGH
25.8,56.3,120.3,195.5,315.9,26.0,72.6,1002.3,35.3,37.5,0.9,249.5,83.7,2,92.8,HIGH,0.98,1.32,CRITICAL
4.3,8.3,15.1,28.0,48.7,31.2,60.9,1008.5,32.1,15.8,5.5,399.5,48.0,3,50.8,MODERATE,0.37,0.68,HIGH
8.3,16.5,27.4,43.3,60.1,33.1,70.8,1000.2,38.8,30.0,0.7,818.4,46.4,2,68.5,MODERATE,0.29,0.0,MODERATE
16.4,33.8,54.5,80.1,133.7,28.2,71.0,998.0,42.8,53.9,4.9,323.4,66.2,1,75.1,MODERATE,0.59,0.1,HIGH
6.0,15.5,27.6,43.0,56.4,32.0,63.3,1007.1,32.9,6.4,16.8,138.1,51.9,6,51.4,MODERATE,0.46,0.98,HIGH
9.2,17.9,35.9,58.6,103.2,33.1,71.8,1007.1,35.4,30.4,11.4,31.6,58.8,2,54.6,MODERATE,0.57,0.65,HIGH
1.9,4.0,6.2,8.8,15.8,27.8,65.1,1000.7,40.0,7.7,5.9,88.3,50.6,4,72.3,MODERATE,0.54,1.02,HIGH
4.5,8.5,13.6,22.9,33.9,29.0,79.8,1001.0,37.3,39.7,3.0,414.1,41.6,3,98.1,HIGH,0.31,0.1,MODERATE
1.1,2.7,4.2,7.8,10.6,28.4,71.1,1007.0,34.5,3.9,4.2,81.5,36.6,7,64.8,MODERATE,0.48,0.96,HIGH
8.5,20.4,38.9,66.5,108.4,26.9,83.8,992.7,44.7,5.5,4.9,264.6,66.3,4,82.6,MODERATE,0.9,2.04,CRITICAL
6.4,15.5,25.9,37.4,49.2,25.8,75.7,993.0,41.8,25.0,0.3,471.2,41.0,4,85.5,MODERATE,0.47,0.58,MODERATE
51.6,113.5,183.5,305.3,470.6,27.6,72.6,998.9,33.6,5.5,0.7,155.0,92.5,6,112.1,HIGH,0.98,2.07,CRITICAL
5.8,12.0,23.0,42.0,60.3,34.0,62.8,1003.2,35.8,5.1,3.5,435.3,53.3,4,42.6,MODERATE,0.53,1.04,HIGH
8.4,20.7,42.1,60.4,92.9,28.8,63.8,1007.6,31.8,16.6,0.3,345.6,58.8,4,55.4,MODERATE,0.71,1.4,CRITICAL
1.2,3.0,5.2,7.5,9.8,32.7,61.0,1017.5,43.2,34.4,8.7,234.6,39.1,5,38.3,LOW,0.08,0.0,LOW
9.7,19.5,37.1,60.2,79.9,30.4,69.2,1012.3,23.5,7.6,2.7,879.7,59.1,4,66.5,MODERATE,0.6,1.27,CRITICAL
6.0,13.7,21.6,32.7,42.8,33.4,64.1,1003.6,32.8,35.1,1.3,462.6,53.9,3,81.8,MODERATE,0.37,0.14,MODERATE
7.8,16.4,35.3,69.2,111.4,33.9,66.8,1004.8,29.4,31.7,2.1,184.9,78.1,3,46.3,MODERATE,0.7,1.01,HIGH
3.4,6.8,11.9,20.8,32.8,31.7,74.5,996.5,36.7,17.6,7.0,634.8,38.7,4,80.0,MODERATE,0.3,0.0,MODERATE
4.5,11.1,24.4,38.4,54.4,31.4,61.7,1004.8,39.4,20.7,9.5,524.1,43.5,5,55.4,MODERATE,0.26,0.0,LOW
8.2,19.2,42.0,76.5,124.2,29.8,73.4,1002.5,32.2,2.7,0.7,611.1,69.7,6,64.4,MODERATE,0.88,1.92,CRITICAL
4.6,9.6,19.6,31.9,55.6,28.1,62.7,1007.7,32.1,10.2,5.6,404.2,39.9,5,51.2,MODERATE,0.42,0.93,HIGH
22.4,48.1,72.9,107.8,155.1,34.6,73.1,998.0,43.9,7.5,3.3,196.3,80.9,4,93.2,HIGH,0.97,2.0,CRITICAL
11.1,29.8,55.9,86.3,148.1,29.4,62.8,1009.4,28.0,4.9,3.4,177.9,76.3,7,60.4,MODERATE,0.95,2.12,CRITICAL
5.6,14.3,22.4,40.0,65.2,34.1,54.2,1018.0,30.8,10.9,5.6,418.5,54.8,6,41.5,MODERATE,0.47,0.94,HIGH
7.8,20.4,43.4,62.2,81.9,33.2,69.2,1004.1,33.0,9.9,1.2,68.3,56.0,5,68.4,MODERATE,0.83,1.68,CRITICAL
19.4,44.0,90.3,141.2,210.1,29.8,64.7,1008.4,26.6,25.5,3.0,666.4,91.3,3,55.4,MODERATE,0.93,1.7,CRITICAL
7.9,19.0,41.5,63.2,98.3,34.1,62.0,1010.9,39.5,18.4,1.6,190.8,64.4,4,37.2,LOW,0.68,0.91,HIGH
2.3,5.1,9.8,15.0,24.9,32.1,67.6,1001.6,46.7,46.0,0.6,393.2,42.8,0,92.7,HIGH,0.24,0.0,LOW
3.6,7.0,13.1,23.8,34.3,35.3,68.6,1006.9,26.9,4.8,0.7,277.7,37.7,7,65.7,MODERATE,0.57,1.33,CRITICAL
2.3,5.0,9.3,17.6,31.6,29.5,76.7,1005.1,27.5,3.1,0.8,293.4,44.6,6,70.3,MODERATE,0.62,1.24,CRITICAL
0.0,0.1,0.1,0.2,0.4,27.6,68.6,1005.8,27.3,15.8,3.6,524.0,44.4,4,52.3,MODERATE,0.18,0.0,LOW
2.1,4.4,8.1,14.5,21.5,28.5,78.7,998.4,36.8,2.0,0.7,389.4,42.1,7,100.8,HIGH,0.7,1.67,CRITICAL
0.0,0.1,0.1,0.2,0.3,31.2,61.4,1005.2,55.9,29.9,3.3,124.5,35.8,2,54.9,MODERATE,0.17,0.0,LOW
7.0,14.1,30.3,43.5,60.6,31.4,65.9,1009.2,29.6,14.7,3.4,44.3,59.5,6,31.0,LOW,0.53,1.04,HIGH
0.9,1.9,3.6,5.4,8.3,31.4,53.2,1017.3,18.5,14.1,8.5,711.9,33.6,4,20.6,LOW,0.06,0.0,LOW
1.0,2.0,4.2,6.9,10.6,27.0,54.7,1013.2,36.6,10.1,3.7,836.5,42.4,5,16.7,LOW,0.09,0.0,LOW
1.3,2.9,6.0,9.8,16.5,34.2,51.3,1022.0,14.8,10.5,15.1,83.3,36.9,5,10.0,LOW,0.11,0.0,LOW
18.1,35.0,65.3,107.8,179.2,34.7,79.7,998.5,37.1,12.2,0.4,155.7,89.7,4,109.3,HIGH,0.98,2.06,CRITICAL
18.8,39.9,69.5,106.0,148.4,32.9,67.4,1012.4,42.5,2.3,4.6,141.1,79.8,6,40.3,MODERATE,0.93,1.97,CRITICAL
6.7,14.8,28.8,42.9,68.6,32.4,68.5,1006.6,40.9,3.6,0.4,1068.3,51.8,8,51.5,MODERATE,0.44,0.8,HIGH
0.6,1.3,2.3,3.9,5.1,34.4,47.3,1022.0,24.8,14.7,4.9,102.1,35.1,4,15.6,LOW,0.14,0.0,LOW
3.3,7.7,11.9,23.4,35.1,30.7,73.0,998.1,40.2,4.9,2.0,84.2,49.5,6,72.4,MODERATE,0.7,1.4,CRITICAL
2.4,5.1,9.0,14.7,24.7,32.0,75.7,997.9,47.2,29.2,3.6,91.3,32.5,3,87.8,MODERATE,0.39,0.21,MODERATE
2.1,4.9,10.7,15.2,22.8,31.0,73.5,999.9,34.2,7.8,1.6,512.4,39.1,5,78.1,MODERATE,0.46,0.79,HIGH
6.0,13.9,21.3,38.8,66.7,27.4,73.7,986.9,52.7,3.9,0.9,847.0,56.4,7,114.7,HIGH,0.81,1.82,CRITICAL
36.3,78.2,155.4,244.8,437.6,28.1,67.6,1000.5,65.0,6.8,4.8,204.9,88.5,4,93.3,HIGH,0.98,2.16,CRITICAL
0.0,0.0,0.0,0.1,0.1,29.2,73.3,998.5,36.7,10.0,8.5,70.6,35.7,5,43.7,MODERATE,0.23,0.0,LOW
1.5,3.5,6.9,11.0,15.0,31.6,70.2,1006.3,38.7,2.6,1.0,349.9,28.9,6,64.6,MODERATE,0.43,0.83,HIGH
0.8,1.7,3.3,6.0,9.0,30.3,55.2,1007.9,29.8,4.7,9.2,104.5,33.2,6,20.0,LOW,0.19,0.0,LOW
1.4,3.8,7.5,14.2,18.5,33.6,55.0,1020.9,11.4,9.0,0.8,40.2,43.5,7,22.8,LOW,0.34,0.36,MODERATE
1.8,4.6,8.3,14.6,23.4,32.9,62.8,1013.1,30.6,8.7,5.0,841.0,37.7,4,38.3,LOW,0.15,0.0,LOW
5.7,15.2,23.8,38.0,65.0,32.1,76.7,1000.1,33.9,31.0,11.5,792.8,46.4,3,76.0,MODERATE,0.22,0.0,LOW
1.6,4.0,8.7,13.7,22.2,32.8,78.1,997.4,43.2,35.4,0.9,1430.9,46.4,1,92.7,HIGH,0.1,0.0,LOW
3.1,6.7,12.1,17.9,30.3,31.4,68.1,1009.2,23.8,5.9,2.3,259.1,45.9,4,28.6,LOW,0.36,0.54,MODERATE
1.1,2.3,4.5,8.9,15.1,25.9,73.4,993.8,62.3,4.4,1.7,147.3,33.7,6,88.7,MODERATE,0.62,1.22,CRITICAL
0.7,1.7,3.1,5.6,9.6,31.9,46.6,1020.6,14.2,20.1,2.0,573.1,38.3,4,9.3,LOW,0.07,0.0,LOW
0.3,0.8,1.3,1.8,2.6,32.2,58.6,1015.0,19.2,31.4,5.2,90.6,30.4,6,29.5,LOW,0.09,0.0,LOW
14.2,34.2,74.0,133.0,230.9,25.5,76.7,1001.0,32.6,61.7,4.1,120.9,89.2,0,78.3,MODERATE,0.93,0.99,CRITICAL
11.0,28.6,58.8,98.0,159.5,32.2,87.1,990.4,65.6,2.1,12.4,127.2,79.7,6,114.8,HIGH,0.98,1.98,CRITICAL
4.4,9.6,15.4,30.6,44.2,32.6,62.9,1016.5,25.6,11.6,1.0,1165.9,43.1,4,51.8,MODERATE,0.21,0.0,LOW
4.1,9.1,19.9,37.6,67.5,31.5,71.4,1004.0,39.2,25.8,3.0,512.3,57.3,3,78.0,MODERATE,0.53,0.51,HIGH
1.7,4.4,8.9,13.4,23.7,35.5,62.1,1015.5,22.2,33.7,2.4,69.5,46.0,2,23.3,LOW,0.15,0.0,LOW
1.1,2.9,5.2,9.6,15.2,27.3,76.5,991.4,46.4,3.2,9.1,52.0,40.5,8,109.7,HIGH,0.7,1.41,CRITICAL
6.3,16.9,32.5,55.0,94.7,31.4,71.9,999.9,33.5,22.5,0.3,718.1,63.1,3,84.6,MODERATE,0.7,1.08,HIGH
6.0,15.1,23.8,36.0,51.5,30.4,76.8,1005.0,33.9,8.1,16.1,630.9,41.9,5,77.1,MODERATE,0.35,0.59,MODERATE
3.7,8.3,15.7,28.6,43.1,30.3,63.5,1005.4,29.2,3.4,2.6,437.4,53.7,8,59.8,MODERATE,0.58,1.22,CRITICAL
12.9,30.1,46.7,80.7,112.3,28.2,79.6,1001.2,61.5,14.1,3.7,97.9,65.4,6,80.4,MODERATE,0.9,1.68,CRITICAL
8.4,21.9,41.2,58.5,91.2,35.6,62.7,1010.3,34.7,5.1,1.9,263.7,55.4,5,68.8,MODERATE,0.83,1.63,CRITICAL
15.5,36.3,68.5,122.5,189.6,28.5,82.4,995.9,40.9,26.0,7.0,365.8,87.9,3,113.2,HIGH,0.97,1.62,CRITICAL
0.9,2.0,4.1,7.3,10.3,32.3,62.5,1003.8,29.9,26.3,3.2,1037.3,41.6,4,56.1,MODERATE,0.08,0.0,LOW
6.8,15.3,30.7,45.6,74.6,26.1,70.6,1006.0,38.6,35.2,4.1,85.5,58.1,2,67.7,MODERATE,0.54,0.57,HIGH
0.4,0.9,1.5,2.4,3.3,34.2,61.4,1009.4,24.0,10.5,4.0,290.3,30.5,5,39.3,LOW,0.19,0.0,LOW
4.1,8.1,17.1,29.9,39.8,34.1,56.6,1011.0,22.9,2.2,1.9,80.2,49.7,5,28.2,LOW,0.52,1.0,HIGH
5.0,12.4,23.6,35.0,52.2,29.6,77.2,995.4,39.1,7.4,0.6,238.0,49.0,6,95.0,HIGH,0.8,1.85,CRITICAL
1.7,3.5,6.7,12.7,19.2,28.3,83.9,992.0,47.2,13.4,6.1,99.9,42.8,4,91.0,HIGH,0.55,1.11,HIGH
4.5,10.0,16.2,23.0,33.5,33.2,55.7,1015.9,28.7,23.3,1.5,702.4,40.2,3,30.0,LOW,0.13,0.0,LOW
4.3,10.8,22.8,33.3,47.6,36.8,58.8,1007.8,27.5,10.7,6.9,126.7,53.3,5,46.2,MODERATE,0.49,0.83,HIGH
3.9,8.9,19.2,28.2,41.4,25.4,73.1,998.6,34.6,15.8,3.6,220.1,47.3,4,81.1,MODERATE,0.58,0.88,HIGH
0.1,0.2,0.4,0.6,0.8,34.4,57.6,1018.2,18.9,15.4,1.8,214.1,41.2,5,31.1,LOW,0.19,0.0,LOW
5.4,11.7,25.2,44.6,67.0,28.5,70.5,1006.0,37.4,5.2,3.5,779.6,45.8,4,67.9,MODERATE,0.54,1.19,HIGH
10.7,28.6,49.0,80.4,140.9,32.0,65.3,1015.0,19.1,19.6,3.9,553.8,66.7,4,51.3,MODERATE,0.76,1.3,CRITICAL
6.0,12.3,25.9,40.7,57.5,30.1,67.8,1005.6,28.8,12.4,4.6,37.5,49.6,5,35.4,LOW,0.51,0.66,HIGH
9.2,17.7,32.6,61.4,100.9,31.9,64.3,1022.0,33.5,31.7,6.3,41.4,70.1,2,36.1,LOW,0.56,0.5,HIGH
0.3,0.7,1.1,1.6,2.2,32.7,57.8,1019.9,36.8,23.1,0.9,319.4,45.4,4,23.5,LOW,0.13,0.0,LOW
6.1,15.2,29.9,46.9,69.3,27.6,68.5,1002.9,66.8,4.1,10.4,227.1,49.6,8,80.9,MODERATE,0.73,1.46,CRITICAL
4.0,8.3,16.4,23.4,34.2,34.4,53.9,1013.3,32.1,14.1,2.2,137.5,44.7,4,25.0,LOW,0.32,0.29,MODERATE
3.5,9.4,15.9,22.4,39.6,26.9,62.8,1010.5,23.4,23.8,7.2,612.8,46.7,5,56.6,MODERATE,0.21,0.0,LOW
0.2,0.5,0.8,1.3,2.0,33.6,57.6,1016.6,17.4,3.6,1.2,67.3,39.1,5,25.1,LOW,0.3,0.0,MODERATE
9.2,24.5,40.2,60.9,100.2,28.7,79.8,996.8,39.1,30.3,0.4,1402.7,67.0,2,84.2,MODERATE,0.42,0.26,MODERATE
4.9,11.3,20.2,31.5,50.4,28.5,66.2,1010.8,24.5,6.5,3.3,24.3,43.3,4,39.7,LOW,0.56,1.06,HIGH
3.4,7.8,12.6,23.8,32.7,32.4,55.5,1014.0,43.3,14.6,1.7,62.8,44.3,7,45.7,MODERATE,0.44,0.71,HIGH
17.4,39.4,64.4,96.4,170.7,24.8,81.3,990.1,55.1,52.8,14.9,156.7,71.9,1,115.0,HIGH,0.84,0.85,CRITICAL
16.1,34.8,61.8,115.5,170.1,29.4,79.9,994.9,48.0,17.2,0.7,285.4,85.8,4,102.5,HIGH,0.98,1.85,CRITICAL
15.5,36.0,78.3,141.3,186.8,24.8,90.0,987.7,46.8,11.9,0.5,107.5,84.7,4,122.7,HIGH,0.98,2.01,CRITICAL
2.0,4.6,9.4,15.0,21.8,31.5,74.8,1002.7,48.9,2.1,0.5,521.4,35.0,6,86.1,MODERATE,0.55,1.15,HIGH
2.8,5.4,9.3,16.0,23.5,29.2,67.5,1011.1,35.2,4.6,1.2,183.1,43.1,5,54.3,MODERATE,0.51,0.88,HIGH
3.6,7.7,16.6,27.6,37.2,31.3,58.7,1017.8,15.8,17.6,3.3,29.9,43.4,3,9.0,LOW,0.24,0.0,LOW
21.3,44.1,86.0,127.1,204.6,31.5,70.0,1005.6,43.1,14.3,2.8,813.6,96.3,4,64.5,MODERATE,0.95,1.72,CRITICAL
0.3,0.7,1.2,2.4,3.5,30.6,63.8,1018.8,15.8,10.1,1.8,1109.4,31.5,5,24.2,LOW,0.06,0.0,LOW
7.4,17.7,32.3,56.3,90.9,28.9,71.2,993.3,40.1,48.2,0.6,381.2,71.1,0,80.7,MODERATE,0.55,0.3,HIGH
4.3,10.9,19.4,37.4,48.7,24.9,78.3,990.5,50.8,9.3,1.2,639.2,52.7,4,75.0,MODERATE,0.56,0.91,HIGH
1.6,4.3,7.1,13.5,24.1,32.2,65.0,1004.5,36.4,15.9,1.0,64.1,48.1,3,48.3,MODERATE,0.43,0.7,HIGH
4.2,10.2,18.1,26.3,36.4,35.5,67.8,1008.3,24.8,17.1,5.1,134.0,39.9,4,48.9,MODERATE,0.36,0.32,MODERATE
7.5,20.1,37.5,57.2,93.2,37.6,74.9,1004.7,30.7,15.5,5.6,164.5,69.6,3,65.8,MODERATE,0.79,1.4,CRITICAL
0.1,0.3,0.5,0.7,1.2,28.5,79.5,987.4,84.8,13.7,5.6,1245.4,29.3,5,122.6,HIGH,0.21,0.0,LOW
7.5,15.3,31.1,59.0,81.8,32.5,57.2,1004.2,37.2,9.4,12.5,287.8,56.4,5,27.1,LOW,0.43,0.87,HIGH
17.6,39.2,68.7,131.7,178.6,24.7,75.3,993.9,49.2,45.1,7.8,17.8,90.6,4,92.4,HIGH,0.93,1.2,CRITICAL
19.0,43.3,86.8,149.0,205.0,35.2,68.6,1010.7,23.5,12.8,2.7,196.8,92.5,6,69.6,MODERATE,0.98,1.82,CRITICAL
1.2,3.2,6.2,9.0,12.8,33.0,68.7,1008.1,24.9,15.5,2.2,18.0,32.3,3,43.0,MODERATE,0.29,0.0,MODERATE
9.0,21.1,45.9,68.1,94.2,28.4,77.0,997.0,38.2,21.2,9.0,118.2,66.6,3,73.9,MODERATE,0.75,1.36,CRITICAL
4.5,9.6,17.0,32.0,52.4,33.2,70.6,1000.6,34.1,3.3,3.6,245.4,51.1,6,62.4,MODERATE,0.67,1.56,CRITICAL
3.6,8.9,19.0,37.3,56.3,28.8,69.3,996.0,38.7,29.4,1.5,163.5,48.4,3,83.7,MODERATE,0.57,0.53,HIGH
6.2,14.3,29.7,45.2,70.9,29.5,71.5,1004.5,29.6,14.9,3.2,27.6,46.8,6,62.3,MODERATE,0.69,1.35,CRITICAL
4.9,10.0,19.5,27.4,36.3,33.0,57.9,1013.1,25.9,21.3,17.3,62.0,47.2,5,25.6,LOW,0.15,0.0,LOW
0.3,0.6,1.3,2.0,3.5,26.9,86.1,996.6,39.1,28.6,6.9,319.2,35.1,2,97.1,HIGH,0.25,0.0,LOW
20.3,53.5,83.4,118.3,163.9,33.8,68.0,1009.3,36.7,39.3,1.5,467.0,80.8,3,73.9,MODERATE,0.85,1.07,CRITICAL
13.0,33.6,72.7,137.9,204.1,27.4,69.2,1000.5,33.6,11.0,11.0,212.0,82.1,4,62.5,MODERATE,0.96,1.84,CRITICAL
12.0,28.4,44.7,75.7,101.1,27.1,70.8,998.3,39.3,32.0,14.3,514.6,60.7,2,84.1,MODERATE,0.5,0.33,HIGH
10.1,22.2,42.0,74.9,102.5,28.3,68.8,1004.1,28.4,7.4,1.2,82.8,65.6,4,50.0,MODERATE,0.86,1.78,CRITICAL
4.8,9.4,16.2,26.7,43.6,31.4,74.3,996.2,41.6,21.4,8.2,64.5,56.4,4,98.1,HIGH,0.65,0.98,HIGH
13.2,30.0,54.0,86.7,142.8,28.5,77.9,1000.3,32.7,4.0,7.8,710.1,73.2,7,99.9,HIGH,0.93,2.01,CRITICAL
5.1,12.9,24.8,38.0,62.3,25.9,77.6,994.8,68.2,2.4,0.4,172.4,59.4,5,95.4,HIGH,0.89,1.96,CRITICAL
2.1,4.5,9.6,17.9,28.3,31.4,51.6,1021.7,22.8,3.8,4.2,230.1,46.7,5,23.3,LOW,0.34,0.92,HIGH
1.6,3.4,6.2,11.3,20.1,30.6,77.7,1005.3,32.5,8.9,1.6,1135.4,41.7,5,58.1,MODERATE,0.18,0.0,LOW
3.1,8.2,17.9,28.9,44.9,26.9,73.5,999.1,34.2,2.6,4.2,224.7,42.3,5,74.1,MODERATE,0.67,1.48,CRITICAL
5.5,14.1,27.0,43.0,65.5,28.1,70.9,1006.8,32.7,19.9,8.9,16.3,48.2,3,54.5,MODERATE,0.51,0.51,HIGH
2.5,6.1,9.9,13.8,19.7,35.8,66.2,1004.0,39.7,8.9,2.7,1071.5,43.5,4,60.6,MODERATE,0.19,0.0,LOW
4.3,8.6,14.1,20.3,27.4,28.3,71.8,1003.1,31.0,26.0,2.2,20.4,39.9,2,67.1,MODERATE,0.4,0.52,MODERATE
3.6,7.2,14.4,25.6,40.3,30.6,65.9,1010.2,28.8,2.8,9.2,427.5,43.0,5,47.1,MODERATE,0.37,0.71,HIGH
5.6,11.0,17.0,29.0,42.2,30.6,54.0,1011.4,34.3,6.4,13.1,163.2,45.7,4,35.0,LOW,0.33,0.82,HIGH
7.5,18.1,33.2,55.1,86.1,29.0,82.2,1000.5,43.7,11.4,0.5,256.5,57.8,5,89.8,MODERATE,0.86,1.72,CRITICAL
4.4,8.7,13.9,26.4,37.0,31.6,78.9,1000.1,45.4,10.7,9.3,316.1,49.7,6,97.9,HIGH,0.6,1.14,HIGH
2.1,5.3,9.6,16.3,28.1,32.7,68.4,1002.7,46.7,4.5,0.6,214.5,40.2,5,43.1,MODERATE,0.46,0.82,HIGH
6.6,17.9,36.2,59.0,106.2,27.2,78.6,985.4,69.6,94.5,1.7,580.8,68.2,0,141.1,HIGH,0.35,0.1,MODERATE
8.4,18.5,33.6,50.3,73.5,25.8,80.5,992.1,44.7,8.0,5.3,1029.4,57.4,6,97.1,HIGH,0.63,1.14,HIGH
3.9,8.8,14.3,27.0,46.5,35.5,59.7,1016.6,22.2,25.0,5.6,49.3,39.4,3,27.7,LOW,0.25,0.0,LOW
0.3,0.7,1.2,2.1,3.7,32.4,59.2,1019.0,25.6,6.5,4.8,627.1,37.5,5,38.2,LOW,0.16,0.0,LOW
1.9,5.1,9.0,13.1,23.6,34.7,71.2,1002.9,39.1,39.8,0.4,67.3,28.1,3,74.6,MODERATE,0.25,0.0,LOW
2.7,6.9,10.8,19.2,28.3,25.7,67.2,1009.9,65.6,10.8,0.8,46.8,38.3,5,66.3,MODERATE,0.56,1.07,HIGH
3.2,6.3,11.9,19.8,33.2,31.5,73.7,1007.6,24.8,43.6,9.9,1200.5,46.4,2,72.7,MODERATE,0.05,0.0,LOW
0.7,1.4,2.7,5.2,7.3,37.8,57.8,1022.0,13.5,9.5,0.6,270.3,37.0,4,10.4,LOW,0.17,0.0,LOW
4.0,10.1,15.6,30.4,49.1,31.1,55.7,1014.5,20.3,2.2,0.6,77.9,39.7,6,39.1,LOW,0.6,1.34,CRITICAL
3.3,8.1,14.4,25.3,41.9,30.0,76.2,1003.9,30.9,15.1,6.6,335.7,40.9,5,54.0,MODERATE,0.34,0.41,MODERATE
7.7,15.5,27.8,51.1,85.4,30.3,83.2,996.9,37.7,15.4,3.9,131.1,45.5,3,97.8,HIGH,0.83,1.44,CRITICAL
14.1,32.4,56.2,80.6,113.1,27.4,95.1,991.3,51.2,4.3,1.8,252.2,59.4,6,130.8,HIGH,0.97,1.88,CRITICAL
1.4,3.5,6.6,11.4,19.6,30.1,61.5,1006.7,26.3,6.8,0.9,387.4,43.3,5,60.4,MODERATE,0.43,0.79,HIGH
11.8,24.4,42.5,78.7,118.9,29.0,74.9,998.6,44.8,29.5,7.8,788.2,64.9,4,95.3,HIGH,0.67,0.75,HIGH
7.2,18.8,33.7,57.2,80.6,27.5,67.7,992.9,49.2,2.7,15.9,16.2,58.0,5,91.1,HIGH,0.83,1.79,CRITICAL
5.5,10.6,21.8,38.3,60.2,33.0,75.7,999.5,35.3,14.1,0.5,106.6,51.6,7,74.5,MODERATE,0.74,1.33,CRITICAL
15.8,39.9,64.4,124.8,216.1,30.6,73.1,995.8,39.1,15.6,3.1,53.5,90.2,5,89.5,MODERATE,0.98,1.8,CRITICAL
1.0,2.4,4.6,7.0,12.4,33.3,66.7,1019.3,20.6,23.0,1.4,53.8,43.5,4,24.4,LOW,0.2,0.0,LOW
7.5,16.2,30.1,43.8,73.4,33.7,58.7,1012.5,31.2,2.7,6.6,1122.6,54.2,7,24.4,LOW,0.25,0.0,LOW
4.4,10.8,18.6,33.7,43.9,30.0,60.1,1004.9,44.2,17.9,1.8,1060.1,51.6,4,77.2,MODERATE,0.31,0.14,MODERATE
1.9,4.8,9.6,18.2,24.9,30.5,56.2,1017.6,29.8,2.1,4.7,540.7,29.4,7,36.3,LOW,0.24,0.0,LOW
10.0,26.5,49.9,95.3,127.5,29.3,58.1,1005.7,53.5,7.5,3.0,406.5,75.6,5,64.3,MODERATE,0.9,1.76,CRITICAL
17.1,37.5,68.7,122.6,165.6,29.7,78.1,997.7,41.8,14.5,3.0,730.8,74.1,5,105.0,HIGH,0.95,1.81,CRITICAL
0.8,2.0,4.0,7.6,11.3,29.8,47.9,1017.9,33.3,45.6,7.1,37.9,32.7,0,24.5,LOW,0.05,0.0,LOW
7.3,17.5,36.0,65.6,96.4,30.1,65.0,1009.6,35.9,4.4,2.5,63.4,58.0,7,41.2,MODERATE,0.81,1.74,CRITICAL
4.5,10.6,23.0,33.4,45.3,28.2,65.1,996.2,54.4,5.3,6.8,159.9,52.9,4,86.8,MODERATE,0.73,1.4,CRITICAL
5.6,14.7,28.5,52.9,92.1,35.8,68.2,1003.4,29.1,21.9,1.9,694.0,55.9,6,79.1,MODERATE,0.63,0.85,HIGH
0.7,1.3,2.8,4.2,6.8,22.7,82.7,997.6,62.0,10.5,1.0,257.9,33.6,6,85.3,MODERATE,0.47,0.89,HIGH
1.1,2.2,3.4,5.2,8.8,28.6,79.7,993.2,44.5,19.6,2.4,281.1,32.6,4,74.4,MODERATE,0.3,0.0,MODERATE
5.8,13.6,25.4,41.6,61.8,36.1,57.9,1012.9,32.1,109.5,2.7,114.0,53.3,2,24.0,LOW,0.05,0.0,LOW
0.1,0.1,0.2,0.4,0.6,33.2,55.5,1021.2,11.9,80.0,2.6,412.2,38.9,2,9.2,LOW,0.05,0.0,LOW
2.0,5.3,8.4,13.3,19.4,30.9,78.1,993.1,43.6,9.9,6.1,846.4,48.9,6,77.6,MODERATE,0.29,0.0,MODERATE
8.9,21.4,40.1,60.2,91.4,31.6,67.1,1009.8,25.0,14.6,3.2,166.9,72.1,6,50.8,MODERATE,0.76,1.27,CRITICAL
0.0,0.0,0.0,0.1,0.1,28.3,66.1,999.5,35.8,44.3,8.0,381.9,38.3,2,57.4,MODERATE,0.06,0.0,LOW
2.9,7.4,13.3,18.8,29.0,24.5,74.8,1000.9,32.7,3.7,2.8,168.3,44.8,8,73.2,MODERATE,0.63,1.29,CRITICAL
5.4,12.2,23.9,40.3,69.3,30.5,59.0,1000.0,45.6,12.8,1.2,613.0,48.0,5,58.4,MODERATE,0.52,0.8,HIGH
8.0,18.7,34.4,64.1,112.2,27.7,71.2,997.7,35.0,10.5,0.8,259.8,75.4,6,79.3,MODERATE,0.92,1.88,CRITICAL
9.4,17.8,32.1,61.6,94.5,28.7,65.8,1005.4,30.0,8.3,7.4,172.6,62.1,4,66.5,MODERATE,0.8,1.49,CRITICAL
6.9,15.2,25.9,49.0,69.6,28.5,77.3,997.9,36.1,94.7,0.5,222.0,52.7,1,73.0,MODERATE,0.08,0.0,LOW
4.3,8.6,15.3,25.2,44.7,35.4,66.8,1007.3,32.1,25.8,0.7,51.4,49.2,2,57.9,MODERATE,0.48,0.52,MODERATE
7.4,18.0,31.5,57.9,96.5,36.6,61.8,1004.6,30.2,10.9,0.5,779.1,58.4,4,46.7,MODERATE,0.59,1.01,HIGH
4.6,10.5,20.4,32.1,52.0,30.9,65.2,1003.0,31.9,33.8,2.2,1220.3,37.6,3,60.8,MODERATE,0.1,0.0,LOW
9.1,19.4,30.7,44.0,73.6,28.5,75.7,997.3,40.6,14.1,3.0,261.6,58.1,5,85.8,MODERATE,0.78,1.44,CRITICAL
19.3,43.8,68.5,123.8,165.6,27.1,72.0,1000.1,40.9,39.1,0.4,110.1,87.2,2,91.2,HIGH,0.94,1.36,CRITICAL
2.1,4.3,8.4,15.1,20.2,32.7,60.5,1011.4,21.9,7.6,2.8,430.2,43.3,4,38.8,LOW,0.28,0.0,MODERATE
2.4,6.3,11.8,22.3,30.7,35.7,62.7,1009.3,24.6,6.6,2.1,243.8,43.4,5,58.9,MODERATE,0.51,1.04,HIGH
0.0,0.1,0.1,0.2,0.3,28.9,78.6,996.7,38.2,7.1,5.5,125.5,35.2,4,82.9,MODERATE,0.46,0.82,HIGH
5.8,14.9,24.0,35.8,54.1,24.8,65.3,1005.8,55.6,15.9,6.5,29.9,50.7,4,57.2,MODERATE,0.55,0.9,HIGH
0.1,0.3,0.6,1.1,1.5,33.2,63.0,1011.4,24.9,8.2,4.3,852.7,36.1,4,49.8,MODERATE,0.13,0.0,LOW
9.6,23.0,47.2,83.9,145.0,31.2,90.7,990.8,49.2,4.9,2.5,620.4,74.6,5,120.6,HIGH,0.97,2.17,CRITICAL
6.4,13.7,29.1,54.8,87.1,27.3,57.7,1009.6,24.9,96.1,1.2,686.1,59.1,0,51.7,MODERATE,0.05,0.0,LOW
5.7,15.2,30.2,56.3,83.6,30.4,63.7,999.4,38.5,43.5,6.9,235.2,65.8,1,67.8,MODERATE,0.44,0.26,MODERATE
1.8,3.9,6.0,9.5,12.7,32.5,68.6,1009.9,23.0,20.1,1.8,546.8,40.8,4,31.9,LOW,0.13,0.0,LOW
13.0,30.9,60.9,88.0,140.4,29.6,70.3,998.5,34.3,42.0,1.8,345.8,74.1,1,108.4,HIGH,0.88,1.11,CRITICAL
3.7,10.0,16.8,25.2,34.3,26.6,79.1,989.7,48.1,51.3,9.0,193.5,47.7,2,95.0,HIGH,0.22,0.0,LOW
14.4,37.6,64.6,94.1,157.3,31.3,75.6,991.2,45.6,22.3,13.3,717.9,81.5,4,91.1,HIGH,0.84,1.23,CRITICAL
6.1,14.1,23.1,35.7,60.8,29.7,66.9,1005.4,28.1,15.2,8.3,2500.0,56.5,4,67.2,MODERATE,0.05,0.0,LOW
1.4,3.8,7.7,12.9,20.2,27.3,74.8,1007.2,34.4,40.5,22.5,887.3,36.8,2,50.3,MODERATE,0.05,0.0,LOW
24.0,59.2,115.6,224.7,309.0,24.5,78.6,997.3,74.8,17.1,7.4,583.8,87.6,4,109.2,HIGH,0.98,1.81,CRITICAL
1.3,2.6,5.1,9.8,16.6,34.6,68.5,1010.4,25.9,4.4,4.6,538.0,35.5,6,48.4,MODERATE,0.26,0.0,LOW
47.7,106.1,208.7,382.2,555.7,30.3,72.7,990.9,49.7,10.2,1.5,414.2,93.8,5,126.0,HIGH,0.98,1.81,CRITICAL
0.0,0.1,0.2,0.2,0.3,30.8,63.2,1004.4,54.3,12.6,11.0,745.2,38.7,7,55.1,MODERATE,0.1,0.0,LOW
2.4,5.2,9.4,15.2,23.3,28.2,62.5,994.7,52.2,51.3,7.6,273.2,35.0,2,95.6,HIGH,0.15,0.0,LOW
1.8,4.5,8.7,15.8,27.7,28.6,68.9,999.5,38.0,21.4,1.3,91.2,44.6,4,68.9,MODERATE,0.47,0.75,HIGH
0.1,0.3,0.5,0.7,1.0,28.0,73.0,1005.4,37.7,39.5,2.7,570.3,42.1,1,51.9,MODERATE,0.07,0.0,LOW
12.9,25.0,51.3,96.5,169.2,28.6,76.9,997.7,36.0,27.5,0.6,972.4,80.4,2,99.6,HIGH,0.9,1.39,CRITICAL
9.2,23.8,40.5,79.0,104.8,24.9,70.0,1001.7,36.5,8.7,11.0,173.7,65.4,5,65.2,MODERATE,0.8,1.55,CRITICAL
6.0,12.8,26.2,42.2,56.6,30.0,61.6,1013.6,21.3,24.8,3.3,595.6,54.2,3,35.6,LOW,0.24,0.0,LOW
2.3,6.3,11.4,20.8,34.4,29.2,69.0,1000.1,33.8,5.9,1.3,136.5,37.8,7,57.8,MODERATE,0.55,1.18,HIGH
2.7,7.1,13.9,20.8,29.0,33.2,63.9,1012.1,24.6,11.4,1.5,1100.9,43.7,5,43.2,MODERATE,0.15,0.0,LOW
11.7,30.9,56.3,102.1,148.9,29.3,80.0,995.4,38.3,31.5,14.1,452.1,82.3,3,98.1,HIGH,0.84,1.11,CRITICAL
2.2,5.6,12.1,17.1,23.4,33.3,56.9,1009.5,32.4,19.0,3.6,335.1,38.5,4,39.5,LOW,0.21,0.0,LOW
3.4,7.0,11.4,17.0,24.9,35.7,60.3,1017.3,19.7,33.4,2.2,590.1,46.0,4,28.5,LOW,0.09,0.0,LOW
15.0,35.0,69.0,125.9,181.4,30.5,89.9,984.0,54.9,7.3,2.7,652.6,85.0,4,143.2,HIGH,0.98,2.04,CRITICAL
1.1,2.2,4.2,7.7,12.9,30.9,71.8,998.2,35.6,26.9,0.7,862.0,35.2,3,82.2,MODERATE,0.17,0.0,LOW
8.7,18.4,29.8,53.1,87.7,31.4,68.1,1009.9,23.6,6.1,0.6,894.3,58.6,5,39.8,LOW,0.53,1.08,HIGH
12.7,30.3,46.8,79.0,140.4,28.0,84.0,1003.3,36.2,16.2,3.4,35.6,71.0,5,79.2,MODERATE,0.94,1.53,CRITICAL
6.0,11.6,23.9,43.1,71.6,33.0,65.5,1008.2,57.8,12.2,2.8,64.8,50.2,5,71.6,MODERATE,0.76,1.28,CRITICAL
1.5,4.0,6.5,12.1,20.0,34.2,74.6,999.9,33.4,16.6,1.9,679.6,39.2,3,64.4,MODERATE,0.24,0.0,LOW
1.8,4.8,7.9,15.6,25.8,31.6,64.2,1005.7,29.3,4.6,3.2,1124.5,42.4,6,58.4,MODERATE,0.21,0.0,LOW
3.7,8.2,17.9,34.6,60.2,35.3,70.5,1003.7,45.0,10.1,0.6,154.7,50.7,4,78.2,MODERATE,0.77,1.48,CRITICAL
1.2,2.9,5.7,10.8,15.6,28.2,62.9,1014.9,17.8,21.8,10.4,18.3,38.0,5,11.6,LOW,0.11,0.0,LOW
1.6,3.7,6.1,11.2,16.2,28.1,67.8,1007.2,41.9,16.7,1.5,163.1,40.6,3,52.0,MODERATE,0.33,0.21,MODERATE
8.0,20.9,40.0,69.7,116.4,33.2,61.1,1007.9,30.4,16.3,0.6,198.4,69.7,3,61.4,MODERATE,0.86,1.4,CRITICAL
8.4,20.5,38.4,56.5,79.9,30.9,72.3,1001.5,35.2,14.9,1.0,558.9,51.2,4,73.2,MODERATE,0.65,0.92,HIGH
8.0,16.9,35.4,53.1,93.2,33.4,79.1,1000.9,34.6,53.8,0.7,33.5,59.4,0,76.6,MODERATE,0.55,0.1,HIGH
2.2,4.9,9.9,18.7,29.3,30.1,73.7,1001.3,34.0,51.1,1.0,105.8,33.2,1,80.8,MODERATE,0.21,0.0,LOW
16.3,36.5,76.1,143.2,207.7,29.0,70.7,1008.4,26.9,10.0,2.2,867.7,89.2,6,78.0,MODERATE,0.97,1.91,CRITICAL
1.7,4.4,7.3,12.9,21.8,29.7,70.2,1001.4,48.3,9.8,5.0,78.9,41.8,4,63.2,MODERATE,0.47,0.74,HIGH
10.5,21.4,41.8,69.4,101.1,27.2,70.3,1007.5,35.2,16.6,1.4,556.1,65.7,5,84.3,MODERATE,0.8,1.24,CRITICAL
3.9,7.7,11.8,16.7,29.8,30.2,56.4,1022.0,18.9,3.8,2.3,185.4,44.0,5,2.0,LOW,0.27,0.0,LOW
4.4,11.4,17.7,28.3,50.6,34.1,57.9,1012.4,32.6,8.5,9.5,427.9,51.7,4,19.9,LOW,0.26,0.0,LOW
39.8,104.3,208.5,344.5,562.7,32.5,72.3,1002.2,32.6,6.7,1.5,44.2,90.3,5,96.8,HIGH,0.98,2.07,CRITICAL
2.5,6.5,9.8,16.6,22.6,33.0,55.4,1015.2,24.6,6.6,5.8,143.3,37.8,6,22.7,LOW,0.26,0.0,LOW
1.8,4.2,8.0,15.7,22.5,25.9,68.1,1001.5,35.9,20.3,0.9,225.1,35.6,4,61.8,MODERATE,0.34,0.31,MODERATE
3.0,7.2,15.0,22.0,34.3,27.4,83.2,987.7,57.3,10.7,1.0,754.6,43.1,6,105.1,HIGH,0.56,0.84,HIGH
3.9,9.3,16.4,28.0,48.4,26.5,76.8,996.4,39.1,5.4,2.4,330.0,44.5,4,76.7,MODERATE,0.66,1.27,CRITICAL
0.1,0.2,0.2,0.4,0.5,31.5,75.2,989.1,51.9,41.3,1.2,32.6,34.6,2,94.3,HIGH,0.26,0.0,LOW
10.1,23.9,47.9,95.5,129.1,28.8,76.2,1002.0,47.6,39.3,8.5,630.1,68.0,2,75.8,MODERATE,0.57,0.4,HIGH
2.3,4.3,9.4,17.9,24.0,28.0,71.3,1005.2,31.3,37.7,0.5,36.3,43.7,1,69.1,MODERATE,0.31,0.1,MODERATE
2.1,4.5,8.9,14.8,23.1,32.7,53.7,1019.2,13.4,10.9,3.5,1050.0,41.6,5,14.3,LOW,0.08,0.0,LOW
2.0,5.3,10.0,20.0,34.9,29.5,58.6,1007.8,30.4,3.1,3.5,105.4,46.8,6,41.2,MODERATE,0.52,1.04,HIGH
4.8,10.3,17.1,29.1,38.5,34.1,69.3,1003.1,32.7,4.0,0.5,269.3,47.8,5,64.0,MODERATE,0.63,1.28,CRITICAL
13.3,35.4,53.5,80.2,112.8,29.8,60.7,1012.0,29.1,7.8,4.9,43.5,65.1,4,62.1,MODERATE,0.89,2.02,CRITICAL
3.7,7.8,15.6,27.0,44.4,24.6,84.0,986.2,70.7,6.5,2.5,328.5,46.6,5,113.2,HIGH,0.8,1.72,CRITICAL
7.4,15.9,26.4,40.6,69.5,25.6,65.1,1007.0,30.7,39.3,4.8,276.3,56.6,4,40.2,MODERATE,0.26,0.0,LOW
3.8,9.2,19.4,34.5,58.8,31.5,53.3,1011.6,25.7,79.3,6.4,215.7,63.4,1,20.3,LOW,0.05,0.0,LOW
2.7,6.8,12.4,24.3,41.2,27.6,76.6,992.4,48.7,32.5,1.7,28.8,41.4,2,91.2,HIGH,0.53,0.53,HIGH
2.2,5.0,9.4,17.7,24.1,28.4,59.3,1014.7,18.3,25.6,2.6,817.3,41.8,4,34.7,LOW,0.09,0.0,LOW
2.8,7.2,14.5,22.7,34.1,34.0,69.4,1007.9,26.8,18.0,1.4,631.6,38.4,4,64.6,MODERATE,0.3,0.0,MODERATE
11.0,21.2,43.3,68.3,122.4,31.9,67.8,1001.5,51.1,28.4,1.1,395.9,68.6,2,95.4,HIGH,0.86,1.28,CRITICAL
6.3,16.6,32.3,46.6,83.6,31.3,72.6,1010.4,30.8,54.9,0.3,337.7,54.6,0,66.3,MODERATE,0.32,0.1,MODERATE
0.6,1.2,2.6,4.1,6.5,36.4,45.4,1022.0,10.1,18.6,11.9,466.2,36.2,3,2.0,LOW,0.05,0.0,LOW
11.3,29.4,64.3,93.5,154.7,32.5,73.8,1006.5,27.6,5.0,2.3,74.1,78.3,4,66.3,MODERATE,0.97,2.02,CRITICAL
1.6,3.5,7.6,12.9,22.8,28.9,65.7,1007.1,34.4,5.2,0.3,1040.2,38.8,8,26.7,LOW,0.14,0.0,LOW
12.5,32.1,66.8,121.9,185.8,27.6,75.9,1001.1,42.9,17.8,0.3,142.3,77.2,4,82.0,MODERATE,0.98,1.67,CRITICAL
18.8,45.9,91.6,169.4,231.9,31.7,74.7,997.8,49.4,9.3,1.5,421.0,97.1,5,89.6,MODERATE,0.98,2.11,CRITICAL
11.4,23.2,45.5,65.3,106.8,32.6,68.6,1012.1,22.9,45.4,0.3,369.7,68.6,1,22.8,LOW,0.34,0.1,MODERATE
13.8,36.3,57.0,91.5,162.9,30.1,72.4,997.7,56.2,19.0,1.9,399.7,79.1,3,118.6,HIGH,0.97,1.6,CRITICAL
2.9,6.2,10.4,16.4,27.0,28.6,62.5,1005.6,33.2,22.3,0.5,817.4,38.0,5,48.1,MODERATE,0.15,0.0,LOW
38.1,79.8,120.0,175.5,298.6,31.6,78.9,1000.9,41.1,2.1,0.4,148.3,90.4,5,79.7,MODERATE,0.98,2.07,CRITICAL
2.5,6.4,10.3,16.6,25.2,29.3,64.7,1009.1,30.5,14.4,4.2,540.2,43.7,5,44.9,MODERATE,0.23,0.0,LOW
6.1,12.2,22.0,34.7,46.8,30.8,67.4,1007.8,25.5,12.2,8.6,361.7,51.7,5,73.2,MODERATE,0.5,0.83,HIGH
0.9,1.8,2.8,5.1,7.0,35.5,67.7,1013.8,44.8,24.0,2.1,45.1,41.2,5,68.6,MODERATE,0.34,0.32,MODERATE
29.1,67.0,142.7,275.4,493.4,28.4,66.8,1000.7,32.9,10.7,6.6,218.2,95.3,5,87.2,MODERATE,0.98,1.9,CRITICAL
9.9,25.4,52.5,87.8,135.8,26.4,73.3,1002.7,32.1,69.6,0.4,706.5,63.6,1,75.9,MODERATE,0.35,0.1,MODERATE
12.8,25.9,40.2,74.2,97.0,26.9,72.2,996.7,49.3,22.0,5.6,159.0,60.1,5,103.9,HIGH,0.85,1.51,CRITICAL
0.5,1.3,2.1,3.2,5.6,32.7,70.9,1001.2,39.0,21.4,0.5,265.2,41.5,5,66.6,MODERATE,0.3,0.0,MODERATE
8.3,20.5,42.5,82.3,127.5,31.8,66.3,1008.2,38.7,47.3,6.7,269.9,65.5,1,64.1,MODERATE,0.56,0.22,HIGH
4.8,12.4,25.6,38.3,65.7,31.2,55.9,1011.4,26.6,98.1,7.8,380.7,59.2,2,46.3,MODERATE,0.05,0.0,LOW
9.8,26.1,56.4,85.4,134.4,28.3,70.9,997.2,39.2,6.0,5.7,833.6,81.0,5,71.2,MODERATE,0.86,1.81,CRITICAL
1.9,4.8,10.5,15.3,20.7,32.9,69.4,1012.4,40.2,31.9,6.3,87.4,46.6,2,67.9,MODERATE,0.27,0.0,LOW
2.4,5.9,12.8,20.3,32.7,30.1,63.8,1016.5,15.9,5.2,3.2,281.9,47.3,4,19.4,LOW,0.32,0.48,MODERATE
0.6,1.5,2.6,4.5,8.1,31.9,65.4,1008.5,39.3,13.0,1.4,224.8,35.0,4,43.1,MODERATE,0.26,0.0,LOW
0.9,1.9,3.2,6.3,8.3,31.0,57.0,1021.0,13.2,3.9,3.9,148.3,38.7,7,14.6,LOW,0.23,0.0,LOW
2.5,6.1,12.4,23.2,39.9,27.5,72.3,998.4,49.2,19.6,2.3,972.9,39.3,4,90.6,HIGH,0.31,0.24,MODERATE
5.0,13.5,23.2,37.7,53.5,27.6,83.7,994.4,39.4,13.4,0.3,18.1,45.8,5,105.4,HIGH,0.84,1.45,CRITICAL
2.1,5.3,10.8,18.9,28.3,27.7,79.5,989.9,49.8,19.8,2.6,64.5,39.2,3,100.5,HIGH,0.62,1.01,HIGH
0.7,1.3,2.4,4.3,6.4,32.3,59.6,1017.7,31.9,22.4,4.0,517.3,37.1,4,30.3,LOW,0.09,0.0,LOW
0.5,1.1,2.2,4.2,7.4,32.0,69.8,1010.6,26.8,19.4,0.3,131.2,35.1,3,60.6,MODERATE,0.32,0.28,MODERATE
15.8,37.9,64.2,118.2,183.4,21.4,65.0,1004.5,38.9,8.3,3.7,503.1,86.8,4,69.8,MODERATE,0.96,1.84,CRITICAL
5.6,13.7,25.4,44.2,67.4,29.0,74.4,1007.4,38.0,34.6,4.0,693.4,57.9,4,55.8,MODERATE,0.26,0.0,LOW
4.4,11.0,20.8,37.4,63.9,28.4,68.5,995.4,47.8,16.4,0.9,126.7,49.0,3,74.7,MODERATE,0.71,1.28,CRITICAL
1.8,4.3,9.2,17.0,22.5,36.8,63.1,1022.0,30.8,14.1,2.3,96.0,41.9,4,34.8,LOW,0.32,0.37,MODERATE
6.0,12.5,21.1,31.3,42.0,28.1,65.8,1006.1,31.0,80.3,12.0,74.7,44.5,0,46.8,MODERATE,0.05,0.0,LOW
16.0,42.4,91.4,139.0,182.2,31.2,66.6,1005.9,28.0,8.0,7.8,99.8,86.1,8,48.4,MODERATE,0.96,1.99,CRITICAL
0.6,1.4,3.0,5.4,8.8,35.3,54.2,1011.2,21.5,15.5,2.2,133.1,40.9,3,25.9,LOW,0.21,0.0,LOW
1.7,3.6,7.3,14.0,21.9,28.0,63.0,1009.1,25.5,22.6,1.8,786.6,45.6,4,43.0,MODERATE,0.14,0.0,LOW
19.4,41.9,85.9,141.3,245.5,31.9,61.8,1006.9,26.7,4.4,0.8,573.5,93.4,7,70.5,MODERATE,0.98,1.95,CRITICAL
4.0,10.5,20.2,40.2,62.4,27.8,70.8,998.3,40.8,9.9,0.4,15.7,54.2,4,59.7,MODERATE,0.75,1.45,CRITICAL
0.1,0.3,0.5,0.8,1.1,30.0,64.6,1009.0,24.9,31.1,1.5,802.5,28.2,2,48.5,MODERATE,0.06,0.0,LOW
0.3,0.7,1.2,2.0,3.4,30.9,60.6,1021.0,11.3,6.9,10.2,46.2,30.5,6,29.8,LOW,0.19,0.0,LOW
0.1,0.2,0.3,0.5,0.8,30.4,60.5,1016.4,16.0,14.2,11.4,419.7,31.1,5,15.0,LOW,0.06,0.0,LOW
10.9,21.2,42.6,83.4,147.4,38.0,59.3,1018.5,27.8,19.9,6.2,77.4,77.3,4,31.9,LOW,0.83,1.42,CRITICAL
2.4,5.1,8.4,13.2,18.8,32.2,66.5,1000.7,39.0,22.0,1.8,39.4,33.7,5,40.6,MODERATE,0.25,0.0,LOW
23.0,55.3,106.7,179.5,248.4,32.3,70.8,996.6,39.5,25.5,0.8,556.9,91.7,7,105.8,HIGH,0.98,1.63,CRITICAL
48.4,114.5,207.6,313.9,485.5,31.8,78.4,1003.9,46.5,38.2,3.5,254.3,91.3,2,122.7,HIGH,0.98,1.37,CRITICAL
5.5,13.2,21.3,36.4,48.3,26.7,64.5,1005.5,27.5,11.0,3.9,362.3,38.6,4,55.3,MODERATE,0.43,0.83,HIGH
0.2,0.4,0.8,1.5,2.0,32.9,69.4,1014.3,49.3,24.1,2.2,225.5,30.1,4,31.5,LOW,0.12,0.0,LOW
1.0,1.9,3.2,5.1,7.9,31.4,78.8,990.6,49.8,25.7,4.4,41.4,42.4,3,105.8,HIGH,0.49,0.65,HIGH
1.5,3.0,4.7,8.8,12.4,30.3,58.2,1018.0,15.7,8.4,5.1,526.3,41.9,5,17.8,LOW,0.14,0.0,LOW
4.3,9.4,17.2,33.4,43.6,32.9,74.9,1003.7,37.9,64.0,5.6,667.4,42.7,5,37.5,LOW,0.05,0.0,LOW
8.6,17.4,33.3,48.0,69.5,31.9,77.8,1001.4,42.6,38.1,2.7,31.1,48.9,2,91.1,HIGH,0.61,0.5,HIGH
5.6,11.0,16.8,31.2,48.0,34.1,74.8,996.4,40.7,8.2,5.8,194.0,36.0,5,98.5,HIGH,0.7,1.15,HIGH
30.9,74.5,132.7,206.1,308.6,27.7,77.8,990.9,57.6,22.2,0.4,324.7,97.4,5,140.1,HIGH,0.98,1.72,CRITICAL
3.3,8.5,14.2,21.4,29.2,28.9,62.7,1012.0,21.5,24.8,4.3,368.1,43.2,3,23.8,LOW,0.14,0.0,LOW
8.2,20.4,31.1,54.7,87.0,29.9,69.7,1005.6,29.4,12.2,1.2,343.0,68.3,6,40.6,MODERATE,0.68,1.21,CRITICAL
25.9,66.2,105.1,191.6,317.2,32.8,81.7,994.0,39.4,37.9,1.4,463.7,89.0,4,109.4,HIGH,0.98,1.39,CRITICAL
1.7,4.1,6.6,10.8,17.6,24.6,77.3,994.0,40.5,23.1,0.6,1309.2,41.3,3,94.9,HIGH,0.17,0.0,LOW
2.2,5.4,8.8,12.6,18.8,25.1,73.9,1002.1,32.5,21.3,1.0,203.2,44.6,4,58.1,MODERATE,0.34,0.42,MODERATE
0.4,0.8,1.7,3.2,4.4,32.8,65.4,1019.2,32.8,6.5,17.2,324.1,44.4,8,11.3,LOW,0.08,0.0,LOW
1.2,3.2,5.8,10.7,16.5,29.3,72.2,1002.8,30.3,11.4,2.2,471.3,42.1,4,73.8,MODERATE,0.39,0.66,HIGH
8.3,17.0,27.2,42.5,74.2,29.0,80.2,992.2,44.9,12.2,9.5,356.1,55.4,4,96.3,HIGH,0.73,1.59,CRITICAL
2.4,5.0,7.8,13.2,20.3,32.8,62.6,1002.9,35.6,25.8,0.9,200.8,40.7,4,65.0,MODERATE,0.32,0.12,MODERATE
2.9,6.2,10.5,14.9,20.8,29.0,57.2,1002.7,48.1,19.3,1.1,386.8,35.5,3,56.9,MODERATE,0.27,0.0,LOW
61.2,164.1,337.7,541.6,729.2,22.9,88.7,982.1,95.0,3.6,3.2,414.1,88.1,5,190.7,EXTREME,0.98,2.2,CRITICAL
1.2,3.2,5.5,9.5,16.8,35.7,68.4,1004.5,39.1,8.6,1.8,349.2,39.9,6,60.2,MODERATE,0.39,0.87,HIGH
5.5,13.9,22.4,38.3,63.9,27.9,67.5,1003.0,57.7,13.5,3.9,102.2,59.5,4,67.7,MODERATE,0.71,1.23,CRITICAL
0.5,1.2,2.2,3.4,4.9,28.8,65.0,1010.9,33.7,26.0,2.2,283.0,34.2,3,39.0,LOW,0.13,0.0,LOW
0.5,1.1,2.2,4.0,5.9,35.6,55.7,1020.7,37.7,26.5,6.1,834.8,41.9,2,6.4,LOW,0.05,0.0,LOW
3.4,9.0,13.7,21.7,37.9,31.0,66.5,1014.6,27.4,14.1,2.3,786.2,45.0,4,46.4,MODERATE,0.24,0.0,LOW
22.5,55.3,107.3,187.5,260.4,30.2,70.8,1002.7,30.4,4.2,3.3,543.0,96.2,6,97.1,HIGH,0.98,2.14,CRITICAL
4.7,12.4,22.0,34.4,54.0,30.6,72.3,995.6,41.1,8.2,1.7,469.0,53.2,6,77.9,MODERATE,0.66,1.22,CRITICAL
0.1,0.3,0.4,0.6,1.1,35.7,60.0,1022.0,18.3,7.3,4.6,78.2,38.3,4,37.9,LOW,0.28,0.0,MODERATE
3.2,6.9,13.5,20.6,30.9,29.9,67.0,1005.5,30.3,29.3,4.0,248.8,48.4,4,61.2,MODERATE,0.29,0.0,MODERATE
1.1,2.9,5.9,10.5,13.8,34.5,71.1,1005.1,29.8,5.6,2.1,59.7,43.0,5,62.9,MODERATE,0.53,0.95,HIGH
1.7,3.4,6.6,10.9,15.5,25.3,66.3,1004.8,34.5,13.3,1.4,660.9,44.6,6,65.0,MODERATE,0.29,0.0,MODERATE
5.4,14.4,25.1,35.4,61.9,32.8,63.9,1006.7,47.3,22.0,3.6,145.7,62.7,7,71.0,MODERATE,0.65,1.08,HIGH
0.5,1.2,2.2,3.1,4.9,28.4,69.9,1003.8,28.9,62.2,10.3,568.3,44.4,0,54.6,MODERATE,0.05,0.0,LOW
5.3,14.1,24.9,41.9,71.6,33.4,72.5,1000.1,44.1,120.0,0.8,655.3,57.0,0,84.6,MODERATE,0.05,0.0,LOW
8.3,18.1,36.0,54.3,85.7,30.4,74.6,1000.4,42.4,57.0,5.9,862.5,56.4,0,93.1,HIGH,0.22,0.0,LOW
3.7,9.0,17.2,30.2,53.5,29.0,67.4,1004.7,54.3,24.8,3.0,547.7,51.5,4,61.7,MODERATE,0.35,0.34,MODERATE
0.1,0.3,0.5,0.8,1.3,31.7,63.0,1000.4,53.5,26.7,2.9,331.1,25.7,3,66.1,MODERATE,0.16,0.0,LOW
36.1,86.7,169.2,303.2,467.4,32.1,71.2,998.9,45.1,27.6,11.7,361.5,94.1,2,95.2,HIGH,0.98,1.57,CRITICAL
3.3,7.6,15.1,29.7,43.3,32.4,71.8,1005.9,32.3,37.7,3.6,161.9,41.6,3,55.7,MODERATE,0.24,0.0,LOW
11.0,29.4,51.8,88.9,142.3,27.8,68.8,1002.8,31.4,56.6,6.5,89.0,79.7,1,67.0,MODERATE,0.67,0.28,HIGH
0.8,2.1,4.4,8.2,13.4,31.2,57.1,1017.8,20.6,12.6,2.8,68.2,48.6,5,10.4,LOW,0.22,0.0,LOW
10.0,21.0,44.0,81.4,126.1,27.6,91.4,982.5,62.0,11.7,1.3,91.4,62.4,6,134.0,HIGH,0.98,1.92,CRITICAL
1.4,3.8,6.2,12.1,20.6,31.8,57.6,1014.3,36.0,13.1,4.5,1047.6,40.4,6,36.8,LOW,0.1,0.0,LOW
0.7,1.6,3.3,5.1,7.1,34.0,52.4,1015.6,29.0,21.4,9.3,83.3,31.6,3,27.7,LOW,0.11,0.0,LOW
0.3,0.6,1.1,2.1,3.1,23.2,81.7,987.4,47.1,28.9,6.7,503.8,27.2,2,95.4,HIGH,0.18,0.0,LOW
3.3,6.5,13.1,25.5,41.9,31.1,68.4,1002.1,37.7,38.8,1.1,92.6,46.0,1,58.7,MODERATE,0.31,0.1,MODERATE
15.5,40.6,84.1,137.5,195.8,29.5,66.2,1001.8,33.8,13.0,1.6,1421.2,92.0,6,85.1,MODERATE,0.92,1.79,CRITICAL
12.7,27.0,50.0,79.5,120.8,27.0,77.2,993.0,39.7,10.1,2.8,188.5,72.0,5,90.6,HIGH,0.94,1.77,CRITICAL
1.5,3.2,5.6,11.1,19.8,27.9,76.2,998.4,35.9,75.7,3.3,216.9,41.2,0,88.3,MODERATE,0.07,0.0,LOW
9.0,23.8,50.9,90.4,145.9,28.9,76.0,995.6,38.0,6.7,1.1,212.0,66.8,5,82.0,MODERATE,0.96,2.1,CRITICAL
4.3,10.8,18.0,29.3,51.9,23.7,58.2,1019.9,27.0,6.5,1.2,659.2,49.9,4,28.2,LOW,0.34,0.5,MODERATE
6.8,13.8,23.1,43.3,72.0,30.0,71.3,1013.0,21.6,24.6,5.3,108.6,47.3,6,57.0,MODERATE,0.51,0.5,HIGH
0.4,1.1,1.9,3.1,5.1,30.0,58.2,1015.8,19.0,5.6,4.9,690.6,29.3,5,2.0,LOW,0.07,0.0,LOW
10.0,26.2,55.1,83.0,132.5,32.9,65.0,1011.1,46.9,11.2,6.7,421.7,66.5,8,67.2,MODERATE,0.85,1.62,CRITICAL
3.5,6.8,14.7,25.4,34.9,27.4,73.6,995.4,41.0,8.2,9.8,109.6,49.8,5,99.3,HIGH,0.69,1.34,CRITICAL
4.6,11.8,19.5,33.9,52.9,29.5,67.8,1000.5,32.0,5.3,1.6,40.7,52.3,5,64.4,MODERATE,0.75,1.77,CRITICAL
3.6,8.4,17.8,33.7,48.1,35.1,62.3,1009.2,25.8,17.6,7.2,581.8,49.8,4,49.0,MODERATE,0.27,0.0,LOW
19.0,46.3,77.7,130.1,234.2,31.8,74.4,994.6,39.0,10.4,4.1,108.9,85.7,5,88.9,MODERATE,0.98,2.0,CRITICAL
13.5,30.9,67.4,127.4,182.6,33.8,65.5,1011.1,22.1,13.2,11.4,850.6,83.3,5,56.0,MODERATE,0.85,1.62,CRITICAL
25.6,62.9,120.6,191.4,270.9,29.2,81.9,1003.0,30.1,5.9,1.4,67.8,83.1,5,124.9,HIGH,0.98,2.14,CRITICAL
0.1,0.1,0.2,0.3,0.5,31.6,67.5,1001.8,37.8,28.3,1.4,379.1,42.0,3,36.9,LOW,0.11,0.0,LOW
11.1,27.7,42.3,64.5,100.3,30.9,61.6,1011.0,22.9,8.8,4.6,462.7,73.6,5,40.9,MODERATE,0.71,1.36,CRITICAL
0.3,0.6,0.9,1.5,2.0,30.7,65.2,1008.8,27.1,9.6,9.5,422.4,38.3,6,55.6,MODERATE,0.19,0.0,LOW
2.5,5.8,9.4,18.0,24.6,31.3,72.9,1001.9,46.4,7.2,6.4,159.3,45.4,4,88.2,MODERATE,0.61,1.05,HIGH
2.6,5.3,10.8,16.5,28.1,30.5,62.0,1014.9,21.7,12.3,4.8,806.8,41.9,6,16.0,LOW,0.1,0.0,LOW
7.3,18.7,30.9,58.3,89.9,33.2,82.3,995.8,56.6,13.2,2.0,573.2,51.6,4,92.7,HIGH,0.77,1.43,CRITICAL
2.6,5.6,12.2,19.2,26.3,31.0,52.2,1010.2,27.5,15.6,4.7,286.2,38.0,3,25.5,LOW,0.19,0.0,LOW
1.9,4.3,8.4,11.9,18.2,32.9,52.6,1010.0,26.3,63.7,6.0,366.3,37.7,1,24.5,LOW,0.05,0.0,LOW
19.8,44.5,88.3,129.4,184.6,34.0,68.1,1002.4,41.2,44.3,5.2,332.5,83.8,3,78.1,MODERATE,0.88,1.03,CRITICAL
1.9,4.7,7.8,14.5,20.4,33.6,71.8,1007.8,25.2,18.9,4.3,1129.1,37.5,5,38.1,LOW,0.07,0.0,LOW
2.9,6.7,14.1,22.0,39.2,25.7,69.2,994.4,39.0,2.7,0.5,876.6,46.0,5,77.2,MODERATE,0.5,1.03,HIGH
3.5,8.8,17.3,31.1,46.0,32.9,47.2,1012.9,27.8,19.1,4.1,117.0,43.4,4,13.0,LOW,0.24,0.0,LOW
0.6,1.2,2.6,4.7,6.2,32.6,72.6,1003.4,34.3,3.7,2.6,130.8,47.6,8,64.2,MODERATE,0.51,1.31,CRITICAL
8.1,16.6,35.9,57.7,103.1,32.3,73.3,1000.6,44.4,24.3,11.7,1529.9,56.5,5,70.5,MODERATE,0.21,0.0,LOW
3.1,7.3,11.6,19.6,33.2,29.1,56.0,1013.9,38.1,10.9,3.6,117.6,48.6,4,31.7,LOW,0.38,0.6,HIGH
5.6,15.0,23.5,38.6,55.1,28.2,68.4,999.0,37.4,34.7,3.6,1180.8,48.8,3,61.6,MODERATE,0.12,0.0,LOW
12.0,23.5,48.4,95.2,143.3,31.5,73.2,993.0,46.9,53.4,18.2,413.7,76.7,1,106.3,HIGH,0.62,0.44,HIGH
2.2,4.2,8.9,14.2,24.5,27.0,79.6,991.8,46.5,11.7,0.6,34.5,44.3,6,92.6,HIGH,0.7,1.29,CRITICAL
8.5,17.3,33.0,49.8,73.7,30.6,61.3,1010.2,54.1,13.1,1.4,170.4,56.0,5,53.9,MODERATE,0.69,1.33,CRITICAL
1.7,4.0,7.1,11.4,18.1,33.1,79.7,994.1,52.7,18.1,4.0,260.7,34.3,5,92.7,HIGH,0.44,0.64,HIGH
0.5,1.0,2.0,3.6,5.7,32.6,42.4,1019.9,31.6,6.0,1.6,695.3,34.9,6,5.8,LOW,0.09,0.0,LOW
1.0,2.4,4.2,7.6,11.4,26.5,78.3,987.3,47.8,49.2,1.8,166.4,39.0,3,102.7,HIGH,0.24,0.0,LOW
0.7,1.4,2.3,4.5,7.3,30.5,51.4,1019.4,24.5,12.2,8.1,156.3,37.5,4,23.3,LOW,0.16,0.0,LOW
6.6,13.6,25.0,48.2,74.1,31.8,65.8,1006.8,28.0,5.3,3.3,976.0,50.3,4,51.5,MODERATE,0.43,1.15,HIGH
18.7,40.1,66.2,104.2,136.5,27.2,66.5,1004.2,30.1,27.9,0.7,46.3,79.0,2,61.3,MODERATE,0.89,1.25,CRITICAL
12.3,29.5,54.3,90.8,155.0,29.4,76.2,1000.4,55.2,6.5,1.6,319.7,65.2,6,90.5,HIGH,0.96,1.84,CRITICAL
3.1,7.5,16.4,30.3,41.1,32.0,56.5,1008.4,24.1,4.8,0.6,281.6,45.0,5,32.2,LOW,0.45,0.92,HIGH
18.8,37.6,78.4,152.9,234.2,33.9,69.0,1004.7,54.6,16.9,3.1,37.4,85.4,3,77.2,MODERATE,0.98,1.84,CRITICAL
2.6,7.0,15.1,24.2,38.5,33.6,63.9,1014.4,19.1,22.0,1.0,49.9,46.5,5,22.4,LOW,0.3,0.0,MODERATE
6.7,14.6,30.1,50.2,82.9,29.0,77.0,1006.0,40.1,17.2,7.1,197.9,62.9,6,84.1,MODERATE,0.77,1.26,CRITICAL
5.4,13.3,23.2,45.1,67.8,33.8,65.1,1006.3,28.7,21.2,3.3,69.7,46.6,3,45.8,MODERATE,0.51,0.59,HIGH
4.3,10.0,20.7,33.4,55.8,29.5,72.6,1001.9,34.0,4.2,0.5,262.1,62.1,5,84.9,MODERATE,0.83,1.71,CRITICAL
9.8,20.3,43.6,73.5,100.4,27.5,59.9,1004.5,29.8,13.6,1.6,371.7,63.6,4,55.0,MODERATE,0.75,1.47,CRITICAL
0.8,2.0,4.3,8.3,13.5,30.6,54.5,1007.6,31.8,9.9,3.7,461.8,40.6,4,49.5,MODERATE,0.26,0.0,LOW
10.2,26.1,51.6,97.2,166.4,32.3,84.3,990.5,45.7,67.3,1.7,315.5,73.6,0,101.7,HIGH,0.78,0.39,CRITICAL
13.8,30.6,50.5,78.1,136.2,29.5,77.6,993.5,47.7,2.9,2.8,196.4,72.2,7,77.5,MODERATE,0.95,1.98,CRITICAL
13.3,31.5,48.2,76.8,122.1,31.6,69.4,1011.3,21.1,8.4,8.7,67.8,73.4,8,35.2,LOW,0.82,1.48,CRITICAL
10.9,23.0,36.9,59.4,86.5,35.0,60.5,1006.5,26.4,53.2,1.8,123.0,59.8,4,83.0,MODERATE,0.51,0.1,HIGH
5.6,13.6,29.7,57.8,79.8,26.9,72.4,1003.4,29.8,75.9,1.7,221.6,57.7,3,60.6,MODERATE,0.15,0.0,LOW
8.7,18.7,34.0,68.1,100.3,27.5,77.7,1005.2,31.6,33.4,6.3,994.8,62.3,4,85.6,MODERATE,0.44,0.24,MODERATE
3.1,8.0,16.7,31.1,48.9,27.0,68.3,1008.0,37.9,3.4,1.6,101.0,41.5,6,40.8,MODERATE,0.58,1.33,CRITICAL
5.5,11.3,20.7,35.0,48.9,31.0,73.6,1000.4,49.6,16.8,0.6,217.7,41.5,4,81.3,MODERATE,0.62,1.02,HIGH
21.6,41.3,81.0,113.9,202.3,30.2,73.8,998.4,36.4,11.2,1.0,515.8,95.8,5,93.6,HIGH,0.98,1.8,CRITICAL
12.9,27.2,41.3,75.0,131.2,34.8,59.3,1006.7,32.5,31.6,10.7,479.2,75.5,2,88.8,MODERATE,0.76,1.09,CRITICAL
24.7,50.6,84.8,138.5,182.4,30.2,81.9,996.7,47.6,3.0,9.8,1295.4,90.3,6,103.3,HIGH,0.94,1.93,CRITICAL
0.8,1.7,3.1,5.6,8.8,30.1,62.7,1008.5,26.6,6.0,1.2,95.5,33.3,4,35.8,LOW,0.33,0.57,MODERATE
23.3,48.1,93.5,164.9,279.4,28.7,82.6,990.5,46.4,14.1,3.1,21.3,89.2,5,121.2,HIGH,0.98,1.99,CRITICAL
7.0,17.6,28.5,48.1,68.4,32.2,53.7,1013.7,24.4,5.1,0.8,162.9,60.0,5,20.2,LOW,0.61,1.11,HIGH
2.0,4.1,8.3,16.3,25.5,27.1,59.4,1009.0,24.4,23.2,4.2,76.6,35.9,6,45.2,MODERATE,0.26,0.0,LOW
5.4,13.2,23.2,32.9,49.4,37.8,74.0,1007.2,25.4,32.9,1.0,317.1,54.2,2,60.8,MODERATE,0.36,0.1,MODERATE
5.4,12.8,26.6,48.6,67.9,33.1,60.1,1013.4,20.2,23.9,0.5,885.4,50.7,6,26.4,LOW,0.19,0.0,LOW
2.6,7.1,11.1,18.3,29.5,33.1,64.5,1019.2,20.8,12.4,6.4,457.9,38.8,5,34.0,LOW,0.2,0.0,LOW
18.8,50.9,100.5,183.7,330.2,33.4,61.3,1013.6,19.2,39.9,1.7,70.5,89.8,1,50.4,MODERATE,0.98,1.27,CRITICAL
6.4,16.7,28.5,51.5,76.3,30.3,71.8,989.4,45.1,4.7,0.7,61.9,50.4,7,105.9,HIGH,0.92,1.9,CRITICAL
14.3,35.8,73.6,103.5,163.1,28.8,81.6,994.1,41.8,7.4,6.6,936.2,70.4,4,124.0,HIGH,0.95,2.01,CRITICAL
12.8,28.2,50.3,79.1,115.7,28.4,69.8,999.7,33.5,14.1,5.3,269.1,67.2,4,71.7,MODERATE,0.85,1.51,CRITICAL
5.0,12.6,24.7,37.4,64.9,32.2,71.8,1005.2,28.9,3.1,4.3,992.6,55.5,7,58.6,MODERATE,0.46,0.8,HIGH
10.3,27.5,59.2,88.8,153.9,32.2,65.1,1009.4,42.3,3.8,8.8,521.4,83.4,6,42.8,MODERATE,0.88,1.92,CRITICAL
6.0,11.5,17.4,31.9,44.3,27.8,65.7,998.8,33.9,11.1,2.7,1919.9,50.2,5,75.6,MODERATE,0.14,0.0,LOW
3.4,7.9,11.9,18.4,32.3,34.4,68.1,1006.6,34.2,53.8,0.8,793.9,53.7,0,49.7,MODERATE,0.06,0.0,LOW
1.3,2.6,5.3,9.0,12.3,30.5,84.6,998.6,37.8,45.0,0.5,218.2,45.2,0,90.9,HIGH,0.25,0.0,LOW
4.5,10.6,20.8,32.1,43.3,31.8,75.1,999.8,41.6,13.3,1.6,554.5,50.6,4,93.2,HIGH,0.61,1.06,HIGH
14.5,32.9,56.0,97.9,159.3,32.5,77.7,993.0,46.7,4.8,0.6,257.1,81.1,6,94.4,HIGH,0.98,1.83,CRITICAL
26.7,63.1,116.4,213.3,318.4,29.7,80.1,997.2,37.4,5.5,3.0,115.8,96.2,4,100.1,HIGH,0.98,1.93,CRITICAL
3.2,7.5,11.4,18.2,28.6,29.9,78.7,993.5,54.2,10.5,0.4,119.8,31.8,4,108.3,HIGH,0.73,1.17,HIGH
4.3,11.6,18.9,33.3,54.2,31.6,76.2,996.7,41.3,6.2,2.4,207.4,47.5,4,94.2,HIGH,0.79,1.64,CRITICAL
0.5,1.1,1.9,3.6,4.8,30.1,55.9,1014.0,32.1,3.6,1.0,59.9,27.0,5,36.9,LOW,0.33,0.65,HIGH
11.5,29.7,61.9,90.2,130.5,29.7,76.1,996.9,39.8,22.2,1.9,89.4,74.2,3,86.5,MODERATE,0.93,1.67,CRITICAL
5.9,12.7,23.4,42.7,65.3,33.3,60.2,1022.0,43.4,17.7,4.2,278.9,49.3,6,10.4,LOW,0.29,0.0,MODERATE
4.7,10.6,20.3,32.3,46.3,28.9,61.0,1009.2,34.9,8.2,1.8,1184.4,62.8,6,38.5,LOW,0.24,0.0,LOW
7.2,16.5,34.8,51.3,68.0,36.7,74.4,1006.6,52.8,29.2,1.8,342.6,51.1,4,60.2,MODERATE,0.45,0.38,MODERATE
7.5,15.9,27.2,47.0,63.2,26.2,73.9,997.7,40.6,28.9,16.7,214.5,52.9,2,90.0,HIGH,0.43,0.38,MODERATE
0.4,0.8,1.6,2.5,4.2,28.2,59.3,1011.0,26.4,14.2,4.7,120.6,34.1,4,39.8,LOW,0.21,0.0,LOW
12.3,29.3,61.6,116.5,204.6,33.3,77.4,1000.1,43.7,3.8,2.8,97.9,87.6,7,80.9,MODERATE,0.98,2.0,CRITICAL
5.7,13.5,22.1,31.6,43.5,32.6,66.3,1006.0,43.3,47.1,3.3,423.2,40.7,1,56.1,MODERATE,0.13,0.0,LOW
1.7,4.1,7.2,10.5,15.0,30.4,58.8,1022.0,36.6,21.9,3.7,731.7,32.7,4,26.9,LOW,0.07,0.0,LOW
15.7,34.1,74.6,127.8,207.9,32.1,67.7,1004.2,31.4,7.1,0.4,208.4,79.1,5,65.6,MODERATE,0.98,1.83,CRITICAL
5.1,11.1,24.3,42.5,75.6,35.7,60.5,1014.8,30.2,19.0,0.6,319.0,58.5,4,28.8,LOW,0.48,0.73,HIGH
14.2,33.9,56.1,103.1,149.4,29.8,75.7,999.0,35.4,11.3,4.0,481.1,74.0,5,111.1,HIGH,0.96,1.92,CRITICAL
18.8,37.7,58.3,90.7,156.8,37.1,70.2,1004.7,34.0,20.2,1.9,37.8,87.8,6,66.5,MODERATE,0.95,1.57,CRITICAL
4.1,8.7,14.7,28.0,43.5,28.4,46.6,1020.1,13.6,13.6,0.5,179.2,40.7,5,15.0,LOW,0.3,0.0,MODERATE
6.7,12.9,22.9,45.2,80.4,31.7,67.2,999.7,36.3,14.0,1.5,512.2,64.5,5,75.3,MODERATE,0.73,1.29,CRITICAL
0.3,0.5,0.9,1.6,2.2,35.7,60.9,1020.4,33.1,26.0,0.8,453.5,43.5,2,5.5,LOW,0.07,0.0,LOW
2.8,5.9,11.4,21.3,38.0,33.7,63.1,1011.0,22.5,19.1,9.0,35.8,51.8,4,32.5,LOW,0.3,0.0,MODERATE
12.4,23.8,50.6,86.7,131.9,29.5,69.7,1000.2,40.3,3.5,1.1,118.2,72.4,8,87.1,MODERATE,0.97,2.06,CRITICAL
0.1,0.2,0.4,0.5,1.0,30.7,57.5,1010.4,29.1,3.2,0.8,447.9,33.6,5,34.5,LOW,0.22,0.0,LOW
0.2,0.4,0.9,1.4,2.2,32.9,56.5,1013.3,20.0,8.5,3.7,135.3,42.0,6,10.0,LOW,0.17,0.0,LOW
0.2,0.4,0.7,1.0,1.5,33.4,54.2,1010.3,25.1,12.1,2.9,655.0,31.5,5,36.6,LOW,0.12,0.0,LOW
14.9,33.6,51.3,102.3,174.2,30.4,78.6,991.7,47.7,7.8,3.3,26.4,84.2,6,99.4,HIGH,0.98,2.15,CRITICAL
5.9,15.4,28.5,43.9,72.9,32.4,70.4,998.8,35.4,21.0,2.3,95.2,54.8,5,81.2,MODERATE,0.74,1.31,CRITICAL
3.1,7.8,12.0,21.4,34.4,27.8,65.4,1002.9,42.4,5.9,2.5,140.5,40.0,6,95.6,HIGH,0.73,1.49,CRITICAL
0.8,1.7,3.0,4.7,7.0,30.0,68.7,1004.4,56.7,23.9,5.6,1000.8,38.3,4,70.9,MODERATE,0.1,0.0,LOW
7.0,18.5,39.3,70.4,119.3,29.1,66.1,1010.3,23.9,28.7,1.2,619.7,71.5,5,57.1,MODERATE,0.66,0.92,HIGH
3.2,6.8,11.4,17.4,30.9,29.9,77.8,1006.5,27.5,4.4,2.1,834.1,38.9,6,61.8,MODERATE,0.33,0.65,HIGH
2.9,5.7,11.3,21.2,27.6,31.7,70.0,993.6,43.8,20.9,11.4,235.7,44.9,3,70.0,MODERATE,0.29,0.0,MODERATE
7.1,19.2,32.8,48.1,76.7,31.4,71.7,1008.2,35.1,60.6,1.0,672.1,44.9,0,74.7,MODERATE,0.16,0.0,LOW
4.8,12.5,19.1,37.1,64.3,37.9,69.3,1010.2,24.7,5.9,1.5,744.9,47.4,4,43.9,MODERATE,0.44,0.64,HIGH
2.0,4.6,8.6,16.4,26.7,31.8,60.8,1009.8,22.7,45.2,1.0,209.1,40.0,0,37.4,LOW,0.11,0.0,LOW
3.9,9.5,19.8,35.7,60.7,32.1,62.2,1014.2,24.2,18.8,0.4,1989.5,53.5,4,57.7,MODERATE,0.1,0.0,LOW
1.2,3.0,5.4,7.8,13.6,31.9,60.6,1012.1,45.2,18.1,1.4,739.1,43.1,3,38.1,LOW,0.13,0.0,LOW
8.9,18.3,35.4,53.9,90.4,29.6,66.3,1008.9,27.4,3.0,0.5,1403.3,60.3,5,67.9,MODERATE,0.55,1.11,HIGH
2.2,4.5,9.6,18.3,30.4,30.5,76.5,1004.4,32.4,26.8,0.9,780.2,46.2,3,72.5,MODERATE,0.24,0.0,LOW
2.1,4.8,9.9,14.6,26.0,31.6,82.8,990.9,69.6,13.7,1.9,583.9,41.4,4,101.8,HIGH,0.52,1.05,HIGH
9.2,24.1,39.4,58.8,101.8,31.5,68.2,1008.7,33.1,25.0,0.4,1109.3,65.0,4,63.4,MODERATE,0.47,0.57,MODERATE
7.2,13.6,27.5,47.4,81.0,28.9,65.0,1006.8,35.7,31.8,5.2,221.9,59.0,3,47.8,MODERATE,0.44,0.52,MODERATE
0.9,2.4,4.4,6.9,9.3,28.7,59.3,1007.3,31.6,15.4,5.9,596.2,35.0,3,55.5,MODERATE,0.16,0.0,LOW
1.3,2.5,5.1,7.8,11.0,28.1,76.1,994.1,67.9,7.5,2.2,106.0,36.2,4,109.8,HIGH,0.69,1.29,CRITICAL
20.2,46.1,85.2,148.7,234.7,29.6,81.9,995.8,46.1,4.7,14.9,516.5,93.0,5,107.1,HIGH,0.98,2.11,CRITICAL
3.5,8.4,13.3,21.7,35.9,34.9,53.8,1014.0,36.3,5.1,4.3,599.7,53.9,5,47.4,MODERATE,0.38,0.77,HIGH
2.4,5.8,11.0,16.4,23.8,27.3,63.5,1004.7,37.3,38.3,5.1,494.0,47.6,3,58.2,MODERATE,0.13,0.0,LOW
5.3,10.3,18.9,32.6,43.9,30.7,64.5,1010.8,32.1,4.4,1.0,735.4,41.4,7,57.8,MODERATE,0.42,0.8,HIGH
0.8,1.7,3.2,5.3,7.7,31.1,63.4,1005.2,29.9,10.7,6.7,217.7,31.5,6,87.0,MODERATE,0.41,0.64,HIGH
4.3,10.1,21.3,39.2,66.0,26.1,64.4,1005.3,30.0,9.3,10.5,314.0,50.5,6,85.1,MODERATE,0.66,1.28,CRITICAL
0.1,0.1,0.3,0.4,0.7,29.7,60.1,1013.0,31.5,38.1,1.2,19.1,35.7,2,32.7,LOW,0.1,0.0,LOW
3.5,7.1,12.9,22.8,40.1,28.4,65.2,1000.6,34.7,13.7,4.4,75.0,46.3,7,68.0,MODERATE,0.57,1.01,HIGH
0.4,1.1,1.9,3.2,4.8,28.8,63.0,1005.8,33.2,103.5,5.1,407.7,42.5,1,38.3,LOW,0.05,0.0,LOW
5.7,13.2,24.5,40.3,59.8,30.6,75.2,1001.1,33.7,26.0,1.6,329.0,57.9,3,85.1,MODERATE,0.61,0.95,HIGH
3.8,7.7,14.3,22.1,33.2,29.8,64.9,1001.3,44.7,36.3,2.6,98.5,44.1,3,71.0,MODERATE,0.33,0.1,MODERATE
3.7,8.6,18.6,26.4,39.3,28.9,62.6,1002.4,31.0,3.9,0.7,121.0,44.7,5,49.1,MODERATE,0.6,1.17,HIGH
0.3,0.7,1.3,2.5,4.2,32.0,63.9,1006.9,39.6,7.3,1.0,175.3,38.7,5,66.0,MODERATE,0.44,1.03,HIGH
4.0,7.6,12.9,20.6,30.5,34.4,75.4,1000.9,38.9,4.6,0.5,493.9,48.7,6,72.5,MODERATE,0.56,1.07,HIGH
4.1,10.0,18.7,33.7,44.2,36.2,59.0,1015.7,18.1,13.2,3.2,372.5,49.9,5,22.5,LOW,0.29,0.0,MODERATE
4.2,8.1,15.8,31.1,47.3,24.8,72.2,997.4,41.4,24.8,3.7,42.4,45.8,6,84.3,MODERATE,0.59,0.86,HIGH
9.3,17.7,34.5,60.0,84.7,31.9,70.0,1003.4,31.7,5.3,9.0,557.2,55.2,4,61.8,MODERATE,0.62,1.55,CRITICAL
3.0,6.1,11.6,19.1,25.1,29.7,62.8,1001.3,34.3,4.5,3.0,130.8,36.3,5,60.2,MODERATE,0.51,1.07,HIGH
1.6,3.7,6.0,9.3,14.3,32.7,61.2,1017.3,18.3,19.2,1.4,438.3,39.9,5,46.9,MODERATE,0.21,0.0,LOW
5.5,13.9,21.1,41.4,58.1,29.9,69.1,1006.7,26.2,6.7,0.5,65.0,54.1,6,50.6,MODERATE,0.71,1.26,CRITICAL
10.2,21.7,37.7,68.2,104.1,32.2,59.5,1013.8,52.5,13.7,7.9,2361.9,67.3,5,55.0,MODERATE,0.12,0.0,LOW
1.4,3.3,6.0,10.8,15.6,29.3,83.6,992.4,40.6,2.9,2.6,46.8,45.0,7,90.4,HIGH,0.71,1.5,CRITICAL
0.2,0.4,0.6,1.0,1.5,29.5,61.1,1007.3,33.8,22.5,5.0,529.4,42.8,5,34.8,LOW,0.09,0.0,LOW
4.9,10.2,21.0,40.1,72.0,29.5,68.1,1012.6,23.4,16.0,0.4,311.2,47.9,4,43.8,MODERATE,0.54,0.73,HIGH
20.0,46.2,80.4,146.9,231.2,29.7,68.7,1005.7,35.0,20.8,2.6,49.1,92.0,5,105.4,HIGH,0.98,1.76,CRITICAL
15.4,39.0,83.5,131.1,212.8,32.5,59.6,1014.1,21.6,7.8,1.7,25.3,92.2,5,52.7,MODERATE,0.98,1.87,CRITICAL
5.5,14.1,22.7,40.0,70.4,31.6,71.9,1000.6,40.8,7.9,0.4,186.2,54.0,5,81.1,MODERATE,0.82,1.55,CRITICAL
1.6,4.1,6.4,10.6,15.7,34.4,58.5,1017.0,25.6,31.1,5.5,630.8,35.2,2,19.8,LOW,0.05,0.0,LOW
2.1,4.5,8.3,11.6,16.0,31.8,61.1,1022.0,19.4,24.8,2.8,31.0,46.6,3,13.9,LOW,0.16,0.0,LOW
5.6,14.2,23.2,43.7,63.0,31.0,65.6,1001.9,31.5,17.6,1.7,478.1,49.4,3,46.5,MODERATE,0.42,0.7,HIGH
7.5,15.5,33.4,49.2,73.9,32.6,67.7,1001.2,39.8,19.8,6.0,419.8,44.4,3,92.1,HIGH,0.62,0.91,HIGH
7.1,17.8,26.8,45.7,74.2,35.3,63.9,1017.4,17.4,3.8,2.4,132.3,55.5,6,36.5,LOW,0.7,1.58,CRITICAL
2.2,5.9,10.5,16.8,21.9,32.4,54.9,1018.4,13.9,36.9,0.3,45.7,39.8,1,19.4,LOW,0.13,0.0,LOW
6.3,12.0,25.9,41.5,71.7,29.5,76.6,1000.6,36.2,28.4,10.4,953.2,64.0,4,80.6,MODERATE,0.31,0.1,MODERATE
5.9,13.4,23.7,39.9,53.4,30.7,79.9,1001.4,35.6,18.1,1.3,150.7,52.1,3,105.4,HIGH,0.78,1.6,CRITICAL
7.4,18.0,28.1,56.2,98.4,27.5,68.4,1002.6,34.9,47.1,6.5,59.9,60.5,1,71.8,MODERATE,0.53,0.22,HIGH
6.9,17.1,29.2,48.1,85.3,28.6,81.0,993.6,48.8,5.3,6.2,449.8,57.5,5,97.8,HIGH,0.84,1.68,CRITICAL
5.2,10.6,19.6,29.6,53.1,31.5,69.0,997.2,38.3,22.9,0.9,107.8,48.6,6,98.1,HIGH,0.72,1.1,HIGH
0.2,0.5,0.8,1.3,2.3,31.1,79.1,996.5,39.1,61.3,2.5,260.3,46.7,1,83.0,MODERATE,0.09,0.0,LOW
1.8,4.2,7.7,11.9,16.4,29.1,74.7,998.5,34.6,8.7,0.4,34.7,42.9,5,56.4,MODERATE,0.51,1.09,HIGH
4.9,10.0,20.8,30.5,50.4,31.2,71.1,1004.7,37.0,2.3,1.8,1899.6,41.8,6,46.9,MODERATE,0.11,0.0,LOW
9.6,18.4,38.7,55.4,77.7,28.9,63.7,1007.0,32.1,25.9,4.9,240.5,55.1,4,53.0,MODERATE,0.5,0.71,HIGH
0.3,0.7,1.1,1.6,2.8,34.2,49.7,1018.2,17.3,2.1,1.2,2500.0,35.7,7,15.2,LOW,0.05,0.0,LOW
7.6,14.8,23.9,39.7,57.9,29.3,77.8,996.5,45.8,39.1,0.7,200.1,45.4,1,100.0,HIGH,0.55,0.45,HIGH
0.9,1.7,2.9,4.9,7.1,31.1,51.6,1013.4,25.0,3.0,2.8,177.4,28.0,7,13.4,LOW,0.2,0.0,LOW
0.8,1.9,3.6,5.4,9.5,29.5,68.4,1003.2,34.3,21.0,3.0,949.8,40.6,6,58.7,MODERATE,0.11,0.0,LOW
24.8,59.1,103.6,193.7,253.1,30.5,73.6,1004.6,33.5,10.5,4.2,166.9,86.0,5,74.3,MODERATE,0.98,1.9,CRITICAL
9.6,23.6,49.3,72.8,101.7,30.3,64.9,1010.7,29.6,6.1,5.3,229.9,69.2,4,64.6,MODERATE,0.85,1.8,CRITICAL
1.0,2.2,4.3,8.4,12.7,31.0,85.9,995.5,45.8,43.1,4.5,45.9,38.5,2,111.0,HIGH,0.34,0.1,MODERATE
8.4,21.2,33.2,58.2,96.1,30.1,71.1,1008.3,26.8,26.7,6.8,1197.3,59.1,4,83.4,MODERATE,0.38,0.13,MODERATE
2.4,6.6,12.7,18.0,29.2,34.9,64.1,1006.4,27.2,9.5,1.2,48.8,31.0,6,55.4,MODERATE,0.48,0.95,HIGH
28.3,60.0,94.8,187.4,306.4,34.9,65.3,1009.2,24.5,8.0,3.3,575.4,96.1,6,87.9,MODERATE,0.98,2.09,CRITICAL
2.1,5.2,8.8,13.9,24.3,28.8,66.3,1007.5,33.0,26.0,1.9,308.9,43.1,4,44.5,MODERATE,0.22,0.0,LOW
0.2,0.6,1.1,1.8,2.4,33.2,47.1,1022.0,26.5,34.6,11.8,39.1,33.4,2,7.9,LOW,0.05,0.0,LOW
6.6,16.1,26.2,41.1,64.1,28.3,68.1,999.6,37.1,24.6,2.3,15.6,48.2,3,60.4,MODERATE,0.57,0.84,HIGH
14.2,34.7,67.0,123.2,204.8,29.2,69.3,1000.5,33.5,20.4,11.5,1056.9,98.0,4,85.1,MODERATE,0.92,1.54,CRITICAL
1.5,3.0,5.7,9.7,15.7,35.0,62.6,999.7,44.1,6.7,5.4,530.1,34.0,5,68.3,MODERATE,0.31,0.6,HIGH
10.5,24.4,39.7,58.7,89.5,29.3,72.5,1000.3,46.5,36.5,4.7,455.7,57.8,2,52.6,MODERATE,0.37,0.1,MODERATE
0.5,1.3,2.8,4.0,5.3,30.8,71.6,999.6,49.9,26.9,2.7,234.4,39.3,4,88.5,MODERATE,0.32,0.13,MODERATE
4.5,11.1,19.9,36.5,48.5,33.4,52.1,1015.1,24.5,15.1,2.4,118.6,55.6,5,35.4,LOW,0.47,0.78,HIGH
0.3,0.7,1.1,1.6,2.2,29.8,60.9,1017.1,30.8,14.9,2.9,447.8,34.5,7,22.1,LOW,0.11,0.0,LOW
22.5,43.3,68.6,101.6,149.6,27.9,76.0,1000.1,32.5,17.2,1.5,371.2,72.5,4,91.5,HIGH,0.94,1.71,CRITICAL
6.4,12.5,23.8,40.5,55.0,26.7,75.3,997.9,35.5,33.7,8.5,507.4,49.6,3,63.4,MODERATE,0.23,0.0,LOW
3.0,6.0,13.1,24.6,37.2,29.0,63.7,1009.0,24.1,26.4,5.8,188.0,49.8,4,35.9,LOW,0.23,0.0,LOW
32.5,81.1,154.2,241.6,335.7,22.9,75.2,1000.3,42.2,36.9,6.0,1663.0,95.6,2,123.3,HIGH,0.98,1.41,CRITICAL
25.8,51.8,112.1,175.6,296.7,32.8,67.6,1010.4,22.5,14.7,2.3,41.4,83.1,5,48.5,MODERATE,0.98,1.95,CRITICAL
6.8,16.3,29.6,56.2,97.6,36.1,68.7,1006.7,31.1,19.6,0.6,46.6,62.4,3,59.9,MODERATE,0.8,1.25,CRITICAL
1.4,3.1,5.6,8.3,12.4,29.3,74.6,992.1,45.7,36.7,4.3,960.2,31.3,2,73.6,MODERATE,0.07,0.0,LOW
1.8,4.0,7.4,13.0,20.2,28.9,59.4,1018.2,16.9,6.8,1.9,411.5,45.0,4,26.5,LOW,0.26,0.0,LOW
1.9,4.0,8.0,15.8,28.1,31.2,62.4,1020.3,28.1,12.6,7.5,165.1,44.8,7,31.9,LOW,0.27,0.0,LOW
5.8,15.1,26.6,50.7,79.5,28.8,69.7,999.8,34.2,19.4,5.6,560.4,52.3,3,81.8,MODERATE,0.59,0.96,HIGH
8.3,19.7,41.4,59.5,106.9,27.7,81.6,1001.7,34.2,46.4,0.8,244.1,72.1,0,89.0,MODERATE,0.72,0.58,HIGH
0.1,0.3,0.4,0.7,0.9,33.2,64.0,1007.4,36.8,2.3,3.5,23.1,36.9,6,67.1,MODERATE,0.5,1.16,HIGH
7.3,17.2,31.0,46.1,79.7,33.1,66.4,1007.8,24.7,6.3,4.4,415.1,58.1,5,47.3,MODERATE,0.64,1.22,CRITICAL
5.3,10.6,19.7,38.8,60.1,28.6,60.7,1010.6,30.6,6.8,3.2,120.8,50.6,5,30.3,LOW,0.55,1.16,HIGH
0.1,0.3,0.5,1.1,1.4,34.8,56.1,1022.0,23.6,9.1,2.8,61.6,35.3,4,6.2,LOW,0.16,0.0,LOW
4.9,13.1,22.2,34.2,61.1,34.3,61.0,1003.5,50.5,8.0,1.2,112.0,49.9,5,46.1,MODERATE,0.65,1.33,CRITICAL
7.3,18.1,32.5,58.6,104.5,34.5,71.2,998.2,51.0,18.1,1.2,260.7,60.0,5,84.3,MODERATE,0.85,1.58,CRITICAL
11.4,22.0,40.5,77.2,115.2,36.2,72.4,993.3,42.5,41.0,5.4,34.4,72.8,1,90.1,HIGH,0.8,1.19,CRITICAL
0.8,2.0,4.0,6.1,10.8,27.6,74.1,998.8,40.8,20.2,0.4,830.8,35.5,6,82.4,MODERATE,0.22,0.0,LOW
7.7,17.1,35.0,52.9,72.5,37.7,73.7,1004.7,28.3,7.0,5.6,326.9,52.3,6,48.3,MODERATE,0.6,1.19,HIGH
0.7,1.5,3.0,4.2,6.9,31.9,59.6,1020.3,14.2,37.9,2.9,146.8,36.2,2,17.2,LOW,0.07,0.0,LOW
4.4,8.9,15.4,25.4,35.5,28.6,60.2,1000.6,32.7,20.0,9.9,456.4,51.9,4,74.1,MODERATE,0.33,0.45,MODERATE
11.9,30.5,67.1,130.1,185.2,31.8,77.2,1006.9,28.5,6.4,21.0,634.7,91.6,6,79.0,MODERATE,0.92,2.13,CRITICAL
8.7,17.0,35.6,69.1,116.8,29.2,70.1,1004.9,44.2,10.1,4.1,376.7,65.2,4,45.8,MODERATE,0.78,1.5,CRITICAL
0.3,0.7,1.2,1.7,2.6,33.1,56.6,1015.1,20.5,30.1,2.2,101.0,41.8,4,24.6,LOW,0.12,0.0,LOW
0.9,2.0,3.3,5.0,6.5,29.7,55.8,1022.0,16.6,26.2,2.6,59.4,37.3,3,2.7,LOW,0.09,0.0,LOW
29.7,60.2,103.6,170.4,256.8,29.5,73.0,1000.5,36.5,17.5,1.1,761.9,85.8,3,91.9,HIGH,0.98,1.67,CRITICAL
1.3,3.0,5.5,10.2,14.5,33.3,68.5,1000.8,36.6,4.8,0.7,116.6,36.6,6,62.0,MODERATE,0.51,1.05,HIGH
7.5,14.3,29.9,52.9,86.8,31.7,62.5,1013.9,46.2,31.3,3.3,22.7,65.7,2,66.0,MODERATE,0.69,0.92,HIGH
5.2,11.0,22.6,38.5,53.8,31.8,60.9,1010.8,24.3,8.6,6.0,406.3,60.2,6,42.1,MODERATE,0.46,0.83,HIGH
1.5,3.9,8.2,14.3,24.7,34.0,54.0,1020.7,19.2,28.6,1.4,78.0,43.4,2,17.2,LOW,0.17,0.0,LOW
1.5,3.2,5.4,7.8,11.2,34.3,61.1,1010.0,26.7,20.8,2.2,1803.7,35.3,5,40.2,MODERATE,0.05,0.0,LOW
2.2,4.9,9.4,15.8,23.6,26.1,63.8,1001.9,31.0,7.5,3.1,789.5,40.9,6,64.7,MODERATE,0.29,0.0,MODERATE
12.3,28.0,47.6,94.9,137.5,32.8,65.3,1010.0,27.6,6.3,8.6,371.3,69.0,6,51.2,MODERATE,0.85,1.84,CRITICAL
1.8,4.3,6.7,9.7,15.8,31.3,64.0,1014.4,31.2,4.5,0.8,697.1,36.3,5,47.0,MODERATE,0.25,0.0,LOW
0.3,0.8,1.6,2.7,3.7,32.0,65.5,1012.0,21.1,7.0,1.2,256.6,32.4,5,34.5,LOW,0.24,0.0,LOW
5.6,11.4,18.2,28.8,44.3,33.9,69.2,1009.3,23.6,5.1,9.1,605.3,46.8,5,68.4,MODERATE,0.43,0.81,HIGH
0.5,1.4,2.7,4.6,6.8,28.9,62.9,1014.1,19.4,19.3,0.4,410.2,37.5,5,38.7,LOW,0.17,0.0,LOW
4.6,11.5,22.4,39.1,68.1,29.5,58.0,1014.9,28.8,18.4,4.0,26.0,53.0,4,30.8,LOW,0.49,0.88,HIGH
3.6,8.9,18.3,32.0,42.7,27.4,63.4,1016.7,25.7,17.9,3.9,1144.1,45.6,4,43.2,MODERATE,0.13,0.0,LOW
7.6,15.0,24.0,45.9,78.7,30.1,57.3,1010.5,28.4,20.5,2.0,764.6,60.4,4,46.6,MODERATE,0.4,0.53,MODERATE
10.0,19.1,39.2,64.0,88.6,33.8,65.1,1003.6,33.9,32.4,2.5,1180.2,58.2,3,73.3,MODERATE,0.31,0.1,MODERATE
0.7,1.6,3.4,5.9,7.9,30.6,62.7,1006.2,43.6,46.1,7.1,514.5,36.3,0,54.2,MODERATE,0.05,0.0,LOW
2.0,5.2,11.0,15.5,21.6,28.7,65.8,1015.3,28.5,6.7,0.9,216.8,40.1,5,34.8,LOW,0.36,0.63,HIGH
15.0,35.5,72.0,134.9,182.3,28.5,78.8,998.1,47.9,18.0,1.2,103.1,92.8,3,98.0,HIGH,0.98,1.76,CRITICAL
3.3,6.9,13.5,21.0,32.8,27.4,68.5,1008.1,37.6,3.5,2.8,90.4,41.6,6,49.8,MODERATE,0.54,1.1,HIGH
32.1,63.3,113.6,214.7,385.1,27.4,76.5,1001.7,39.0,4.3,2.1,74.5,93.0,6,106.8,HIGH,0.98,1.99,CRITICAL
7.9,19.4,39.1,60.9,80.3,31.7,63.9,1005.2,32.0,21.1,3.3,109.7,53.3,3,76.5,MODERATE,0.73,1.08,HIGH
0.1,0.1,0.3,0.4,0.6,29.2,61.6,1015.9,32.3,14.0,9.2,319.0,36.9,4,38.8,LOW,0.13,0.0,LOW
13.0,26.5,51.5,76.8,114.7,33.7,66.6,1006.6,46.6,27.6,9.0,452.5,69.3,2,83.1,MODERATE,0.72,1.03,HIGH
0.8,1.5,3.1,6.2,9.1,30.6,72.4,1005.4,27.2,12.0,1.2,158.2,42.9,6,73.0,MODERATE,0.47,0.79,HIGH
1.6,3.6,6.6,10.4,15.3,29.3,77.1,993.4,39.6,4.5,1.6,317.4,37.3,7,85.8,MODERATE,0.56,1.05,HIGH
5.6,13.4,21.2,31.0,54.2,30.9,61.6,1011.3,46.4,39.0,0.9,173.6,44.3,3,58.3,MODERATE,0.32,0.1,MODERATE
10.8,26.6,50.3,74.0,96.9,33.4,66.9,1010.5,24.4,3.6,9.5,468.1,57.7,6,37.7,LOW,0.6,1.24,CRITICAL
1.3,3.3,5.6,8.8,14.9,35.0,59.4,1022.0,26.5,5.8,2.1,1711.4,43.9,4,20.7,LOW,0.05,0.0,LOW
2.4,5.8,10.3,14.6,20.8,31.2,67.3,1002.4,34.0,7.8,2.4,458.8,51.1,5,48.7,MODERATE,0.36,0.66,HIGH
2.6,5.3,8.0,13.6,20.2,32.3,66.7,1006.9,26.5,98.4,6.0,38.1,44.7,0,51.0,MODERATE,0.05,0.0,LOW
2.2,5.3,9.3,14.2,21.5,30.4,61.5,1007.1,25.9,11.7,2.8,261.5,34.6,6,29.2,LOW,0.23,0.0,LOW
0.4,1.0,2.0,3.4,4.9,33.9,45.4,1018.4,15.0,14.5,0.7,574.1,40.4,4,19.5,LOW,0.11,0.0,LOW
2.0,5.3,10.0,14.8,20.0,29.7,70.2,1004.2,30.5,28.4,2.3,311.9,35.8,2,56.8,MODERATE,0.2,0.0,LOW
6.1,15.9,24.0,39.8,54.0,31.0,69.7,1007.4,30.3,20.2,3.8,1161.5,48.1,3,70.2,MODERATE,0.23,0.0,LOW
12.1,25.9,47.4,83.4,120.9,30.7,65.7,1010.2,31.8,35.1,4.7,36.4,69.2,4,53.6,MODERATE,0.72,0.87,HIGH
1.7,4.1,7.0,10.1,17.3,29.8,57.5,1006.6,60.1,14.0,3.9,145.8,41.5,8,31.1,LOW,0.25,0.0,LOW
1.6,4.2,7.6,12.5,17.1,28.4,69.8,1001.2,35.9,66.5,0.7,109.8,40.0,1,61.7,MODERATE,0.08,0.0,LOW
7.7,18.9,33.7,53.3,89.1,32.1,56.1,1006.6,31.5,30.7,1.6,569.6,56.5,4,42.0,MODERATE,0.38,0.12,MODERATE
6.6,13.9,29.8,46.0,66.5,35.2,68.1,1014.1,24.0,11.2,4.9,296.9,58.6,6,43.4,MODERATE,0.55,0.99,HIGH
23.7,63.1,96.4,170.0,296.1,32.4,70.0,996.3,42.5,10.6,7.7,71.6,87.4,4,116.8,HIGH,0.98,2.13,CRITICAL
1.4,3.1,6.1,10.7,16.2,27.7,73.9,1006.1,32.1,49.7,0.5,142.8,45.7,3,81.7,MODERATE,0.22,0.0,LOW
1.5,3.0,6.4,11.3,15.7,33.1,78.0,999.0,33.5,22.8,0.5,296.0,32.5,5,75.5,MODERATE,0.32,0.25,MODERATE
1.9,3.8,8.3,12.4,22.3,31.3,55.9,1015.2,17.0,19.5,3.9,2125.6,42.2,6,8.9,LOW,0.05,0.0,LOW
9.8,23.7,38.5,60.6,84.1,30.4,73.2,992.1,41.4,27.5,3.1,187.1,52.0,4,86.0,MODERATE,0.7,0.97,HIGH
5.7,12.9,24.2,36.9,58.5,27.8,74.1,1000.2,33.1,16.8,0.9,79.8,46.9,4,81.3,MODERATE,0.72,1.09,HIGH
4.5,8.9,13.6,23.5,37.3,31.5,61.8,1008.2,33.9,5.1,3.1,276.2,42.7,4,47.2,MODERATE,0.47,0.93,HIGH
0.5,1.1,2.1,3.5,5.2,33.3,58.5,1018.3,15.6,8.9,13.1,156.1,44.0,4,2.0,LOW,0.1,0.0,LOW
4.3,10.9,17.3,27.7,49.1,26.9,66.6,1004.4,46.0,16.7,3.8,332.2,55.0,5,58.0,MODERATE,0.48,0.83,HIGH
7.4,18.2,38.0,71.2,122.6,31.6,63.4,1000.3,53.3,2.3,2.4,253.9,73.1,8,88.5,MODERATE,0.95,1.95,CRITICAL
0.5,1.1,1.7,2.4,4.2,36.2,44.7,1021.0,40.8,12.4,6.5,459.4,36.3,5,12.5,LOW,0.09,0.0,LOW
12.9,31.5,58.6,116.3,207.8,28.6,79.4,992.7,62.4,27.4,1.1,948.6,90.9,4,109.7,HIGH,0.96,1.55,CRITICAL
7.7,14.7,27.3,40.2,61.4,31.5,80.6,986.3,49.0,5.2,2.2,100.0,58.2,4,106.6,HIGH,0.9,1.96,CRITICAL
2.0,4.4,9.5,17.7,23.9,30.7,62.8,1008.7,29.3,3.2,2.9,669.1,45.1,7,40.2,MODERATE,0.28,0.0,MODERATE
3.2,7.2,14.0,22.7,38.3,32.2,75.4,1000.7,33.3,34.5,2.8,1147.8,45.6,3,80.7,MODERATE,0.14,0.0,LOW
5.8,14.8,25.2,48.3,72.0,24.0,81.3,996.3,49.4,19.3,9.2,192.8,62.2,6,96.8,HIGH,0.74,1.43,CRITICAL
0.1,0.2,0.4,0.6,0.8,37.5,62.4,1011.0,38.8,5.5,1.5,60.8,39.3,5,52.0,MODERATE,0.41,0.53,MODERATE
6.4,12.2,19.4,31.5,48.6,34.7,65.2,1007.1,40.5,31.5,0.5,670.7,49.6,2,63.6,MODERATE,0.27,0.0,LOW
16.7,36.3,73.7,118.1,208.2,29.3,74.8,1000.2,36.8,21.3,9.0,473.9,87.7,3,86.0,MODERATE,0.96,1.82,CRITICAL
4.1,9.4,18.7,37.4,51.8,24.3,70.4,994.1,49.9,9.3,1.2,105.9,46.5,4,90.8,HIGH,0.79,1.4,CRITICAL
0.2,0.6,1.1,2.1,3.7,32.4,63.7,1012.4,20.6,10.5,2.0,238.9,34.3,5,29.3,LOW,0.2,0.0,LOW
23.3,61.8,94.5,143.0,215.9,27.8,66.9,1010.5,22.1,5.1,2.9,342.8,92.3,4,64.1,MODERATE,0.98,2.02,CRITICAL
2.4,4.8,9.8,17.5,23.9,31.7,72.6,1004.2,39.4,34.5,13.3,85.7,45.8,3,82.6,MODERATE,0.24,0.0,LOW
0.1,0.2,0.5,0.8,1.4,33.9,46.4,1020.7,15.8,14.8,3.0,491.9,28.2,5,3.5,LOW,0.06,0.0,LOW
4.3,8.7,18.9,28.3,50.5,27.1,72.0,995.9,80.0,16.7,2.4,459.9,39.1,4,90.9,HIGH,0.56,0.86,HIGH
14.1,35.8,68.3,102.5,148.2,31.7,74.4,992.0,41.5,40.7,3.4,844.0,71.0,1,103.0,HIGH,0.77,0.97,CRITICAL
3.1,5.9,10.2,20.3,29.4,31.9,73.7,999.1,48.9,2.3,12.7,333.3,41.0,6,65.5,MODERATE,0.4,0.98,HIGH
6.3,12.6,22.3,37.3,55.8,33.1,71.2,1004.6,33.0,3.2,6.3,339.5,56.3,8,67.8,MODERATE,0.67,1.54,CRITICAL
4.0,9.3,15.1,22.3,38.1,31.0,74.4,1007.1,39.3,5.2,0.9,382.1,44.1,6,85.2,MODERATE,0.66,1.45,CRITICAL
0.9,1.9,3.7,5.7,7.4,26.9,67.7,1002.9,43.1,2.5,6.0,136.6,38.3,5,54.0,MODERATE,0.39,0.99,HIGH
2.1,4.2,8.4,13.1,18.5,33.5,63.7,1008.0,44.1,21.3,6.7,555.1,42.2,3,55.5,MODERATE,0.17,0.0,LOW
14.9,32.6,53.5,91.3,150.8,28.6,82.7,994.4,41.1,20.1,4.4,427.8,71.4,3,103.3,HIGH,0.94,1.68,CRITICAL
2.7,5.6,9.1,14.6,21.9,28.9,60.2,1017.3,38.8,6.3,4.0,709.4,48.3,6,31.3,LOW,0.2,0.0,LOW
1.0,2.4,3.8,6.3,9.2,34.0,75.4,1004.3,29.4,4.9,2.3,571.1,34.2,5,64.4,MODERATE,0.31,0.63,HIGH
0.7,1.8,3.9,5.8,10.0,37.2,62.4,1014.5,18.4,4.8,3.9,401.7,45.6,5,39.9,LOW,0.28,0.0,MODERATE
4.9,9.7,16.2,25.8,45.5,31.0,60.4,1007.9,28.9,57.1,5.0,81.7,46.9,1,33.3,LOW,0.09,0.0,LOW
7.2,15.7,27.4,39.5,70.0,36.6,58.8,1008.9,37.5,23.3,0.8,970.7,52.6,3,56.2,MODERATE,0.31,0.32,MODERATE
1.6,4.2,7.2,13.9,20.0,31.6,56.9,1009.8,27.6,17.8,1.3,188.9,34.9,3,38.2,LOW,0.25,0.0,LOW
5.5,14.3,25.6,38.9,68.4,30.2,68.8,1008.8,37.6,9.0,1.1,1281.4,54.8,7,36.4,LOW,0.25,0.0,LOW
1.1,2.5,5.0,9.2,15.3,29.9,70.1,1010.5,32.3,12.2,6.7,210.3,50.5,4,54.9,MODERATE,0.34,0.46,MODERATE
1.7,4.2,8.8,14.2,19.5,36.3,68.8,1016.3,17.7,3.7,4.3,74.9,42.4,6,36.6,LOW,0.4,0.76,HIGH
0.1,0.3,0.5,0.8,1.2,29.0,71.4,1006.7,49.5,115.3,2.4,836.3,36.7,1,52.0,MODERATE,0.05,0.0,LOW
8.4,20.8,41.2,64.9,85.2,33.3,69.5,1011.0,21.7,27.3,6.4,617.3,55.1,2,54.0,MODERATE,0.37,0.3,MODERATE
3.4,9.0,15.7,28.6,47.3,29.2,66.2,1004.2,46.5,19.5,4.7,601.4,51.0,4,47.8,MODERATE,0.27,0.0,LOW
2.6,6.0,13.1,24.9,41.5,31.2,53.0,1017.2,17.8,18.0,8.9,50.6,47.2,3,10.3,LOW,0.21,0.0,LOW
11.8,27.1,46.4,72.9,123.5,32.5,77.3,999.3,38.8,14.6,0.6,818.4,68.6,4,87.7,MODERATE,0.84,1.6,CRITICAL
3.3,6.7,10.1,15.7,21.7,31.8,58.4,1020.3,16.1,7.4,2.8,359.8,43.5,5,2.0,LOW,0.17,0.0,LOW
2.4,5.7,10.6,19.2,30.9,29.6,69.3,1004.7,29.2,6.6,4.6,256.5,34.4,6,45.8,MODERATE,0.37,0.53,MODERATE
2.3,5.5,8.9,13.5,18.7,31.9,80.1,992.8,43.4,16.4,1.1,943.7,39.6,6,82.8,MODERATE,0.25,0.0,LOW
24.0,58.2,89.1,158.9,281.7,34.8,69.3,1006.1,28.0,3.3,1.7,431.8,84.0,6,76.1,MODERATE,0.98,2.23,CRITICAL
12.6,24.2,48.2,70.2,114.9,31.5,79.5,999.2,35.1,3.4,2.2,69.2,66.7,5,92.7,HIGH,0.96,1.98,CRITICAL
9.9,23.1,46.4,82.3,110.9,30.0,69.3,1012.1,21.7,16.8,5.8,293.5,61.9,3,40.0,MODERATE,0.66,1.12,HIGH
0.1,0.3,0.5,0.9,1.3,28.6,75.7,999.5,38.4,47.4,2.7,399.7,32.1,0,64.3,MODERATE,0.07,0.0,LOW
3.9,8.0,15.9,23.3,38.0,30.4,75.8,1001.2,44.1,46.2,2.7,884.5,38.8,1,78.9,MODERATE,0.11,0.0,LOW
17.5,36.1,67.7,121.2,186.4,29.3,83.9,988.9,50.5,2.2,2.3,139.8,91.9,6,119.4,HIGH,0.98,2.18,CRITICAL
0.6,1.3,2.6,4.3,7.2,27.7,69.3,1001.2,49.2,4.0,1.2,615.8,33.6,6,61.6,MODERATE,0.3,0.0,MODERATE
12.3,30.3,58.1,89.0,128.2,29.7,88.7,984.4,56.6,17.7,9.3,626.2,67.1,3,152.3,EXTREME,0.94,1.84,CRITICAL
5.7,13.7,26.9,43.4,70.7,29.1,72.3,991.5,50.5,36.0,1.6,67.1,62.1,1,96.3,HIGH,0.71,0.81,HIGH
0.1,0.3,0.4,0.7,1.0,27.3,68.7,1011.5,29.6,57.6,3.2,21.6,38.1,0,43.5,MODERATE,0.06,0.0,LOW
0.9,2.0,3.3,4.8,7.6,29.3,57.2,1011.7,25.3,37.5,0.9,345.9,26.9,1,28.5,LOW,0.06,0.0,LOW
1.9,5.1,9.3,18.3,32.5,29.9,67.1,1008.6,33.0,22.4,2.3,607.1,50.9,5,63.7,MODERATE,0.29,0.0,MODERATE
1.1,2.6,4.8,8.6,13.9,29.4,70.8,996.8,36.4,6.0,8.5,322.2,47.1,7,82.2,MODERATE,0.47,0.84,HIGH
7.4,16.5,33.7,49.2,65.2,35.3,71.6,1004.6,43.5,3.4,19.2,652.8,60.7,8,49.3,MODERATE,0.34,0.7,HIGH
1.9,3.7,6.5,12.4,22.2,31.3,68.4,1005.0,39.5,2.9,1.9,385.0,44.5,8,52.2,MODERATE,0.44,0.85,HIGH
2.9,6.0,9.7,15.5,21.4,27.2,68.4,995.2,39.7,19.0,0.9,417.5,35.4,5,72.8,MODERATE,0.34,0.3,MODERATE
6.3,16.7,28.0,49.3,81.8,33.0,60.5,1017.8,26.0,2.7,1.6,25.9,57.2,6,31.2,LOW,0.75,1.62,CRITICAL
2.3,5.0,8.3,12.9,20.2,30.8,59.7,1012.5,19.9,26.2,1.7,50.3,33.3,2,41.2,MODERATE,0.22,0.0,LOW
4.1,8.9,17.9,32.9,47.7,31.2,74.4,1003.1,31.3,24.4,3.9,505.6,43.8,3,56.3,MODERATE,0.28,0.0,MODERATE
8.7,17.8,32.5,59.6,82.8,32.2,68.3,1005.2,27.7,3.5,2.7,561.8,52.2,5,60.5,MODERATE,0.69,1.29,CRITICAL
15.7,40.1,80.0,138.5,192.4,33.9,69.1,1006.8,37.7,44.7,5.4,311.9,84.8,2,90.8,HIGH,0.92,1.11,CRITICAL
0.3,0.6,1.2,1.8,3.1,28.3,77.5,987.6,56.4,15.3,4.5,354.0,36.7,5,103.6,HIGH,0.43,0.41,MODERATE
4.2,9.0,19.2,29.7,51.6,34.5,67.2,1002.9,43.0,44.3,1.3,377.1,47.0,1,57.5,MODERATE,0.21,0.0,LOW
7.9,17.7,38.8,63.2,96.8,32.2,70.8,999.2,33.4,43.7,5.7,57.2,59.2,3,59.9,MODERATE,0.5,0.22,HIGH
4.0,9.1,17.9,26.6,36.0,27.8,79.6,996.5,41.7,5.9,6.9,433.9,43.4,7,82.9,MODERATE,0.54,1.19,HIGH
13.5,30.2,63.6,101.8,177.4,35.9,78.8,1002.6,39.6,10.6,3.5,262.4,91.3,5,71.4,MODERATE,0.97,1.98,CRITICAL
3.2,7.4,13.7,24.8,38.2,33.6,52.3,1020.3,13.1,4.6,9.5,365.6,56.3,6,7.1,LOW,0.23,0.0,LOW
16.9,43.1,92.9,176.4,268.1,29.3,69.6,1010.4,30.2,28.8,5.6,329.7,87.7,2,69.9,MODERATE,0.98,1.54,CRITICAL
2.0,5.2,10.8,17.2,25.9,34.2,61.5,1000.1,33.1,14.6,3.5,562.1,43.8,5,61.0,MODERATE,0.3,0.0,MODERATE
1.0,2.6,5.8,8.9,13.2,36.5,58.7,1009.9,24.0,49.6,8.6,160.8,34.4,0,31.7,LOW,0.05,0.0,LOW
5.7,11.3,22.0,41.7,65.2,32.2,54.3,1016.9,20.4,6.2,3.5,192.7,56.8,5,2.0,LOW,0.42,0.69,HIGH
1.8,4.5,9.1,17.6,28.3,30.5,55.5,1012.9,27.8,23.0,2.9,203.8,40.4,3,41.0,MODERATE,0.25,0.0,LOW
1.2,2.4,4.6,7.5,11.5,30.3,60.2,1005.5,28.1,83.6,1.8,561.2,34.6,1,43.4,MODERATE,0.05,0.0,LOW
11.2,22.3,37.5,53.2,92.9,31.7,75.0,999.5,34.6,21.7,7.8,229.3,70.6,4,82.8,MODERATE,0.77,1.23,CRITICAL
1.5,4.1,7.1,12.9,18.8,34.7,62.7,1010.9,23.1,3.3,0.8,89.1,33.4,5,29.0,LOW,0.37,0.94,HIGH
1.9,4.8,10.1,18.9,30.1,32.6,67.8,1008.3,26.1,18.0,2.5,1564.2,31.0,5,45.6,MODERATE,0.05,0.0,LOW
10.1,23.7,36.5,51.5,74.6,32.0,65.9,1012.6,21.7,5.6,3.0,273.4,59.2,5,39.8,LOW,0.66,1.46,CRITICAL
0.9,2.4,4.6,8.0,13.4,35.2,65.6,1010.4,25.9,2.6,3.1,59.0,36.9,5,27.9,LOW,0.34,0.53,MODERATE
0.3,0.8,1.4,2.4,3.2,31.1,64.7,1013.9,26.7,9.3,4.0,436.6,32.7,4,25.9,LOW,0.14,0.0,LOW
2.6,6.2,11.0,18.0,25.1,32.6,71.8,1000.5,36.6,7.6,2.8,525.7,55.6,5,71.5,MODERATE,0.49,0.84,HIGH
1.7,4.1,8.7,16.2,27.5,31.5,53.7,1016.2,27.9,30.0,1.3,278.6,46.2,2,27.0,LOW,0.16,0.0,LOW
0.9,2.4,5.0,8.2,11.4,32.0,72.5,1006.7,35.8,10.4,7.1,410.1,37.8,5,52.0,MODERATE,0.23,0.0,LOW
0.6,1.2,2.3,4.2,6.7,32.7,52.1,1022.0,11.1,25.8,4.1,87.0,33.3,2,2.0,LOW,0.08,0.0,LOW
7.9,16.1,27.2,46.5,83.0,29.7,68.5,999.1,33.8,2.3,7.1,189.3,60.0,5,68.9,MODERATE,0.81,1.63,CRITICAL
2.9,7.2,13.2,20.4,31.9,31.8,55.9,1019.8,29.1,2.3,1.4,82.1,35.1,6,30.3,LOW,0.44,0.75,HIGH
1.4,3.1,5.5,9.7,13.5,34.3,62.6,1006.7,26.3,2.5,3.8,201.1,36.1,6,36.4,LOW,0.32,0.67,HIGH
14.2,28.5,49.9,91.9,134.2,28.1,70.8,999.5,34.3,6.5,4.7,329.4,71.7,4,79.7,MODERATE,0.93,1.89,CRITICAL
2.3,4.9,7.7,15.4,26.3,28.3,73.5,1000.9,31.8,10.4,2.0,237.1,43.3,6,62.8,MODERATE,0.48,0.76,HIGH
9.1,19.9,37.5,61.0,90.1,35.6,72.4,1002.3,38.1,18.8,6.2,356.8,59.1,4,88.0,MODERATE,0.75,1.1,CRITICAL
2.7,7.1,12.2,17.6,29.2,33.6,61.2,1008.6,30.7,78.7,0.3,279.7,39.6,2,39.6,LOW,0.05,0.0,LOW
0.6,1.4,2.8,5.7,9.5,25.3,62.5,1009.4,57.5,9.9,3.5,160.3,42.2,6,59.7,MODERATE,0.39,0.71,HIGH
11.9,27.6,47.5,84.4,130.8,28.6,77.8,1000.1,49.8,3.0,3.6,73.8,62.7,5,101.8,HIGH,0.97,2.05,CRITICAL
1.8,4.8,8.7,17.1,28.9,26.1,71.2,1004.8,31.8,5.9,3.0,125.7,41.6,5,80.2,MODERATE,0.64,1.23,CRITICAL
0.5,1.4,2.2,3.2,4.6,30.6,65.4,1022.0,13.7,43.1,3.8,100.1,33.7,3,3.7,LOW,0.05,0.0,LOW
1.2,2.8,6.2,10.0,15.6,24.8,62.7,1019.7,15.2,23.6,0.9,482.0,44.3,4,5.5,LOW,0.09,0.0,LOW
6.9,18.2,33.8,50.0,82.2,30.8,71.3,1008.7,24.9,30.1,4.3,666.6,55.3,3,71.8,MODERATE,0.43,0.37,MODERATE
1.5,3.2,4.9,9.3,12.9,27.9,61.3,1005.3,28.2,4.4,1.7,499.3,40.7,6,61.4,MODERATE,0.37,0.68,HIGH
1.4,3.0,5.7,10.9,15.7,31.0,71.5,1006.0,27.5,4.6,2.4,407.2,41.0,5,50.7,MODERATE,0.35,0.89,HIGH
0.0,0.1,0.2,0.4,0.6,27.3,64.1,1010.2,23.0,4.1,1.7,154.8,26.0,5,2.3,LOW,0.15,0.0,LOW
6.0,14.5,29.5,44.7,72.7,29.7,72.7,996.3,38.5,37.0,2.5,486.7,54.7,2,84.1,MODERATE,0.47,0.15,MODERATE
4.3,9.9,19.8,29.2,45.2,29.3,71.1,1002.8,32.6,6.2,3.7,368.1,38.7,7,48.8,MODERATE,0.44,0.85,HIGH
3.4,8.1,13.0,22.8,38.7,32.5,84.5,990.8,68.0,20.5,6.7,33.3,47.4,3,101.0,HIGH,0.65,0.99,HIGH
0.3,0.8,1.6,2.7,4.2,34.7,68.3,1008.4,30.8,15.1,2.6,920.1,32.5,4,53.2,MODERATE,0.11,0.0,LOW
2.3,4.4,9.0,16.3,28.5,33.4,59.8,1010.5,56.9,16.2,1.7,46.7,48.8,4,51.8,MODERATE,0.46,0.64,HIGH
13.8,26.9,51.1,80.8,134.8,29.3,75.5,1000.9,35.3,5.9,2.6,280.5,71.2,5,100.5,HIGH,0.96,1.98,CRITICAL
2.0,4.6,9.8,16.2,23.5,37.5,54.7,1018.4,18.6,20.2,4.4,288.5,37.6,3,13.6,LOW,0.13,0.0,LOW
21.0,43.0,72.9,103.0,154.2,25.4,77.9,994.6,41.2,2.8,1.8,704.3,83.4,6,90.3,HIGH,0.96,2.14,CRITICAL
0.1,0.3,0.4,0.7,1.2,25.5,76.9,992.6,41.7,92.6,2.2,943.2,31.0,1,100.7,HIGH,0.05,0.0,LOW
20.2,47.3,99.7,164.9,288.2,30.7,65.9,1006.9,26.7,2.5,3.2,1082.0,94.5,6,70.7,MODERATE,0.98,2.08,CRITICAL
1.8,4.4,8.4,16.5,22.9,37.5,65.3,1013.9,41.5,2.9,1.5,335.4,43.6,8,38.7,LOW,0.39,0.78,HIGH
4.2,9.0,13.4,24.0,37.4,32.1,51.9,1019.3,47.4,9.1,1.1,446.8,43.4,6,24.2,LOW,0.29,0.0,MODERATE
2.9,7.0,12.2,19.9,27.1,29.7,81.4,1001.1,31.7,34.1,0.8,50.2,35.8,3,74.4,MODERATE,0.34,0.1,MODERATE
1.3,3.2,6.8,10.6,15.3,28.3,52.1,1014.2,19.3,7.4,1.8,269.3,45.4,4,30.7,LOW,0.3,0.0,MODERATE
2.8,7.5,11.4,22.2,36.5,33.0,65.8,1004.7,32.1,13.5,0.5,881.9,47.5,6,77.9,MODERATE,0.38,0.68,HIGH
3.4,8.7,13.0,18.3,24.5,32.9,71.5,1003.5,30.5,2.3,3.4,246.1,37.9,8,56.5,MODERATE,0.47,0.99,HIGH
8.7,20.5,34.7,55.5,90.5,33.7,65.5,1012.5,23.3,3.5,1.0,42.4,61.1,5,50.9,MODERATE,0.85,1.79,CRITICAL
6.6,13.5,28.9,56.8,99.5,29.9,63.6,1010.5,22.8,18.9,2.0,100.1,67.4,4,26.4,LOW,0.67,1.0,HIGH
55.4,135.3,288.4,517.0,922.7,27.1,78.9,991.6,46.0,5.9,1.4,228.3,90.6,8,129.0,HIGH,0.98,2.21,CRITICAL
2.7,7.1,13.2,22.7,32.0,29.2,60.6,1017.6,17.1,23.3,3.8,118.1,45.0,5,32.5,LOW,0.25,0.0,LOW
1.6,3.3,6.1,9.3,15.6,32.5,58.0,1016.7,18.9,29.7,6.9,204.3,44.5,2,23.0,LOW,0.1,0.0,LOW
0.9,2.0,3.4,6.5,11.4,27.3,79.7,999.7,33.6,36.2,3.8,168.9,45.8,4,65.2,MODERATE,0.2,0.0,LOW
36.3,73.3,122.4,186.4,250.8,28.2,70.0,1008.4,28.4,4.6,3.0,161.0,89.4,5,77.6,MODERATE,0.98,2.19,CRITICAL
4.9,12.3,25.4,39.3,59.2,30.2,69.5,1009.2,55.8,12.9,4.2,51.3,44.6,5,72.9,MODERATE,0.68,1.34,CRITICAL
6.2,13.9,21.8,33.1,58.2,29.8,61.9,1007.2,28.3,54.9,0.4,829.4,44.5,1,33.1,LOW,0.06,0.0,LOW
4.4,8.5,15.7,23.4,32.9,28.7,71.8,1000.3,48.9,28.6,0.8,463.4,40.6,4,97.4,HIGH,0.42,0.32,MODERATE
6.8,17.6,34.2,67.4,119.1,31.1,71.6,999.3,48.0,4.2,0.6,386.1,63.1,7,87.7,MODERATE,0.93,2.01,CRITICAL
17.1,40.1,63.1,111.1,173.7,30.8,63.7,1004.8,51.9,14.6,0.7,369.4,74.3,5,79.7,MODERATE,0.96,1.84,CRITICAL
0.7,1.4,2.7,4.8,6.5,31.3,62.4,1015.0,29.7,48.0,1.4,206.9,46.0,1,33.8,LOW,0.07,0.0,LOW
1.6,3.6,6.8,13.3,20.3,31.8,62.2,1009.6,31.3,12.4,3.0,673.7,43.2,6,64.9,MODERATE,0.28,0.0,MODERATE
1.4,3.0,6.0,9.3,13.6,27.8,74.3,1001.8,46.1,34.7,0.7,1025.7,36.1,3,85.1,MODERATE,0.11,0.0,LOW
5.6,12.7,21.1,29.6,42.7,31.8,58.0,1011.6,21.3,14.3,9.9,17.1,46.6,4,32.2,LOW,0.33,0.18,MODERATE
1.1,2.3,4.0,7.0,11.0,27.8,96.4,980.8,57.1,4.0,7.0,46.4,29.1,7,143.7,HIGH,0.8,1.8,CRITICAL
0.2,0.5,1.0,1.7,2.6,28.3,56.3,1014.8,53.7,4.9,12.8,442.1,41.5,7,26.1,LOW,0.12,0.0,LOW
4.3,10.9,23.7,40.0,61.7,31.2,81.4,990.2,54.3,2.9,0.5,117.3,42.2,7,102.3,HIGH,0.88,2.09,CRITICAL
6.2,15.1,25.0,35.9,48.3,28.1,74.9,1001.9,56.7,5.9,7.0,937.3,50.8,7,99.1,HIGH,0.53,1.0,HIGH
5.0,10.7,23.4,39.2,66.7,29.6,73.2,995.5,49.2,42.3,6.0,433.3,44.1,2,91.6,HIGH,0.35,0.1,MODERATE
0.5,1.2,2.4,3.8,5.9,32.1,81.5,994.0,55.3,20.9,8.4,189.5,34.5,4,104.2,HIGH,0.38,0.4,MODERATE
7.2,18.5,38.4,60.1,102.7,34.3,54.5,1014.9,27.1,26.2,2.9,218.9,69.5,4,45.3,MODERATE,0.66,0.97,HIGH
29.0,56.7,88.7,135.9,232.8,30.2,78.9,1001.0,42.9,19.5,5.7,461.1,81.8,3,104.0,HIGH,0.98,1.72,CRITICAL
1.9,3.7,6.4,10.2,14.9,30.2,66.3,1007.9,30.3,10.8,0.5,72.7,38.3,5,40.9,MODERATE,0.37,0.74,HIGH
8.4,19.8,30.5,49.1,63.9,33.0,65.9,1004.6,48.4,6.4,0.6,831.7,55.7,4,86.9,MODERATE,0.67,1.28,CRITICAL
4.4,10.7,18.8,29.8,52.4,32.9,63.8,1009.1,37.2,48.8,0.7,16.8,51.7,3,57.0,MODERATE,0.3,0.0,MODERATE
2.0,4.1,9.0,17.8,30.0,29.2,72.0,1005.7,41.6,15.0,8.9,1482.1,43.6,3,70.9,MODERATE,0.1,0.0,LOW
3.1,7.6,12.0,23.6,31.9,27.2,74.3,994.1,47.5,13.8,0.5,84.7,46.3,5,89.4,MODERATE,0.69,1.52,CRITICAL
2.2,5.2,9.9,17.2,28.4,26.7,58.0,1013.5,21.6,101.9,0.7,530.0,39.8,0,44.2,MODERATE,0.05,0.0,LOW
4.4,11.6,17.4,34.6,45.4,30.5,70.8,1000.8,32.0,10.7,9.6,30.5,57.1,7,93.5,HIGH,0.73,1.45,CRITICAL
3.6,7.3,14.5,28.9,38.0,28.7,73.2,991.8,62.9,36.7,0.7,229.6,37.4,1,91.6,HIGH,0.4,0.1,MODERATE
16.0,40.0,65.6,105.8,165.4,33.0,80.5,1001.4,38.2,37.7,7.4,393.1,86.3,2,103.9,HIGH,0.91,1.28,CRITICAL
1.2,2.4,3.8,6.4,8.6,33.3,55.5,1017.8,17.2,6.8,5.8,42.7,38.3,6,19.2,LOW,0.23,0.0,LOW
5.4,12.6,21.9,43.3,77.2,35.0,66.9,1012.2,21.3,3.8,0.4,237.6,59.3,8,20.4,LOW,0.64,1.44,CRITICAL
1.7,3.9,8.0,14.2,24.8,28.5,71.9,1002.0,44.6,68.9,0.4,152.2,45.8,1,53.9,MODERATE,0.07,0.0,LOW
5.3,11.7,18.5,28.2,45.8,33.1,66.0,1002.0,44.9,12.0,3.0,277.1,50.4,5,72.7,MODERATE,0.6,1.11,HIGH
3.0,7.6,12.7,23.0,30.7,29.0,70.7,1002.3,43.7,2.0,20.8,281.9,39.4,8,82.2,MODERATE,0.39,0.68,HIGH
1.2,2.3,3.4,5.2,7.7,34.9,58.9,1022.0,18.3,14.4,7.7,599.5,35.7,4,22.5,LOW,0.08,0.0,LOW
8.4,19.4,42.2,67.7,100.6,27.5,65.0,1008.2,27.7,19.4,1.6,65.1,55.4,3,62.8,MODERATE,0.79,1.32,CRITICAL
9.7,20.1,38.5,59.1,91.1,31.8,71.6,1008.7,26.5,28.9,2.0,47.8,58.5,4,90.4,HIGH,0.8,1.26,CRITICAL
2.0,5.1,10.2,15.8,21.9,26.9,66.7,1013.8,18.5,53.5,2.0,210.3,42.6,1,44.4,MODERATE,0.08,0.0,LOW
8.2,15.9,31.1,43.6,69.3,30.3,71.5,1007.0,39.7,46.4,4.9,845.3,57.1,1,61.3,MODERATE,0.16,0.0,LOW
20.3,52.1,83.4,160.9,244.2,31.5,68.0,1002.8,30.4,52.7,1.8,749.5,92.0,0,76.5,MODERATE,0.92,1.07,CRITICAL
6.3,16.2,31.1,49.0,87.0,29.2,64.5,1003.3,37.1,2.6,0.9,327.0,50.1,7,82.7,MODERATE,0.86,1.7,CRITICAL
1.0,2.7,4.2,6.2,10.9,28.0,65.9,1004.4,33.6,24.4,5.1,849.6,35.2,5,41.7,MODERATE,0.07,0.0,LOW
8.1,16.3,29.1,42.3,66.9,32.8,69.8,1004.7,33.7,6.6,2.4,636.9,50.1,5,80.0,MODERATE,0.66,1.31,CRITICAL
0.6,1.4,2.6,4.5,7.3,31.3,66.3,1011.2,42.0,5.7,0.6,138.7,30.5,6,48.0,MODERATE,0.36,0.78,HIGH
9.7,18.5,35.0,69.8,95.5,29.5,57.3,1005.4,27.2,31.0,5.8,85.9,57.1,4,40.2,MODERATE,0.51,0.43,HIGH
3.4,8.7,13.8,20.5,28.9,31.6,63.5,1011.2,32.9,11.7,3.4,151.2,43.0,6,27.4,LOW,0.3,0.0,MODERATE
3.5,8.7,13.2,19.3,33.8,37.2,69.9,1004.3,28.5,46.7,2.7,112.9,51.4,0,79.4,MODERATE,0.29,0.0,MODERATE
0.4,0.9,1.8,3.0,4.9,33.7,66.6,1005.7,27.0,2.8,4.2,385.4,31.6,5,42.6,MODERATE,0.24,0.0,LOW
6.7,16.5,33.2,57.7,80.5,31.3,88.5,988.0,49.3,31.2,2.8,349.1,51.5,4,117.7,HIGH,0.75,0.84,CRITICAL
10.5,20.7,32.2,50.8,80.5,32.8,64.4,1012.8,19.9,4.6,4.0,361.7,54.1,5,31.7,LOW,0.59,1.16,HIGH
0.1,0.3,0.5,0.9,1.5,31.5,72.7,1007.9,36.8,5.5,7.4,94.7,37.1,4,81.4,MODERATE,0.46,0.99,HIGH
2.4,5.0,10.7,17.7,26.1,25.8,60.7,1013.5,24.7,13.7,3.6,611.4,48.3,7,35.6,LOW,0.2,0.0,LOW
43.4,116.2,236.9,376.3,524.1,25.6,92.8,980.4,52.8,11.1,4.1,231.0,89.6,6,154.1,EXTREME,0.98,1.71,CRITICAL
1.2,3.1,6.8,13.2,23.4,31.8,63.2,1022.0,10.3,14.0,3.6,258.0,34.2,4,12.2,LOW,0.16,0.0,LOW
4.7,11.7,19.6,27.9,42.8,25.8,76.0,1003.8,36.2,52.6,3.0,2217.7,40.6,2,88.7,MODERATE,0.05,0.0,LOW
2.2,5.8,10.8,16.6,25.0,29.1,55.6,1014.4,30.9,21.3,1.0,141.0,42.8,3,18.1,LOW,0.2,0.0,LOW
6.0,13.1,21.8,41.0,58.8,24.5,74.3,996.2,41.0,8.2,1.7,205.4,56.2,4,80.9,MODERATE,0.78,1.62,CRITICAL
0.9,2.3,4.4,8.3,14.6,31.3,62.7,1010.2,28.5,5.4,4.4,443.8,48.1,4,56.4,MODERATE,0.36,0.89,HIGH
0.2,0.4,0.7,1.0,1.7,31.5,78.1,996.0,49.4,11.8,2.2,822.0,29.5,4,91.4,HIGH,0.25,0.0,LOW
8.7,21.7,34.5,68.4,102.7,32.7,76.2,999.7,40.4,12.8,2.1,66.5,63.9,5,69.3,MODERATE,0.87,1.69,CRITICAL
2.3,5.7,8.8,16.0,21.0,33.9,51.4,1021.3,12.8,18.6,5.3,519.7,35.6,4,11.1,LOW,0.09,0.0,LOW
0.8,1.6,3.2,5.0,7.6,28.1,70.2,1003.4,36.6,7.6,0.3,966.7,32.6,6,61.6,MODERATE,0.19,0.0,LOW
1.0,2.3,4.2,7.0,9.7,26.1,57.0,1006.8,33.4,28.3,4.3,223.9,32.7,5,44.2,MODERATE,0.14,0.0,LOW
2.6,4.9,9.5,15.0,20.5,27.3,69.8,1012.4,30.4,3.9,2.7,143.4,39.0,8,58.4,MODERATE,0.5,1.11,HIGH
8.1,21.8,46.1,68.7,102.8,28.1,62.6,1009.2,30.8,16.8,2.0,445.3,58.9,5,54.2,MODERATE,0.69,1.11,HIGH
2.0,4.0,8.1,12.8,17.2,28.6,67.8,1006.3,53.9,19.6,1.8,122.3,52.1,3,61.1,MODERATE,0.41,0.63,HIGH
11.7,27.2,49.6,86.7,154.3,30.7,64.5,1008.1,26.0,6.2,1.0,199.3,75.1,6,53.8,MODERATE,0.95,1.86,CRITICAL
0.1,0.3,0.6,1.1,1.5,30.5,60.7,1022.0,34.1,33.5,1.7,878.4,40.4,2,34.0,LOW,0.05,0.0,LOW
12.5,25.8,47.0,76.0,114.1,31.5,54.7,1004.5,34.1,19.2,2.0,354.1,63.1,3,45.2,MODERATE,0.71,1.23,CRITICAL
5.1,11.7,18.4,29.6,41.0,30.3,67.1,1006.7,34.6,20.7,2.3,52.9,57.4,6,31.6,LOW,0.39,0.47,MODERATE
3.9,9.3,20.3,34.2,56.2,31.9,60.9,1013.9,19.1,14.4,4.2,167.0,52.1,6,30.9,LOW,0.43,0.76,HIGH
1.4,2.9,4.4,7.9,10.6,34.8,58.8,1014.4,21.6,45.3,2.4,390.0,42.1,1,33.8,LOW,0.06,0.0,LOW
7.4,18.7,35.2,65.1,102.4,29.1,69.1,1015.1,28.8,23.3,5.9,264.6,60.2,3,41.1,MODERATE,0.57,0.74,HIGH
0.8,1.6,2.8,4.4,7.4,32.5,59.8,1010.4,31.7,10.7,3.9,425.3,41.9,4,33.2,LOW,0.19,0.0,LOW
0.5,1.1,2.1,3.7,6.5,29.3,80.1,995.3,37.7,6.9,1.0,559.6,38.5,6,83.0,MODERATE,0.41,0.76,HIGH
1.2,2.7,5.1,8.4,13.9,31.7,59.3,1018.9,19.5,3.3,1.4,263.9,36.9,5,21.1,LOW,0.26,0.0,LOW
21.8,48.5,81.0,148.2,200.0,31.6,82.6,995.3,38.1,5.3,0.6,1663.9,84.6,5,91.0,HIGH,0.93,2.03,CRITICAL
7.5,19.7,37.2,55.8,75.0,33.2,63.1,1007.6,68.6,90.5,10.5,950.3,54.4,3,73.2,MODERATE,0.05,0.0,LOW
6.1,15.9,32.2,50.1,83.5,27.4,70.0,998.6,52.2,11.4,7.9,38.5,56.3,6,49.1,MODERATE,0.68,1.34,CRITICAL
6.8,15.5,26.2,43.3,60.9,30.2,74.4,1004.5,28.1,43.2,0.6,132.7,56.1,1,74.7,MODERATE,0.46,0.13,MODERATE
0.9,1.9,3.3,6.5,9.9,31.8,68.4,1007.8,40.2,5.4,3.3,150.8,36.6,6,59.1,MODERATE,0.42,0.86,HIGH
8.2,17.7,29.9,52.2,93.4,30.4,58.6,1007.7,44.7,12.0,11.6,92.4,51.1,6,58.5,MODERATE,0.68,1.44,CRITICAL
7.9,16.6,34.4,68.2,116.6,32.6,63.0,1008.6,27.2,60.2,5.1,157.1,70.3,0,26.7,LOW,0.27,0.0,LOW
2.6,6.0,12.0,17.5,30.2,33.3,59.5,1018.7,23.5,3.7,2.7,225.2,49.8,6,27.8,LOW,0.4,0.62,HIGH
3.9,9.9,21.0,35.2,60.8,35.8,69.6,1008.9,28.1,18.2,1.3,35.1,43.4,3,47.5,MODERATE,0.55,0.91,HIGH
23.1,49.6,80.4,132.7,213.6,26.6,66.8,1002.9,38.0,47.3,1.4,66.7,99.0,2,97.3,HIGH,0.98,1.13,CRITICAL
2.8,5.8,9.0,15.8,26.5,31.5,47.4,1013.2,22.3,55.8,5.0,53.5,49.3,1,25.5,LOW,0.07,0.0,LOW
3.9,8.9,14.1,26.5,39.3,29.8,63.1,1015.1,20.2,35.7,5.6,33.0,42.6,2,19.9,LOW,0.14,0.0,LOW
4.3,8.5,13.7,26.1,46.9,30.8,70.7,994.6,42.5,36.9,2.9,264.6,42.3,1,62.9,MODERATE,0.27,0.0,LOW
3.1,7.7,14.3,25.8,37.2,27.3,54.4,1010.1,23.5,21.0,0.8,169.3,50.5,5,27.1,LOW,0.3,0.0,MODERATE
1.9,4.3,9.5,16.9,26.9,32.4,49.6,1011.0,35.5,6.5,9.8,1056.3,35.6,5,40.4,MODERATE,0.1,0.0,LOW
4.2,9.7,17.0,33.4,48.2,28.8,74.6,1002.5,33.4,25.6,6.8,56.2,44.9,3,85.1,MODERATE,0.53,0.63,HIGH
1.0,2.2,4.9,7.9,10.8,30.4,59.9,1016.7,19.5,71.0,0.8,1004.6,31.4,0,27.7,LOW,0.05,0.0,LOW
3.7,9.7,14.8,28.0,44.4,26.9,68.4,1003.7,46.6,15.4,0.5,49.4,47.2,3,67.9,MODERATE,0.63,1.1,HIGH
6.6,12.9,27.8,54.3,80.2,29.7,74.6,1006.1,31.8,7.4,3.0,381.9,64.4,4,61.9,MODERATE,0.75,1.34,CRITICAL
4.4,11.5,18.6,31.6,50.3,33.2,72.9,1003.5,35.2,17.3,1.5,123.2,50.7,4,68.7,MODERATE,0.62,0.77,HIGH
2.5,5.5,11.8,21.8,34.4,30.6,76.5,1005.1,52.3,23.1,1.5,681.3,49.5,5,87.5,MODERATE,0.39,0.24,MODERATE
12.6,32.8,50.5,82.1,129.0,31.0,69.0,995.7,54.3,6.2,0.6,39.1,68.7,5,87.5,MODERATE,0.96,2.1,CRITICAL
8.4,20.8,45.0,67.2,91.5,33.2,78.1,992.8,41.4,24.9,11.0,1172.9,60.7,4,105.5,HIGH,0.46,0.42,MODERATE
0.1,0.1,0.2,0.4,0.5,33.2,49.7,1018.6,18.7,17.9,6.5,33.4,29.0,4,4.8,LOW,0.09,0.0,LOW
4.2,10.7,18.4,27.9,47.6,28.3,73.1,997.8,63.2,19.1,0.7,119.8,47.6,4,99.2,HIGH,0.73,1.22,CRITICAL
20.6,50.3,92.8,155.4,226.5,30.7,74.0,996.6,39.7,8.6,7.6,252.1,86.3,4,103.8,HIGH,0.98,2.21,CRITICAL
19.3,37.2,65.8,126.6,192.6,26.8,86.2,986.7,49.8,5.0,4.3,551.1,87.2,4,136.0,HIGH,0.98,2.16,CRITICAL
3.4,6.8,13.5,19.6,30.3,28.7,73.1,999.6,34.7,19.6,1.7,1161.9,42.2,3,96.7,HIGH,0.27,0.0,LOW
31.4,75.6,165.1,234.1,405.4,25.3,80.6,993.8,39.9,17.9,7.5,227.3,88.4,3,86.2,MODERATE,0.98,1.72,CRITICAL
0.2,0.5,1.0,1.7,2.8,34.9,60.9,1019.0,23.9,9.4,3.5,553.1,46.3,6,32.5,LOW,0.17,0.0,LOW
18.7,46.8,93.8,150.0,202.5,30.9,72.5,1013.6,30.4,8.3,6.9,508.6,98.8,4,67.9,MODERATE,0.97,1.88,CRITICAL
2.4,6.0,9.3,15.4,26.7,30.3,71.6,999.2,61.2,9.7,2.5,336.7,49.4,4,86.4,MODERATE,0.6,1.18,HIGH
0.0,0.0,0.0,0.1,0.1,30.4,50.3,1022.0,21.9,14.1,2.7,461.2,44.0,5,9.8,LOW,0.1,0.0,LOW
2.3,5.9,10.7,15.6,26.1,32.9,63.1,1013.3,21.1,68.3,1.5,29.7,49.3,2,39.1,LOW,0.07,0.0,LOW
3.1,7.4,15.7,22.0,33.7,28.4,66.7,1002.2,30.5,28.0,2.0,236.4,44.2,4,66.2,MODERATE,0.35,0.1,MODERATE
12.0,25.4,44.9,87.2,146.3,27.4,92.8,983.8,82.9,36.4,3.2,600.6,74.6,2,152.7,EXTREME,0.94,1.57,CRITICAL
1.4,3.8,7.5,11.4,17.6,35.2,53.6,1022.0,13.3,14.7,10.6,259.3,41.0,7,18.8,LOW,0.13,0.0,LOW
19.2,36.8,61.1,101.2,168.8,31.0,75.1,993.2,42.5,15.4,3.5,800.7,80.4,3,99.5,HIGH,0.94,1.67,CRITICAL
5.8,12.7,21.3,42.2,73.4,28.7,77.3,991.0,60.6,6.1,0.9,696.6,50.0,4,100.5,HIGH,0.78,1.71,CRITICAL
2.5,6.2,10.9,20.7,36.1,27.4,65.2,1013.7,25.5,25.0,0.3,771.6,46.4,4,39.4,LOW,0.16,0.0,LOW
0.1,0.3,0.6,0.8,1.2,38.0,54.2,1022.0,11.9,11.9,7.0,67.9,27.5,5,3.0,LOW,0.1,0.0,LOW
0.1,0.2,0.3,0.6,1.0,36.7,56.0,1016.8,32.9,26.4,1.9,121.4,36.0,2,46.2,MODERATE,0.18,0.0,LOW
6.8,13.3,20.4,37.5,50.7,33.1,73.0,1009.8,62.6,11.5,1.6,26.4,44.0,4,52.0,MODERATE,0.6,1.11,HIGH
0.3,0.7,1.4,2.6,3.5,29.5,60.2,1010.1,22.9,4.1,5.9,1558.9,35.6,5,46.7,MODERATE,0.06,0.0,LOW
5.7,15.3,23.6,43.8,69.0,31.4,62.9,1012.3,35.8,5.4,10.5,117.4,54.9,6,54.6,MODERATE,0.65,1.33,CRITICAL
4.0,9.3,19.8,33.2,54.0,30.2,66.7,1011.5,24.7,32.0,5.1,188.8,48.1,3,39.0,LOW,0.26,0.0,LOW
1.0,2.3,3.7,5.5,7.6,34.2,58.5,1007.4,30.9,7.4,1.0,137.2,28.9,6,47.0,MODERATE,0.33,0.54,MODERATE
5.4,11.6,17.9,30.1,46.2,31.5,70.2,1005.9,46.2,7.5,2.0,30.4,41.8,6,80.8,MODERATE,0.74,1.61,CRITICAL
1.2,2.6,4.9,8.7,11.7,28.6,63.7,1004.5,56.9,49.7,5.3,130.1,40.5,1,57.6,MODERATE,0.1,0.0,LOW
5.6,10.8,20.0,35.4,56.7,28.6,77.7,998.6,36.4,21.3,8.6,54.3,47.8,4,98.1,HIGH,0.67,0.98,HIGH
10.9,23.1,42.5,61.3,106.0,33.2,65.6,1002.6,31.7,4.2,23.3,205.5,66.9,5,79.7,MODERATE,0.77,1.46,CRITICAL
7.7,17.4,33.1,47.7,79.6,32.7,83.4,990.6,42.8,4.8,2.8,1309.3,56.9,6,97.3,HIGH,0.62,1.05,HIGH
1.3,2.7,4.6,9.0,13.5,34.4,74.7,1004.2,34.8,7.7,6.4,470.3,37.7,7,53.2,MODERATE,0.25,0.0,LOW
13.5,26.6,52.3,78.0,140.2,31.4,79.5,996.6,36.1,18.2,0.5,481.4,75.3,5,94.9,HIGH,0.93,1.71,CRITICAL
2.1,5.3,9.8,15.4,25.1,28.8,77.2,995.6,41.2,27.2,1.5,244.4,38.5,4,71.5,MODERATE,0.33,0.22,MODERATE
8.1,21.3,36.9,68.7,117.4,22.8,66.1,1006.5,26.4,7.8,1.9,648.7,69.3,4,23.1,LOW,0.66,1.47,CRITICAL
1.4,3.8,7.8,12.9,21.1,33.0,56.2,1016.8,19.4,38.8,13.3,922.8,38.7,3,16.3,LOW,0.05,0.0,LOW
3.3,7.8,15.8,23.8,42.7,31.7,69.7,1012.8,19.7,4.1,0.3,1253.2,59.4,6,70.1,MODERATE,0.39,0.8,HIGH
20.6,40.1,71.2,119.6,204.6,29.2,75.6,991.7,55.5,6.2,1.6,54.6,84.3,4,102.7,HIGH,0.98,1.89,CRITICAL
10.9,27.1,56.6,98.6,153.8,29.7,70.0,996.6,37.9,65.4,9.6,819.6,75.5,2,88.7,MODERATE,0.42,0.1,MODERATE
0.2,0.3,0.7,1.1,1.6,28.5,65.5,1013.0,22.4,4.6,1.6,111.9,33.9,8,46.1,MODERATE,0.35,0.66,HIGH
3.2,7.7,14.4,28.2,46.2,30.9,71.2,996.6,52.3,41.4,1.2,207.4,41.0,2,82.3,MODERATE,0.35,0.1,MODERATE
13.6,34.2,56.5,88.7,141.4,32.0,65.3,1003.1,40.3,23.9,4.9,176.1,77.5,4,67.6,MODERATE,0.88,1.48,CRITICAL
0.1,0.2,0.4,0.7,1.1,33.0,57.6,1009.7,24.6,3.4,5.1,442.2,33.2,8,50.8,MODERATE,0.24,0.0,LOW
7.3,19.4,31.6,46.4,68.3,31.9,72.7,996.8,36.4,13.9,2.5,361.2,41.9,5,83.8,MODERATE,0.67,1.41,CRITICAL
8.4,20.8,31.9,52.2,79.1,32.3,67.4,1005.9,36.5,15.2,10.6,58.9,60.2,3,62.0,MODERATE,0.67,1.07,HIGH
10.7,26.2,45.3,83.5,131.9,28.1,78.8,993.7,42.9,50.4,1.1,595.3,68.1,1,108.7,HIGH,0.74,0.74,HIGH
13.5,28.5,57.2,87.8,151.0,29.8,77.3,999.9,44.2,11.8,8.9,235.1,76.0,4,75.9,MODERATE,0.93,1.84,CRITICAL
8.2,21.6,46.5,81.5,137.0,31.3,69.0,1007.7,29.3,12.7,5.2,15.8,76.1,5,44.6,MODERATE,0.89,1.8,CRITICAL
13.4,27.3,53.2,79.3,107.8,29.1,78.3,991.5,44.6,4.1,1.9,218.4,62.8,5,83.8,MODERATE,0.92,1.97,CRITICAL
9.2,24.1,52.2,76.3,108.6,33.7,64.6,1008.7,28.4,20.3,6.1,291.0,63.0,3,60.9,MODERATE,0.72,1.24,CRITICAL
7.6,16.3,25.6,43.8,57.6,32.3,71.2,1004.8,38.6,6.3,0.8,42.1,63.2,5,65.8,MODERATE,0.8,1.77,CRITICAL
3.3,6.5,10.1,18.2,23.7,36.5,71.1,1009.7,41.2,3.5,0.8,77.3,30.7,6,66.7,MODERATE,0.58,1.03,HIGH
4.0,10.2,19.7,28.9,40.8,36.5,67.6,1006.9,25.8,106.1,9.6,1932.9,39.8,0,55.3,MODERATE,0.05,0.0,LOW
3.0,5.7,12.3,24.0,40.8,32.5,57.0,1016.6,21.5,7.7,0.6,793.8,40.8,4,8.1,LOW,0.16,0.0,LOW
11.6,29.7,55.1,84.6,148.2,21.2,62.7,1006.1,26.6,4.7,0.3,69.4,84.7,5,54.0,MODERATE,0.96,1.97,CRITICAL
2.2,4.5,7.0,10.3,15.4,33.3,64.2,1001.4,36.2,23.6,2.0,344.9,36.0,3,72.6,MODERATE,0.28,0.0,MODERATE
3.0,7.7,12.7,19.4,30.7,29.5,71.0,1006.0,43.6,33.0,0.7,196.2,44.6,3,60.9,MODERATE,0.29,0.0,MODERATE
15.3,37.5,62.7,94.1,155.6,29.3,67.7,1009.6,26.3,3.2,7.3,313.2,75.4,5,74.1,MODERATE,0.95,1.97,CRITICAL
6.2,15.1,26.2,38.2,67.8,29.7,71.1,1005.4,48.5,4.0,9.3,256.6,56.7,5,63.7,MODERATE,0.68,1.28,CRITICAL
1.3,2.8,4.4,8.2,14.4,29.6,67.6,1005.3,35.0,3.7,2.6,33.8,38.9,6,66.1,MODERATE,0.56,1.1,HIGH
11.1,21.5,46.0,78.0,103.7,31.4,80.3,999.0,55.3,2.9,2.2,159.0,64.8,5,72.2,MODERATE,0.91,2.0,CRITICAL
39.0,100.1,186.3,304.2,433.3,26.0,70.6,999.4,44.5,21.4,3.0,66.0,96.4,3,104.8,HIGH,0.98,1.81,CRITICAL
20.5,41.7,82.2,162.0,214.6,26.4,82.8,993.1,40.5,18.0,1.2,270.1,92.2,6,104.2,HIGH,0.98,1.72,CRITICAL
2.2,4.8,7.5,12.1,19.5,33.6,56.5,1019.9,14.3,21.6,1.5,918.9,36.7,3,2.0,LOW,0.05,0.0,LOW
2.3,5.5,8.5,12.7,21.1,30.8,73.9,994.4,42.2,14.7,0.7,2071.2,42.4,5,98.8,HIGH,0.1,0.0,LOW
19.6,44.8,85.7,134.0,194.9,31.5,76.2,999.1,34.9,32.6,2.4,1112.0,99.0,3,83.7,MODERATE,0.89,1.45,CRITICAL
6.9,14.3,30.3,46.8,80.8,27.9,75.4,998.9,39.1,16.2,3.6,1629.0,60.0,4,72.6,MODERATE,0.28,0.0,MODERATE
9.9,19.9,37.2,63.2,96.4,29.3,64.3,1012.6,24.7,47.2,9.6,20.8,62.3,0,60.3,MODERATE,0.43,0.1,MODERATE
3.1,6.2,13.1,20.7,37.2,29.1,70.9,1002.5,55.0,14.0,5.0,511.8,38.4,7,74.8,MODERATE,0.39,0.64,HIGH
0.2,0.5,1.1,1.8,2.4,32.7,59.9,1015.6,21.1,30.1,4.8,136.1,39.3,5,36.7,LOW,0.12,0.0,LOW
7.1,13.6,21.2,38.1,51.6,33.6,85.0,999.3,45.6,11.4,1.6,777.7,53.6,7,71.8,MODERATE,0.49,1.09,HIGH
2.2,5.9,9.8,18.2,26.4,25.9,72.6,1007.4,47.7,12.3,8.0,653.6,43.8,6,54.3,MODERATE,0.22,0.0,LOW
12.5,25.7,50.3,91.9,120.7,29.2,77.8,997.9,51.4,36.0,10.6,224.4,68.8,2,118.3,HIGH,0.84,1.18,CRITICAL
3.2,6.3,11.3,17.3,29.2,29.7,55.6,1022.0,11.9,4.1,9.7,258.6,57.2,6,21.6,LOW,0.29,0.0,MODERATE
13.2,31.1,53.0,77.9,103.4,25.2,81.6,994.9,43.2,17.0,0.4,132.0,67.7,4,88.7,MODERATE,0.9,1.65,CRITICAL
13.9,27.2,48.8,84.3,141.1,33.5,69.0,1007.6,28.1,25.3,3.5,144.5,80.0,3,64.2,MODERATE,0.89,1.59,CRITICAL
3.0,7.1,12.9,19.6,26.0,32.8,64.4,1010.4,26.0,27.0,3.9,1524.6,42.5,5,32.5,LOW,0.05,0.0,LOW
7.8,20.3,43.3,62.8,89.6,32.3,64.2,1008.5,27.4,18.1,1.5,849.8,59.0,3,69.2,MODERATE,0.57,0.78,HIGH
13.5,26.2,41.1,70.6,121.4,32.8,69.4,1003.4,43.0,12.7,17.4,96.0,71.6,5,45.9,MODERATE,0.73,1.36,CRITICAL
5.4,13.7,23.2,37.0,65.8,29.3,53.5,1003.9,33.3,7.4,1.5,137.5,52.4,6,52.5,MODERATE,0.7,1.48,CRITICAL
4.9,10.8,20.2,37.5,56.6,29.7,69.3,1005.4,32.9,45.2,1.2,58.7,50.3,1,64.4,MODERATE,0.36,0.1,MODERATE
6.7,13.6,27.0,42.9,76.5,36.0,67.1,1003.8,61.0,10.3,2.6,1724.3,58.4,5,57.9,MODERATE,0.23,0.0,LOW
6.5,13.3,25.8,51.2,82.6,31.2,70.0,1013.2,19.5,30.9,1.7,918.4,55.2,2,42.2,MODERATE,0.24,0.0,LOW
0.3,0.7,1.5,2.8,4.3,34.8,55.1,1022.0,15.4,2.6,9.3,320.2,37.3,6,14.5,LOW,0.14,0.0,LOW
12.3,24.4,50.1,71.9,122.3,30.1,66.3,1000.3,44.1,6.8,2.3,463.6,69.0,5,53.8,MODERATE,0.85,1.78,CRITICAL
32.5,84.2,159.1,271.4,392.9,24.5,77.5,993.4,40.6,9.6,2.1,538.7,94.8,4,102.7,HIGH,0.98,2.12,CRITICAL
3.8,9.0,14.8,25.7,36.8,25.5,63.9,1004.2,35.7,22.0,3.7,101.6,42.1,3,56.1,MODERATE,0.38,0.43,MODERATE
1.6,3.1,5.6,10.2,16.6,31.6,57.4,1022.0,12.2,8.9,0.6,1051.7,29.6,4,2.1,LOW,0.06,0.0,LOW
12.6,28.7,56.9,96.7,144.6,32.4,75.4,998.2,50.5,2.8,5.2,299.3,73.2,5,85.7,MODERATE,0.96,2.0,CRITICAL
3.1,7.8,16.4,27.7,37.8,34.6,62.2,1018.9,16.3,5.4,5.4,51.9,47.4,4,24.9,LOW,0.41,0.77,HIGH
0.9,2.2,4.9,7.9,10.5,34.9,53.2,1019.3,16.0,7.4,2.5,207.3,42.7,5,2.6,LOW,0.18,0.0,LOW
18.1,41.5,79.7,124.6,211.1,27.6,72.4,1000.3,39.5,5.5,11.2,364.8,86.5,4,85.5,MODERATE,0.98,2.04,CRITICAL
2.3,6.0,11.2,22.1,36.2,35.4,57.9,1009.8,24.1,6.1,3.3,180.4,47.7,4,41.5,MODERATE,0.47,0.88,HIGH
0.2,0.3,0.5,0.8,1.2,30.2,61.0,1018.8,15.9,28.4,4.5,471.5,41.0,5,30.6,LOW,0.07,0.0,LOW
15.6,41.1,63.7,91.6,160.1,30.8,73.7,1001.8,35.0,11.6,9.3,827.2,82.8,4,68.1,MODERATE,0.86,1.81,CRITICAL
8.8,22.7,36.5,54.8,82.5,30.4,72.4,1003.3,32.6,11.4,4.1,576.6,53.7,4,64.5,MODERATE,0.62,1.16,HIGH
16.1,39.8,61.3,117.3,194.1,29.6,72.5,1000.1,38.4,63.2,2.3,406.0,85.0,0,92.4,HIGH,0.85,0.67,CRITICAL
1.5,3.9,6.9,12.1,21.2,32.9,77.5,996.4,43.5,12.7,0.4,287.7,43.0,6,67.8,MODERATE,0.46,0.54,MODERATE
0.3,0.7,1.3,2.4,4.1,28.2,80.9,999.5,39.7,49.3,4.9,126.6,44.3,3,82.8,MODERATE,0.15,0.0,LOW
27.7,67.6,131.6,248.1,385.9,25.9,75.4,994.6,46.5,8.4,12.0,245.6,90.1,4,110.0,HIGH,0.98,2.1,CRITICAL
1.1,2.6,4.8,9.1,14.9,30.8,69.0,1005.3,30.0,11.2,2.5,146.7,38.3,4,26.3,LOW,0.25,0.0,LOW
13.5,29.4,56.3,97.5,146.9,28.8,68.3,998.5,35.2,11.1,1.8,1048.0,68.5,5,73.3,MODERATE,0.83,1.72,CRITICAL
9.3,21.8,39.9,60.1,97.5,38.0,62.6,1007.0,36.8,16.2,2.9,918.8,60.0,4,60.8,MODERATE,0.54,0.89,HIGH
14.2,29.9,50.6,75.4,107.7,30.6,79.5,991.8,56.1,17.8,4.9,79.4,61.0,5,105.8,HIGH,0.91,1.69,CRITICAL
1.0,2.2,4.7,8.2,12.4,30.0,71.8,1007.8,26.9,7.1,0.3,672.2,38.5,4,49.1,MODERATE,0.25,0.0,LOW
4.5,9.6,15.0,24.3,34.2,29.0,61.6,1012.1,24.3,30.4,7.9,476.2,36.8,6,41.0,MODERATE,0.11,0.0,LOW
27.5,54.9,118.4,205.4,271.0,23.7,80.8,988.1,50.2,14.4,7.9,1420.0,88.4,5,134.8,HIGH,0.98,1.8,CRITICAL
3.0,6.4,11.0,18.6,29.7,28.6,64.0,1008.2,30.2,2.1,3.0,251.5,38.1,7,55.3,MODERATE,0.5,1.13,HIGH
1.4,3.7,6.9,12.2,21.1,32.4,57.5,1015.4,25.3,18.1,0.8,501.7,45.5,3,18.6,LOW,0.15,0.0,LOW
6.2,13.7,21.7,30.7,40.3,32.8,78.2,994.7,38.2,30.8,4.2,292.2,41.8,4,73.5,MODERATE,0.33,0.11,MODERATE
0.1,0.2,0.3,0.4,0.6,35.4,49.7,1019.2,23.1,7.2,0.8,42.3,32.3,7,17.7,LOW,0.23,0.0,LOW
15.0,30.5,55.0,100.8,154.2,31.7,72.1,1008.6,24.3,2.7,2.8,33.2,78.8,6,48.8,MODERATE,0.96,2.11,CRITICAL
16.9,37.8,76.3,115.7,188.9,29.1,70.0,999.0,38.6,31.6,0.6,64.5,84.7,2,77.6,MODERATE,0.96,1.51,CRITICAL
47.1,93.7,158.3,283.5,392.8,31.3,72.5,1004.5,41.9,69.3,3.4,148.5,99.0,0,100.1,HIGH,0.98,0.72,CRITICAL
3.5,7.1,13.5,23.3,30.9,30.0,58.4,1009.7,27.3,3.4,1.6,129.0,48.2,5,53.7,MODERATE,0.59,1.39,CRITICAL
10.0,23.9,40.6,80.7,125.9,35.1,71.4,1005.6,28.0,52.1,6.5,510.2,69.7,1,81.4,MODERATE,0.53,0.16,HIGH
1.3,3.1,5.6,10.6,18.1,30.8,68.2,1009.6,56.3,10.0,5.9,493.2,41.8,5,58.1,MODERATE,0.28,0.0,MODERATE
10.9,22.5,48.1,79.2,104.4,29.4,76.7,997.2,53.0,53.1,23.0,1365.6,51.9,1,86.7,MODERATE,0.06,0.0,LOW
5.7,13.0,27.2,48.1,71.0,25.3,62.4,1006.4,37.7,20.8,1.3,156.2,60.7,3,40.4,MODERATE,0.56,0.75,HIGH
26.0,67.2,125.2,184.0,300.3,28.6,79.3,993.0,43.9,41.8,0.5,1074.4,92.6,1,139.0,HIGH,0.98,1.36,CRITICAL
10.8,22.0,36.7,59.9,81.7,32.6,63.4,1004.1,30.0,29.7,2.3,375.6,57.1,2,57.2,MODERATE,0.49,0.42,MODERATE
25.8,49.4,80.8,148.7,210.9,27.0,73.4,997.3,57.9,2.5,0.6,274.8,92.8,5,108.3,HIGH,0.98,2.15,CRITICAL
20.1,48.8,105.7,187.5,293.9,28.0,78.6,998.7,39.9,3.2,1.0,433.8,93.4,5,99.7,HIGH,0.98,1.77,CRITICAL
7.9,15.3,25.1,42.4,75.4,34.1,64.1,1015.5,31.9,15.4,3.5,476.0,53.6,4,34.2,LOW,0.43,0.6,HIGH
0.2,0.6,1.3,2.0,2.9,28.3,61.2,1014.3,21.2,4.5,3.4,86.7,37.7,5,24.5,LOW,0.26,0.0,LOW
7.7,18.5,32.5,61.1,94.3,34.0,59.5,1010.2,25.4,13.1,0.5,544.4,66.2,4,27.2,LOW,0.57,0.9,HIGH
9.9,22.6,49.5,77.4,116.1,28.1,79.1,995.7,70.8,57.7,2.3,505.8,69.2,1,116.6,HIGH,0.67,0.36,HIGH
3.7,8.3,14.7,27.7,48.5,29.3,70.8,1002.3,36.0,8.3,2.9,2296.7,47.1,4,66.6,MODERATE,0.08,0.0,LOW
0.1,0.2,0.3,0.5,0.6,29.3,48.7,1015.3,18.1,14.1,1.4,938.3,36.7,5,32.7,LOW,0.08,0.0,LOW
8.0,15.8,30.8,50.1,79.3,31.8,71.5,1006.2,28.1,10.7,7.5,453.6,63.7,5,57.0,MODERATE,0.61,1.07,HIGH
0.4,0.9,2.1,2.9,5.0,38.0,54.9,1022.0,15.3,19.9,0.9,488.5,40.3,5,6.2,LOW,0.08,0.0,LOW
4.2,10.2,22.2,34.3,61.5,33.1,71.9,1008.3,24.3,5.9,1.3,1124.0,46.1,4,42.4,MODERATE,0.29,0.0,MODERATE
6.0,12.3,24.6,47.5,78.4,28.7,61.7,1006.6,30.7,7.4,0.9,1313.3,59.5,6,47.7,MODERATE,0.37,0.7,HIGH
11.8,27.8,56.3,106.5,158.6,33.2,54.7,1002.4,34.4,37.2,0.7,681.6,80.9,1,43.3,MODERATE,0.69,0.78,HIGH
11.6,23.4,44.2,77.2,116.3,30.0,69.0,1006.1,38.3,32.0,7.7,569.2,72.8,3,70.6,MODERATE,0.62,0.98,HIGH
4.5,8.6,17.5,29.4,43.4,33.9,71.0,1003.7,32.2,30.0,1.4,59.9,47.1,2,66.2,MODERATE,0.45,0.37,MODERATE
1.6,3.8,7.9,14.2,22.7,33.5,55.3,1011.0,53.6,28.5,4.8,689.1,39.4,3,59.1,MODERATE,0.13,0.0,LOW
0.9,2.1,3.8,6.4,10.6,24.4,57.2,1013.1,20.7,13.1,2.3,125.9,31.1,5,11.7,LOW,0.16,0.0,LOW
5.4,12.8,24.8,44.3,75.7,27.3,87.6,998.3,41.4,25.5,3.8,330.3,52.3,3,109.5,HIGH,0.74,1.21,CRITICAL
1.2,2.5,4.7,7.5,11.3,31.5,76.0,993.7,39.7,10.8,9.5,212.5,44.2,5,75.3,MODERATE,0.38,0.78,HIGH
45.7,108.9,206.2,392.5,650.9,28.9,84.6,989.4,53.9,3.9,6.8,176.1,91.0,6,148.6,HIGH,0.98,1.99,CRITICAL
4.0,7.8,16.6,30.3,53.3,28.7,61.8,1009.3,65.0,11.0,0.6,156.1,49.2,5,41.9,MODERATE,0.55,0.96,HIGH
1.1,2.7,4.7,7.5,13.2,27.8,65.5,995.6,50.7,5.1,6.8,749.9,45.1,5,79.1,MODERATE,0.32,0.57,MODERATE
5.7,13.3,21.8,41.5,68.5,23.4,82.2,986.7,52.6,10.9,2.4,572.1,59.3,5,82.7,MODERATE,0.7,1.31,CRITICAL
4.3,10.4,18.9,32.1,51.9,30.9,64.6,1008.3,29.3,8.4,1.8,296.6,45.6,6,42.3,MODERATE,0.49,0.73,HIGH
0.7,1.8,2.9,4.4,6.9,38.0,53.0,1022.0,24.4,18.5,4.2,430.0,42.9,3,12.2,LOW,0.09,0.0,LOW
0.2,0.6,1.2,1.7,2.3,32.7,68.0,1004.9,49.4,10.1,10.8,1599.1,27.3,5,83.2,MODERATE,0.06,0.0,LOW
13.8,37.0,78.8,143.5,195.4,37.1,64.2,1012.1,56.3,24.0,0.6,207.6,91.0,4,35.3,LOW,0.94,1.4,CRITICAL
2.1,5.6,10.7,20.6,31.8,33.0,67.2,1005.7,30.7,14.9,5.4,319.4,45.4,6,56.1,MODERATE,0.35,0.65,HIGH
0.1,0.2,0.5,1.0,1.3,33.1,62.9,1004.2,65.9,47.3,1.1,304.8,41.1,1,56.9,MODERATE,0.09,0.0,LOW
0.4,1.0,1.6,2.8,4.4,36.7,64.7,1012.8,20.8,3.7,2.0,1059.4,38.1,7,14.0,LOW,0.08,0.0,LOW
5.1,13.3,28.4,42.1,68.4,31.3,60.7,1002.5,32.2,22.9,7.5,179.6,52.6,5,44.8,MODERATE,0.42,0.25,MODERATE
0.6,1.5,3.0,4.3,6.7,30.5,56.5,1007.3,25.8,22.1,3.1,1644.1,36.0,6,34.2,LOW,0.05,0.0,LOW
0.3,0.5,0.8,1.3,1.8,33.6,70.0,1007.7,27.1,56.2,0.5,153.1,48.9,1,58.3,MODERATE,0.09,0.0,LOW
4.4,8.6,16.6,31.8,42.3,33.5,75.6,999.3,44.9,10.4,2.8,58.8,47.0,5,81.7,MODERATE,0.71,1.38,CRITICAL
3.7,9.6,20.8,41.1,55.7,30.6,61.5,1013.4,34.1,8.6,5.8,95.7,53.3,6,24.0,LOW,0.46,0.84,HIGH
0.7,1.7,2.6,4.0,5.5,28.7,62.7,1003.5,41.0,5.4,2.9,226.1,26.4,5,35.1,LOW,0.23,0.0,LOW
3.2,8.1,15.4,28.6,51.3,30.2,70.1,998.6,41.9,7.5,0.9,413.7,45.0,4,80.4,MODERATE,0.67,1.24,CRITICAL
2.7,5.8,12.4,21.7,31.9,33.4,63.6,1009.6,28.5,14.5,2.4,291.4,46.4,7,43.0,MODERATE,0.34,0.58,MODERATE
1.4,3.1,4.7,6.6,9.6,31.6,66.6,997.4,45.1,34.7,9.3,194.4,29.6,5,92.6,HIGH,0.2,0.0,LOW
4.3,10.5,20.4,35.3,46.8,27.2,64.6,1005.2,31.1,8.0,4.1,328.7,50.6,5,52.0,MODERATE,0.51,0.8,HIGH
0.7,1.7,3.2,6.0,9.7,35.5,71.8,1004.9,42.2,5.1,4.9,708.6,34.0,4,77.9,MODERATE,0.3,0.0,MODERATE
0.2,0.5,0.8,1.3,2.0,30.3,68.3,1014.2,27.0,7.7,5.7,708.9,30.4,6,46.3,MODERATE,0.13,0.0,LOW
3.7,9.6,18.5,35.9,49.9,30.6,63.2,1009.0,32.8,3.9,0.6,507.3,45.1,5,58.4,MODERATE,0.56,1.12,HIGH
2.2,5.5,8.4,12.9,22.8,28.4,72.5,1004.8,33.7,49.0,3.3,1172.5,48.9,3,69.0,MODERATE,0.05,0.0,LOW
0.3,0.6,1.2,1.7,2.9,38.0,53.4,1012.0,37.6,39.1,2.0,354.0,37.5,4,37.5,LOW,0.07,0.0,LOW
1.8,4.0,6.0,8.9,12.6,32.9,62.4,1016.8,17.6,8.6,0.8,17.9,33.9,4,2.0,LOW,0.21,0.0,LOW
11.0,21.2,36.4,69.2,106.8,29.2,60.7,1009.7,26.4,7.1,1.1,145.6,68.2,4,44.1,MODERATE,0.85,1.6,CRITICAL
9.1,17.4,32.2,53.2,81.3,32.9,70.0,1005.1,39.3,44.4,5.6,166.2,61.5,2,58.7,MODERATE,0.39,0.1,MODERATE
17.7,40.4,71.2,133.8,197.2,31.1,76.2,993.8,44.2,2.0,0.9,316.2,87.3,7,116.8,HIGH,0.98,2.1,CRITICAL
22.9,45.3,77.7,133.5,228.1,29.0,82.3,995.9,54.2,18.5,1.6,909.0,94.8,3,96.8,HIGH,0.98,1.83,CRITICAL
24.9,51.2,106.6,180.0,243.9,32.4,66.2,1002.4,33.4,46.6,1.5,706.9,95.0,1,74.2,MODERATE,0.94,1.15,CRITICAL
13.2,34.1,73.4,138.3,208.6,27.9,75.8,999.8,36.4,14.8,0.5,115.4,94.3,5,96.0,HIGH,0.98,1.82,CRITICAL
6.7,15.7,33.2,54.9,83.1,29.2,68.4,1003.4,46.6,2.1,2.5,293.4,54.5,6,73.2,MODERATE,0.83,1.88,CRITICAL
3.0,7.1,13.3,25.0,38.3,25.7,67.3,1005.5,31.9,6.4,5.4,424.0,39.6,5,59.6,MODERATE,0.42,0.8,HIGH
1.0,2.1,4.4,6.5,11.2,28.0,64.0,1009.5,28.6,48.0,0.4,1680.5,29.6,0,57.9,MODERATE,0.05,0.0,LOW
7.3,18.6,39.9,71.1,100.2,35.1,64.8,1004.4,31.2,2.3,0.7,27.1,59.3,6,63.8,MODERATE,0.9,1.68,CRITICAL
28.3,73.5,131.4,239.3,323.5,35.3,65.2,1009.1,25.7,11.0,4.8,251.9,88.2,5,64.0,MODERATE,0.98,2.02,CRITICAL
4.1,9.6,16.3,31.6,50.8,30.9,67.8,1005.5,35.4,30.1,3.5,1699.1,47.5,4,44.2,MODERATE,0.05,0.0,LOW
16.5,43.5,68.3,104.8,145.3,32.5,83.1,988.2,45.6,34.8,4.7,1451.9,74.7,2,125.4,HIGH,0.73,0.99,HIGH
6.6,17.0,31.2,55.0,73.6,29.2,75.3,997.0,52.5,13.7,1.2,167.6,63.9,4,80.3,MODERATE,0.82,1.69,CRITICAL
4.5,11.2,24.2,40.1,60.7,29.9,73.5,1003.8,40.7,6.8,6.0,15.0,50.0,4,67.8,MODERATE,0.73,1.55,CRITICAL
5.9,14.7,27.9,45.5,64.1,29.4,81.3,994.7,39.6,18.5,2.6,350.8,52.4,4,107.8,HIGH,0.76,1.31,CRITICAL
2.9,5.7,11.2,16.4,24.3,31.1,59.2,1010.1,31.6,7.5,3.6,781.4,32.6,7,38.3,LOW,0.17,0.0,LOW
1.4,3.0,4.7,6.9,9.9,31.9,62.5,1018.0,21.5,7.3,0.6,164.0,48.9,4,21.5,LOW,0.3,0.0,MODERATE
3.0,5.8,9.2,17.6,23.7,35.0,54.4,1015.4,18.4,31.7,1.1,1049.4,34.9,3,19.9,LOW,0.05,0.0,LOW
16.5,31.5,57.5,106.4,168.2,30.8,72.9,1003.2,31.8,5.0,5.5,168.7,77.7,6,72.5,MODERATE,0.97,2.05,CRITICAL
6.4,12.9,27.9,45.4,59.7,34.2,61.5,1017.7,18.6,2.1,1.2,373.0,54.9,5,17.1,LOW,0.48,1.0,HIGH
1.2,3.1,5.5,10.4,18.6,33.4,58.0,1006.3,35.7,9.4,0.6,501.5,41.3,5,66.7,MODERATE,0.39,0.58,MODERATE
17.9,37.3,79.0,114.4,168.2,31.3,71.3,1002.1,38.5,14.2,3.5,176.0,89.5,6,73.1,MODERATE,0.97,1.66,CRITICAL
3.4,9.2,14.5,25.8,42.5,27.5,70.3,999.8,38.8,24.0,3.1,180.0,50.3,3,82.5,MODERATE,0.54,0.86,HIGH
2.6,6.2,11.9,22.9,39.1,26.9,66.8,1002.4,41.7,29.3,3.6,256.3,45.3,4,52.6,MODERATE,0.27,0.0,LOW
11.9,24.9,47.8,90.9,130.9,30.6,77.9,1001.7,42.1,21.6,3.7,700.2,76.2,4,90.4,HIGH,0.85,1.42,CRITICAL
2.1,4.8,10.0,16.3,27.3,30.5,64.1,1006.4,33.6,19.7,2.7,55.4,48.3,3,54.4,MODERATE,0.41,0.5,MODERATE
0.3,0.6,1.0,1.8,3.0,31.1,63.4,1006.4,38.4,21.7,2.7,394.3,32.5,3,52.1,MODERATE,0.16,0.0,LOW
3.2,8.6,14.1,23.4,33.2,30.6,68.9,1005.0,30.6,7.7,9.3,444.8,48.9,4,62.1,MODERATE,0.38,0.61,HIGH
7.8,20.2,33.4,63.7,114.4,37.6,69.0,1008.7,40.6,10.7,3.0,325.1,65.3,4,65.9,MODERATE,0.85,1.68,CRITICAL
1.3,2.4,5.2,9.0,11.7,28.7,59.8,1015.1,24.7,19.2,3.7,1058.6,37.7,3,27.0,LOW,0.05,0.0,LOW
5.0,13.3,21.4,39.9,56.2,26.8,67.9,1013.1,33.0,3.2,1.4,365.1,51.2,5,45.6,MODERATE,0.59,1.1,HIGH
12.6,31.2,47.6,68.9,116.5,29.8,81.2,992.4,46.6,8.3,7.5,397.5,65.1,4,113.5,HIGH,0.93,1.73,CRITICAL
16.4,32.3,60.5,106.0,148.1,26.8,74.9,983.3,51.6,11.4,0.4,363.0,73.6,4,103.9,HIGH,0.97,1.83,CRITICAL
8.1,19.8,37.0,64.1,105.6,32.6,59.6,1012.9,25.5,15.7,3.2,501.5,69.0,5,24.0,LOW,0.57,0.96,HIGH
5.9,14.2,29.6,52.3,90.4,30.6,75.0,993.4,43.0,14.0,2.0,70.3,52.2,5,93.7,HIGH,0.88,1.67,CRITICAL
1.4,3.0,6.5,11.7,20.9,33.6,72.4,1003.1,38.9,24.8,3.5,868.8,35.4,5,43.3,MODERATE,0.09,0.0,LOW
3.0,7.6,14.3,27.9,42.9,25.6,63.3,995.1,42.7,13.5,1.9,31.5,50.2,6,54.5,MODERATE,0.58,1.07,HIGH
8.2,16.1,34.6,64.8,115.6,27.2,93.5,989.7,57.5,44.2,4.7,404.0,66.4,4,143.1,HIGH,0.86,0.92,CRITICAL
7.1,16.3,32.8,50.2,75.5,32.4,67.5,1009.6,31.7,10.6,0.4,378.2,60.7,6,72.5,MODERATE,0.77,1.46,CRITICAL
0.1,0.1,0.2,0.4,0.5,33.5,64.1,1011.5,30.0,15.4,2.1,103.7,36.9,3,34.3,LOW,0.21,0.0,LOW
3.6,9.7,20.9,30.8,48.0,35.5,78.3,1000.1,34.4,2.1,6.5,30.8,41.5,5,91.4,HIGH,0.78,1.59,CRITICAL
25.1,62.8,123.5,218.9,355.7,30.1,97.8,983.0,83.1,8.7,1.3,71.8,90.3,4,173.6,EXTREME,0.98,2.21,CRITICAL
10.2,20.7,37.1,71.7,109.6,29.9,76.6,1000.4,46.9,38.3,0.5,135.5,67.8,2,90.4,HIGH,0.81,0.8,CRITICAL
8.6,18.6,36.8,53.7,85.1,28.9,70.6,1008.3,36.4,9.3,2.7,827.4,59.6,4,60.4,MODERATE,0.59,1.24,CRITICAL
18.9,38.3,68.2,130.2,196.4,27.6,79.2,992.4,43.4,7.3,13.4,750.7,86.7,6,113.5,HIGH,0.97,2.07,CRITICAL
9.4,23.6,37.3,70.1,109.5,29.4,66.6,1006.6,31.9,16.1,0.5,40.1,63.7,5,70.3,MODERATE,0.88,1.69,CRITICAL
7.4,14.3,28.7,48.9,86.9,32.3,66.2,1004.9,28.7,3.5,0.6,144.8,56.1,7,66.8,MODERATE,0.86,1.83,CRITICAL
2.5,6.5,13.5,21.4,33.1,32.0,60.5,1009.9,28.5,15.7,3.5,851.4,37.5,3,23.3,LOW,0.11,0.0,LOW
24.0,63.7,128.0,210.4,300.2,27.5,64.3,1006.0,27.6,8.5,1.3,117.6,82.7,5,96.5,HIGH,0.98,1.94,CRITICAL
7.1,17.4,28.9,57.3,96.2,28.5,68.3,996.7,42.3,10.7,2.1,2109.9,63.4,4,109.0,HIGH,0.45,0.82,HIGH
0.7,1.5,3.3,5.0,7.3,34.3,60.1,1015.2,25.4,30.2,6.5,127.8,32.6,3,6.9,LOW,0.06,0.0,LOW
2.0,4.4,6.6,11.6,19.8,31.4,61.2,1003.7,32.7,21.5,1.1,525.6,43.3,7,59.9,MODERATE,0.25,0.0,LOW
8.4,19.1,33.0,47.9,63.6,32.1,69.7,1004.8,33.1,12.6,4.7,220.1,49.5,6,90.2,HIGH,0.74,1.39,CRITICAL
24.7,58.8,98.9,151.4,222.0,30.6,74.7,997.1,52.2,17.5,2.8,70.7,83.4,4,115.4,HIGH,0.98,1.71,CRITICAL
1.6,4.0,6.1,11.3,15.2,34.2,72.3,1001.2,32.2,28.2,8.5,126.9,37.1,3,80.8,MODERATE,0.27,0.0,LOW
0.8,1.8,3.2,5.1,6.8,30.2,71.9,997.5,47.6,26.7,12.9,442.2,47.4,2,61.3,MODERATE,0.12,0.0,LOW
21.5,47.0,90.9,181.0,294.9,29.5,85.1,1003.5,30.4,5.7,2.6,171.2,89.5,5,101.6,HIGH,0.98,2.33,CRITICAL
7.3,19.2,40.6,69.1,103.2,30.4,63.7,1019.5,12.8,8.4,3.4,367.1,66.6,6,31.4,LOW,0.7,1.42,CRITICAL
3.2,6.2,13.6,23.2,40.3,29.7,71.6,993.3,41.0,9.7,5.1,102.4,46.9,8,94.2,HIGH,0.72,1.47,CRITICAL
5.6,12.7,26.2,37.3,58.1,22.7,80.6,991.3,53.0,5.7,1.6,241.2,43.9,5,90.9,HIGH,0.79,1.65,CRITICAL
2.1,5.2,9.5,18.8,27.2,31.9,55.5,1017.5,18.8,2.2,1.2,287.8,49.7,7,7.8,LOW,0.31,0.68,HIGH
2.6,5.1,10.2,15.4,25.5,29.9,64.9,1003.2,45.7,5.4,12.0,217.3,40.8,5,60.6,MODERATE,0.37,0.76,HIGH
15.9,39.2,81.9,141.1,227.5,26.5,66.3,999.3,39.2,31.7,2.3,98.8,83.4,3,75.9,MODERATE,0.98,1.62,CRITICAL
0.5,1.2,2.2,3.6,6.1,29.6,63.7,1013.8,18.5,16.2,0.3,250.2,34.1,3,31.7,LOW,0.19,0.0,LOW
0.3,0.8,1.5,2.5,4.1,32.0,69.2,999.9,42.7,9.5,6.7,463.6,35.1,6,64.3,MODERATE,0.24,0.0,LOW
0.5,1.0,1.9,3.4,4.6,33.4,61.0,1020.5,12.4,18.9,3.5,1287.9,40.0,3,15.2,LOW,0.05,0.0,LOW
1.9,3.9,7.0,12.5,20.4,31.7,68.9,1010.8,34.0,26.2,0.9,607.2,37.2,3,41.6,MODERATE,0.13,0.0,LOW
1.1,2.5,4.6,6.9,10.3,30.9,78.7,1000.9,33.1,9.9,0.4,81.9,50.9,5,75.0,MODERATE,0.59,1.11,HIGH
0.1,0.1,0.3,0.4,0.7,33.2,50.7,1022.0,13.4,13.3,1.5,136.0,30.5,6,2.0,LOW,0.12,0.0,LOW
12.7,34.0,68.2,127.9,225.2,33.1,75.0,999.9,44.1,3.2,9.5,46.2,93.1,8,94.0,HIGH,0.98,2.05,CRITICAL
0.9,2.3,3.9,6.6,9.7,31.9,66.7,1011.3,45.6,18.4,9.8,70.4,27.8,4,52.5,MODERATE,0.19,0.0,LOW
13.5,28.8,54.8,82.1,131.9,27.4,64.1,1007.5,28.5,9.9,1.6,124.7,70.7,5,42.3,MODERATE,0.89,1.82,CRITICAL
1.0,2.8,5.9,9.3,13.8,36.3,55.9,1016.1,30.2,12.2,6.6,99.6,40.6,5,41.9,MODERATE,0.28,0.0,MODERATE
4.0,10.1,22.0,33.6,45.3,33.4,66.0,1018.3,15.5,11.9,2.3,106.3,41.9,5,20.6,LOW,0.36,0.51,MODERATE
1.8,3.8,6.2,9.2,14.1,29.2,69.4,1005.3,40.3,20.0,4.0,114.7,46.4,5,75.6,MODERATE,0.42,0.25,MODERATE
2.6,5.8,9.5,15.5,24.7,26.7,76.8,998.6,42.5,17.3,1.7,150.9,44.0,4,85.4,MODERATE,0.55,0.68,HIGH
4.0,8.3,16.4,28.2,42.5,32.2,61.3,1008.9,25.1,11.9,2.8,66.0,45.1,5,56.1,MODERATE,0.55,0.97,HIGH
6.3,17.0,30.4,43.9,65.7,29.6,67.0,999.2,36.2,2.3,1.5,138.7,55.2,6,74.7,MODERATE,0.83,1.81,CRITICAL
1.3,3.0,4.6,8.2,13.9,36.9,52.2,1022.0,11.1,19.5,0.5,458.1,35.9,3,13.4,LOW,0.11,0.0,LOW
8.9,23.4,40.7,81.3,106.9,30.0,67.0,1006.2,30.1,40.1,0.8,117.5,70.6,1,73.0,MODERATE,0.73,0.73,HIGH
7.7,16.8,34.6,68.5,99.2,28.2,65.7,1001.9,32.4,28.4,1.5,86.6,67.3,7,88.4,MODERATE,0.84,1.31,CRITICAL
3.7,9.7,19.9,37.7,64.3,33.1,67.2,1006.6,34.0,73.9,13.4,41.6,54.6,0,70.0,MODERATE,0.1,0.0,LOW
20.5,39.9,73.6,114.8,202.2,31.4,69.2,993.5,80.7,4.7,12.1,278.4,93.1,6,111.2,HIGH,0.98,2.01,CRITICAL
8.5,22.7,41.6,58.7,88.5,30.0,69.5,996.7,35.9,6.5,6.5,716.1,51.9,6,65.1,MODERATE,0.61,1.05,HIGH
17.9,47.0,89.6,170.3,297.1,33.8,63.8,1015.2,23.2,15.9,1.2,38.1,97.3,3,19.8,LOW,0.98,1.75,CRITICAL
15.9,34.8,57.6,82.6,115.6,29.8,76.0,999.4,39.9,6.8,2.3,312.0,66.3,7,87.1,MODERATE,0.92,1.98,CRITICAL
0.4,1.1,2.0,3.1,4.4,30.1,73.6,996.1,56.1,2.6,2.3,414.6,41.3,6,76.4,MODERATE,0.46,0.86,HIGH
1.7,4.2,6.3,10.8,18.7,34.2,59.8,1009.6,28.4,11.3,2.0,356.1,43.9,4,32.8,LOW,0.26,0.0,LOW
2.0,5.3,9.7,14.6,25.6,33.6,55.4,1015.1,23.4,8.1,0.5,813.2,47.1,5,25.0,LOW,0.18,0.0,LOW
5.6,11.9,20.7,39.3,55.5,31.1,61.8,1011.1,26.2,7.5,3.0,779.9,45.0,5,50.4,MODERATE,0.37,0.58,MODERATE
3.6,8.1,15.9,29.7,39.5,35.2,65.0,1013.5,21.2,57.1,0.6,37.4,41.3,1,31.3,LOW,0.1,0.0,LOW
15.2,39.5,76.9,142.6,191.8,23.9,78.3,998.6,34.4,6.9,6.0,185.1,99.0,4,103.1,HIGH,0.98,2.12,CRITICAL
3.5,8.9,15.6,29.6,42.3,34.2,75.7,992.9,43.9,4.5,4.4,437.2,39.0,6,91.9,HIGH,0.64,1.44,CRITICAL
0.3,0.6,0.9,1.4,2.3,28.2,52.6,1017.8,14.8,4.4,1.8,1172.4,30.2,5,14.9,LOW,0.05,0.0,LOW
0.4,1.1,1.9,3.5,5.5,28.7,72.0,1002.3,36.6,31.5,3.9,635.6,36.7,2,89.6,MODERATE,0.17,0.0,LOW
5.8,11.2,21.8,35.2,53.8,30.3,66.1,1002.9,32.5,24.6,1.2,88.8,50.0,5,64.5,MODERATE,0.55,0.84,HIGH
2.8,7.1,11.1,19.9,31.7,31.9,57.0,1016.3,21.9,4.5,1.4,139.4,41.0,5,25.1,LOW,0.4,0.85,HIGH
2.5,5.2,8.2,12.0,21.0,33.8,71.4,1009.7,23.7,6.5,1.6,563.0,43.9,5,57.5,MODERATE,0.36,0.7,HIGH
5.9,12.6,24.5,44.7,60.2,28.6,69.6,1008.9,45.0,26.8,5.9,257.3,56.1,2,81.4,MODERATE,0.55,0.77,HIGH
0.1,0.1,0.3,0.5,0.8,33.7,55.8,1022.0,28.0,7.8,1.1,316.2,35.1,6,13.7,LOW,0.15,0.0,LOW
0.8,1.8,3.1,4.4,7.8,28.5,66.5,999.5,34.7,73.9,3.2,371.8,35.8,1,71.1,MODERATE,0.05,0.0,LOW
5.2,11.9,22.0,32.0,45.1,32.5,63.3,1012.9,22.7,16.0,1.1,56.4,47.3,3,38.5,LOW,0.47,0.69,HIGH
3.5,8.1,17.6,26.0,44.6,30.6,73.5,1005.5,34.5,5.8,1.5,751.3,44.8,4,63.6,MODERATE,0.44,0.91,HIGH
6.3,13.7,29.6,49.1,80.9,31.2,64.8,1007.3,25.9,37.2,1.2,770.7,48.8,2,46.6,MODERATE,0.22,0.0,LOW
6.3,12.8,21.9,34.5,45.0,31.1,64.9,1018.0,17.6,8.9,3.9,255.0,48.9,5,24.8,LOW,0.37,0.73,HIGH
12.4,31.2,64.4,121.4,171.9,30.0,71.6,1009.3,25.3,8.1,2.9,389.6,86.1,5,82.0,MODERATE,0.97,2.03,CRITICAL
1.3,2.8,5.4,9.1,14.6,32.0,73.2,1009.6,42.5,9.1,4.8,424.8,38.2,4,51.5,MODERATE,0.27,0.0,LOW
2.6,6.0,13.1,22.2,34.4,34.3,62.8,1014.1,33.4,28.3,1.2,94.9,33.1,4,19.9,LOW,0.17,0.0,LOW
11.1,26.9,49.4,90.4,141.4,28.8,73.9,1001.9,37.5,5.4,0.3,60.4,71.0,5,80.4,MODERATE,0.97,2.06,CRITICAL
15.7,41.3,84.3,136.4,193.1,27.5,81.3,997.9,40.6,10.7,4.3,22.9,92.6,6,111.2,HIGH,0.98,1.88,CRITICAL
15.8,39.0,79.5,128.1,209.8,31.0,77.8,996.1,57.8,2.6,0.7,942.4,82.8,6,117.9,HIGH,0.98,2.07,CRITICAL
3.2,6.1,11.3,20.9,30.0,28.3,79.3,988.3,66.0,33.5,1.3,176.2,46.7,2,94.4,HIGH,0.46,0.38,MODERATE
0.2,0.5,1.0,1.9,2.8,35.1,52.8,1022.0,37.9,9.5,1.6,49.1,33.6,5,27.6,LOW,0.25,0.0,LOW
9.2,24.7,41.5,58.5,86.9,27.1,77.2,995.6,38.0,7.1,5.1,253.3,58.8,4,116.9,HIGH,0.91,1.79,CRITICAL
8.5,19.4,30.8,45.7,74.8,26.0,63.6,1003.1,30.7,17.6,3.7,44.9,52.1,3,53.5,MODERATE,0.64,0.95,HIGH
2.9,7.7,13.9,21.2,28.5,29.0,69.7,1002.6,38.8,24.0,1.0,48.9,37.2,4,64.9,MODERATE,0.41,0.25,MODERATE
0.8,1.8,3.8,6.2,8.7,29.1,71.9,1007.6,31.0,32.2,3.5,270.0,44.6,2,41.6,MODERATE,0.13,0.0,LOW
3.1,6.9,12.9,20.2,28.3,31.4,52.1,1011.9,20.4,9.7,4.6,285.2,46.9,4,50.0,MODERATE,0.39,0.61,HIGH
2.0,4.4,8.5,15.3,20.7,30.1,70.4,1012.3,20.4,32.1,2.0,344.8,43.9,2,26.6,LOW,0.11,0.0,LOW
1.7,4.2,8.2,15.5,21.7,31.9,78.1,1000.0,50.0,13.3,1.3,420.8,45.5,5,77.2,MODERATE,0.46,0.72,HIGH
1.1,2.3,3.7,5.5,8.9,29.8,67.4,1003.6,45.1,3.9,4.3,434.3,40.0,7,72.5,MODERATE,0.4,0.68,HIGH
2.4,4.9,8.6,14.9,24.9,31.4,69.3,1007.4,28.5,35.7,3.6,230.6,46.6,2,46.2,MODERATE,0.17,0.0,LOW
6.8,13.0,26.0,42.1,68.7,30.8,70.2,1002.9,47.3,16.3,0.6,407.0,50.6,6,59.7,MODERATE,0.58,0.96,HIGH
1.4,3.0,6.5,11.1,17.1,33.0,63.8,1018.7,20.6,18.6,4.1,153.1,46.6,5,26.1,LOW,0.21,0.0,LOW
0.1,0.3,0.5,0.8,1.1,31.2,70.1,1009.2,36.2,51.9,2.6,236.2,41.7,1,81.6,MODERATE,0.12,0.0,LOW
0.3,0.8,1.4,2.8,5.0,32.8,56.6,1011.2,25.5,16.7,5.2,204.9,38.3,3,29.7,LOW,0.16,0.0,LOW
1.8,3.9,6.2,9.4,12.9,29.5,67.0,1010.6,22.6,2.1,1.0,166.7,37.1,6,42.0,MODERATE,0.41,0.9,HIGH
3.4,9.1,15.3,22.2,36.2,35.5,59.6,1015.0,21.7,38.8,1.3,118.6,38.9,1,17.9,LOW,0.12,0.0,LOW
0.7,1.4,2.5,4.4,7.7,30.3,67.7,1006.5,30.7,8.0,3.0,46.0,38.3,5,58.4,MODERATE,0.43,0.87,HIGH
8.2,18.5,34.8,56.9,93.8,25.9,73.7,994.0,45.1,14.5,2.6,282.9,69.2,4,102.0,HIGH,0.89,1.81,CRITICAL
0.9,1.8,3.0,4.5,6.4,31.6,74.6,1008.4,24.8,6.1,2.0,307.8,31.0,5,48.6,MODERATE,0.29,0.0,MODERATE
2.3,4.8,8.0,11.8,17.2,27.8,78.1,999.5,71.1,8.3,5.1,170.7,44.8,7,96.0,HIGH,0.62,1.27,CRITICAL
1.5,2.8,5.8,10.0,13.2,31.7,68.4,1000.5,34.2,22.9,3.2,1429.8,36.3,4,59.1,MODERATE,0.06,0.0,LOW
0.3,0.6,1.4,2.2,3.5,36.9,57.9,1010.0,24.1,12.1,4.6,324.4,34.0,5,13.1,LOW,0.11,0.0,LOW
3.1,7.8,13.5,26.9,43.3,30.2,58.2,1015.5,22.6,19.8,0.9,850.4,41.0,5,34.3,LOW,0.16,0.0,LOW
4.4,9.1,18.1,29.8,49.5,31.5,70.6,1005.2,33.4,33.2,4.9,335.8,44.8,3,87.3,MODERATE,0.4,0.19,MODERATE
10.9,23.9,40.1,61.2,80.0,26.7,67.6,1007.6,29.3,9.5,2.5,95.0,60.2,5,44.9,MODERATE,0.73,1.32,CRITICAL
0.3,0.6,1.2,2.2,3.8,33.8,63.3,1019.5,24.4,17.1,0.4,1411.1,39.9,4,27.3,LOW,0.05,0.0,LOW
1.1,2.7,5.4,8.3,13.9,28.7,70.8,1007.0,31.1,29.1,1.2,838.0,40.0,2,72.3,MODERATE,0.14,0.0,LOW
0.6,1.6,3.4,5.7,7.8,31.4,59.8,1022.0,17.5,24.6,0.4,257.2,34.7,3,14.5,LOW,0.1,0.0,LOW
7.9,15.4,23.6,39.9,58.8,28.6,66.3,1009.8,32.8,16.0,2.4,120.8,45.7,5,35.2,LOW,0.46,0.81,HIGH
3.9,8.6,16.5,27.6,44.7,30.5,73.5,990.0,42.9,10.7,1.7,110.7,47.6,4,94.4,HIGH,0.76,1.51,CRITICAL
2.3,6.2,11.5,21.6,33.5,34.1,62.5,1011.4,27.6,11.4,15.6,638.2,42.4,6,58.8,MODERATE,0.19,0.0,LOW
2.4,5.3,9.0,13.8,18.7,31.2,71.2,1008.2,41.3,12.2,7.4,42.2,41.2,6,52.9,MODERATE,0.36,0.45,MODERATE
0.2,0.6,1.0,1.9,2.5,30.0,59.5,1016.0,16.3,9.7,6.4,401.2,34.1,4,27.7,LOW,0.13,0.0,LOW
14.8,32.3,61.6,115.4,195.2,35.4,66.5,1010.7,25.7,23.6,2.7,403.4,87.2,4,42.1,MODERATE,0.92,1.48,CRITICAL
5.5,13.1,26.1,41.8,57.6,28.6,67.9,1003.8,49.4,4.4,6.1,91.6,51.6,6,67.1,MODERATE,0.72,1.61,CRITICAL
14.7,39.5,60.2,90.8,125.9,23.9,71.7,994.6,41.5,63.7,1.4,478.8,71.4,0,99.3,HIGH,0.59,0.1,HIGH
7.9,21.2,40.2,63.1,108.2,31.6,69.3,1003.2,34.1,29.2,3.2,479.4,70.9,2,70.5,MODERATE,0.69,1.15,HIGH
6.9,17.5,28.3,45.3,72.7,26.9,75.8,997.8,66.7,8.4,2.0,178.7,53.3,6,88.1,MODERATE,0.83,1.65,CRITICAL
0.7,1.7,2.7,4.6,7.4,32.5,69.2,1000.1,34.2,2.8,1.0,266.0,39.8,7,72.7,MODERATE,0.51,1.01,HIGH
5.0,11.5,22.2,31.7,48.9,30.4,63.4,1010.0,22.8,24.4,0.6,694.6,57.5,4,52.7,MODERATE,0.3,0.0,MODERATE
0.2,0.4,0.7,1.3,2.0,34.1,52.5,1019.2,28.6,25.9,3.2,296.4,38.4,3,24.8,LOW,0.1,0.0,LOW
3.6,9.6,17.3,25.3,40.4,34.6,71.5,1008.4,40.2,61.6,0.7,380.8,51.9,1,56.6,MODERATE,0.1,0.0,LOW
10.0,24.7,43.2,67.7,120.8,26.3,75.1,994.8,42.9,7.3,4.7,217.3,65.1,6,85.5,MODERATE,0.92,1.76,CRITICAL
10.4,23.4,45.8,67.1,94.7,29.8,72.8,1008.8,29.3,3.6,9.2,76.6,57.4,8,85.9,MODERATE,0.88,1.65,CRITICAL
5.4,10.3,18.8,29.2,41.0,31.9,68.1,1015.2,31.4,46.4,0.9,2389.4,45.5,1,44.4,MODERATE,0.05,0.0,LOW
9.5,22.0,47.9,91.1,121.1,33.8,72.2,999.8,43.4,7.4,2.5,303.2,68.0,5,77.7,MODERATE,0.91,1.94,CRITICAL
1.0,2.7,4.8,8.4,13.8,28.9,64.4,1003.9,31.0,25.0,5.0,170.9,44.1,6,37.8,LOW,0.18,0.0,LOW
2.1,4.8,9.7,14.9,23.5,29.2,58.0,1005.1,27.4,3.1,1.5,490.4,37.8,5,35.5,LOW,0.3,0.0,MODERATE
0.3,0.7,1.2,2.3,3.1,31.0,66.5,998.3,39.4,27.7,9.2,383.5,35.4,5,61.2,MODERATE,0.11,0.0,LOW
4.7,8.9,16.6,31.1,46.1,30.0,57.3,1010.5,37.4,4.4,8.0,115.8,53.1,6,46.5,MODERATE,0.54,1.08,HIGH
25.6,56.0,105.6,195.7,271.8,30.9,76.2,1004.0,46.5,23.4,0.7,811.1,91.1,3,86.2,MODERATE,0.98,1.67,CRITICAL
1.7,4.6,7.9,15.1,22.2,27.3,66.3,1008.6,48.8,15.7,0.4,42.9,41.1,4,55.6,MODERATE,0.44,0.72,HIGH
0.9,2.4,4.4,7.9,13.9,35.2,76.5,997.5,52.0,58.0,13.4,368.6,40.0,3,67.6,MODERATE,0.05,0.0,LOW
3.9,10.5,17.7,30.2,49.6,26.8,60.4,1001.3,38.1,2.7,11.3,262.0,43.0,5,77.7,MODERATE,0.6,1.35,CRITICAL
7.0,17.4,26.1,42.4,55.3,30.7,57.6,1011.1,25.8,8.2,2.2,160.5,44.5,4,31.1,LOW,0.49,0.86,HIGH
7.0,16.4,27.1,41.6,59.3,30.2,75.5,1001.8,42.6,3.3,0.5,680.3,43.4,7,81.2,MODERATE,0.66,1.36,CRITICAL
0.1,0.2,0.4,0.8,1.0,37.5,58.3,1019.7,23.1,40.0,3.7,420.8,36.3,1,12.9,LOW,0.05,0.0,LOW
28.8,67.1,136.8,264.5,438.4,26.9,70.5,1001.6,37.0,18.2,1.5,556.5,94.6,3,86.0,MODERATE,0.98,1.67,CRITICAL
11.7,28.9,49.1,86.2,132.4,35.9,69.8,1006.9,26.2,15.8,10.0,218.5,75.2,6,54.0,MODERATE,0.82,1.57,CRITICAL
0.8,1.7,3.1,6.1,10.9,33.7,70.4,1012.9,40.1,4.5,5.8,1099.6,43.7,5,52.1,MODERATE,0.14,0.0,LOW
27.5,67.1,102.3,165.2,275.3,30.1,77.0,992.9,44.6,14.1,4.0,175.6,97.3,5,101.6,HIGH,0.98,1.94,CRITICAL
7.2,14.5,24.1,43.7,68.2,26.2,80.8,990.0,46.3,11.2,1.5,302.8,54.5,4,108.0,HIGH,0.85,1.62,CRITICAL
5.3,11.3,23.1,41.3,70.4,30.3,79.8,992.0,48.6,8.8,4.5,1045.9,54.0,4,98.0,HIGH,0.6,1.13,HIGH
3.2,8.3,16.0,28.8,47.6,30.3,71.9,1015.7,25.4,28.6,1.5,48.0,55.5,2,50.7,MODERATE,0.44,0.1,MODERATE
11.8,30.9,50.8,90.9,129.2,33.2,61.8,1000.3,34.1,3.1,0.4,58.8,67.0,5,78.5,MODERATE,0.96,1.99,CRITICAL
1.6,3.8,6.4,9.8,15.3,30.6,58.4,1022.0,24.5,20.7,2.8,1971.2,33.3,4,13.3,LOW,0.05,0.0,LOW
0.5,1.0,2.0,3.0,4.8,29.7,71.8,1000.2,35.0,33.2,2.6,1365.5,34.6,4,74.2,MODERATE,0.05,0.0,LOW
21.4,56.6,93.1,185.1,282.4,29.5,70.1,1006.6,27.4,44.8,5.3,576.3,87.7,1,69.1,MODERATE,0.96,1.21,CRITICAL
0.3,0.7,1.1,1.6,2.2,30.0,54.8,1018.1,18.2,26.7,7.3,266.6,35.9,4,32.9,LOW,0.09,0.0,LOW
1.2,2.7,5.4,9.1,12.8,34.9,54.8,1022.0,20.5,8.0,1.8,283.0,34.3,8,7.6,LOW,0.16,0.0,LOW
1.6,3.7,7.0,11.6,16.7,34.3,58.6,1022.0,36.9,18.5,2.4,128.0,41.4,4,18.5,LOW,0.19,0.0,LOW
1.3,2.8,5.1,8.3,10.8,35.1,75.9,1015.3,30.1,4.7,2.5,230.4,35.1,5,41.8,MODERATE,0.32,0.71,HIGH
0.8,1.9,4.1,7.6,13.4,27.4,65.6,1013.7,41.0,4.2,1.7,229.5,44.8,8,34.0,LOW,0.35,0.71,HIGH
8.8,22.9,37.9,70.0,115.0,34.0,60.3,1010.0,23.4,20.3,5.1,29.0,60.6,3,70.1,MODERATE,0.84,1.35,CRITICAL
2.2,4.6,9.2,17.9,29.4,37.8,61.1,1011.6,21.2,36.3,2.9,244.4,42.4,2,42.6,MODERATE,0.16,0.0,LOW
8.5,16.9,27.3,44.7,70.9,28.9,70.0,1000.3,38.7,3.3,8.9,263.3,52.8,5,75.3,MODERATE,0.73,1.6,CRITICAL
5.3,10.2,19.6,34.1,56.1,34.5,65.1,998.0,37.2,4.0,4.0,431.5,51.6,8,64.9,MODERATE,0.63,1.4,CRITICAL
8.5,18.2,38.5,74.5,133.4,30.0,66.9,1005.0,41.5,17.0,1.1,291.1,76.3,5,78.1,MODERATE,0.92,1.67,CRITICAL
5.2,10.5,19.1,38.2,57.0,27.1,73.3,1003.6,37.8,6.4,0.9,766.7,52.0,5,63.2,MODERATE,0.52,1.08,HIGH
2.4,4.9,9.9,19.6,32.5,29.4,65.2,1001.1,59.6,19.0,1.9,189.1,43.3,5,71.8,MODERATE,0.48,0.87,HIGH
2.6,4.9,10.2,18.6,27.6,34.1,69.1,1010.9,23.7,6.3,1.8,215.3,46.0,5,73.2,MODERATE,0.6,1.21,CRITICAL
8.7,18.1,28.8,42.8,73.9,29.7,64.5,1013.1,24.4,4.2,2.1,337.0,59.5,7,31.8,LOW,0.62,1.24,CRITICAL
3.7,8.1,16.1,22.7,39.3,29.3,64.3,1005.8,32.2,16.2,1.0,101.1,47.1,4,60.9,MODERATE,0.54,1.02,HIGH
0.6,1.1,2.3,4.4,7.6,33.9,57.8,1017.6,16.7,37.7,13.7,205.0,39.0,3,24.3,LOW,0.05,0.0,LOW
31.7,75.7,144.0,274.3,357.3,29.4,84.2,995.3,44.4,22.8,0.9,455.4,93.2,5,125.9,HIGH,0.98,1.65,CRITICAL
12.8,30.2,49.2,90.9,131.7,31.9,73.5,1003.4,33.8,32.7,4.0,216.7,63.0,5,72.6,MODERATE,0.79,1.26,CRITICAL
0.5,1.0,1.6,2.5,3.4,30.4,73.4,998.9,38.4,7.6,0.3,916.0,34.2,5,67.5,MODERATE,0.21,0.0,LOW
75.0,178.2,299.7,534.6,816.4,29.7,80.0,989.1,47.2,41.1,2.1,378.0,91.9,1,165.2,EXTREME,0.98,1.39,CRITICAL
8.5,22.8,35.9,57.1,88.3,29.5,69.5,1004.3,28.2,10.5,1.6,78.4,57.8,6,60.6,MODERATE,0.81,1.69,CRITICAL
1.2,3.1,5.8,9.7,13.8,31.1,66.8,1004.0,34.4,36.4,2.0,269.0,37.4,3,30.9,LOW,0.09,0.0,LOW
0.2,0.5,0.7,1.2,1.9,30.1,47.8,1017.9,17.5,13.5,2.7,564.9,37.4,4,2.0,LOW,0.07,0.0,LOW
8.0,20.3,33.6,65.5,94.0,34.6,74.5,1010.4,21.9,7.6,3.5,406.8,62.8,4,54.2,MODERATE,0.74,1.35,CRITICAL
15.1,33.0,59.6,91.8,158.5,27.9,76.2,996.3,39.2,7.4,3.4,837.7,80.9,5,80.4,MODERATE,0.92,1.9,CRITICAL
0.5,0.9,1.6,2.9,4.0,35.7,58.0,1020.8,13.9,17.1,3.8,541.8,32.1,4,16.4,LOW,0.08,0.0,LOW
0.9,2.0,3.8,6.1,9.1,31.5,60.0,1015.4,20.8,3.5,6.8,39.2,30.4,5,19.1,LOW,0.22,0.0,LOW
1.6,3.5,7.0,12.6,20.2,31.9,60.9,1009.9,23.5,49.9,7.9,60.4,44.6,1,39.2,LOW,0.08,0.0,LOW
6.7,15.5,23.7,41.2,66.0,29.2,69.1,1003.1,35.0,7.7,5.0,413.7,49.4,7,93.3,HIGH,0.74,1.33,CRITICAL
1.5,3.8,5.8,11.4,15.3,27.0,67.0,996.8,45.2,9.4,0.6,118.5,35.2,5,89.5,MODERATE,0.61,1.26,CRITICAL
1.1,2.7,4.2,6.2,10.6,25.9,82.4,1001.8,38.6,6.8,11.7,351.8,33.4,4,86.4,MODERATE,0.35,0.58,MODERATE
2.8,5.9,10.6,16.3,26.0,29.3,55.0,1014.3,30.9,2.1,10.6,612.1,47.9,6,51.3,MODERATE,0.28,0.0,MODERATE
1.4,2.9,4.5,8.3,14.5,32.1,50.6,1021.0,15.8,23.2,4.7,341.9,40.0,3,7.2,LOW,0.08,0.0,LOW
1.3,2.8,5.6,9.1,15.7,33.0,55.9,1018.1,19.8,18.1,2.9,219.1,41.0,3,18.7,LOW,0.16,0.0,LOW
4.3,9.3,15.4,23.2,36.4,32.6,78.3,1000.8,44.9,31.9,1.3,409.9,48.5,4,68.4,MODERATE,0.3,0.0,MODERATE
5.7,15.5,33.4,56.8,99.8,28.3,76.2,995.5,41.6,2.8,5.2,73.9,62.2,8,104.6,HIGH,0.94,2.12,CRITICAL
2.6,6.6,12.1,21.6,37.2,28.6,61.4,1006.2,35.8,49.5,7.7,503.1,50.3,1,74.9,MODERATE,0.13,0.0,LOW
42.4,113.6,205.8,293.7,522.5,25.0,86.8,990.0,47.3,9.2,4.1,468.8,84.0,6,156.2,EXTREME,0.98,2.12,CRITICAL
9.5,23.4,47.8,75.3,129.9,32.3,70.0,1007.7,28.9,46.0,3.8,289.5,65.3,2,78.2,MODERATE,0.69,0.43,HIGH
1.8,4.0,8.0,15.1,25.9,34.0,72.2,1003.7,40.1,4.0,1.1,139.2,36.4,5,33.9,LOW,0.41,0.82,HIGH
4.3,9.5,18.2,31.2,47.9,33.3,75.3,1001.0,33.0,26.5,1.8,622.0,50.3,3,102.3,HIGH,0.51,0.58,HIGH
10.7,24.6,53.0,75.4,106.0,30.6,91.3,991.4,44.6,17.6,4.8,286.5,66.7,3,114.1,HIGH,0.91,1.63,CRITICAL
6.9,15.4,27.6,43.4,76.1,32.9,76.0,1009.4,25.0,10.0,0.4,38.2,53.6,5,88.7,MODERATE,0.87,1.76,CRITICAL
4.9,12.6,26.0,46.3,76.9,34.3,68.7,1000.5,35.6,3.5,3.9,968.2,55.0,6,91.2,HIGH,0.68,1.45,CRITICAL
19.5,44.3,78.2,118.8,171.2,30.2,84.6,995.1,39.7,18.7,5.4,569.7,88.4,5,117.1,HIGH,0.97,1.84,CRITICAL
22.8,48.8,101.8,193.1,283.9,29.0,89.9,980.6,59.3,2.5,1.7,349.0,86.5,6,141.2,HIGH,0.98,1.99,CRITICAL
5.2,13.0,21.9,39.5,64.9,29.8,71.2,1004.8,40.4,14.5,0.6,233.2,54.3,5,69.2,MODERATE,0.7,1.48,CRITICAL
1.7,4.5,7.6,12.8,19.8,29.3,48.1,1020.1,24.3,18.7,6.3,1237.2,37.0,3,2.0,LOW,0.05,0.0,LOW
2.4,5.4,10.7,20.9,28.1,30.9,56.4,1019.1,16.6,25.7,0.8,581.9,48.2,3,29.4,LOW,0.14,0.0,LOW
11.2,27.3,45.0,73.5,100.8,30.1,67.5,1001.1,67.3,87.5,1.9,306.0,65.9,1,52.2,MODERATE,0.12,0.0,LOW
29.2,56.9,94.6,145.7,243.8,30.1,76.7,999.9,39.8,7.4,4.6,417.4,83.0,5,92.7,HIGH,0.98,2.02,CRITICAL
2.0,4.6,7.9,14.2,20.7,36.0,70.7,1009.0,27.4,9.0,6.2,140.2,39.4,4,71.2,MODERATE,0.47,0.8,HIGH
2.5,4.8,9.4,16.4,25.5,29.7,64.9,996.5,50.5,9.5,7.2,97.8,31.6,4,83.8,MODERATE,0.52,0.97,HIGH
13.0,24.9,52.9,84.8,142.7,34.0,66.4,1007.6,35.2,25.7,2.9,136.3,78.7,2,41.9,MODERATE,0.83,1.37,CRITICAL
8.2,19.7,38.8,62.2,104.3,30.5,69.0,1011.5,31.8,50.3,2.6,146.8,73.9,3,37.2,LOW,0.42,0.1,MODERATE
7.9,16.9,35.1,57.5,79.6,31.3,59.3,1015.4,18.5,67.9,6.9,526.5,46.0,0,24.8,LOW,0.05,0.0,LOW
0.5,1.3,2.4,3.7,5.0,27.2,72.8,1004.1,33.3,54.5,3.2,72.3,29.3,2,64.6,MODERATE,0.08,0.0,LOW
7.6,20.0,30.9,56.5,90.2,28.6,71.7,1003.3,45.0,40.1,3.3,586.2,60.6,1,84.6,MODERATE,0.49,0.51,MODERATE
1.5,3.1,4.8,8.6,14.3,31.0,76.2,997.5,40.6,86.7,2.3,296.6,38.9,1,88.4,MODERATE,0.05,0.0,LOW
6.3,15.7,29.6,49.2,67.7,29.7,72.8,998.0,43.8,10.5,1.9,199.5,51.6,7,69.6,MODERATE,0.73,1.55,CRITICAL
1.1,2.5,4.3,7.1,10.5,32.8,64.0,1003.1,36.4,55.3,2.6,150.8,29.2,1,65.5,MODERATE,0.08,0.0,LOW
0.6,1.3,2.1,3.4,6.0,31.6,60.4,1008.1,39.0,27.8,1.9,288.6,38.3,2,54.9,MODERATE,0.18,0.0,LOW
0.1,0.1,0.3,0.4,0.7,30.9,65.9,1012.8,22.1,5.3,1.8,160.2,39.6,5,44.2,MODERATE,0.34,0.68,HIGH
9.2,21.9,43.0,62.4,95.3,35.1,74.1,998.2,41.2,2.8,18.0,228.2,75.4,5,114.4,HIGH,0.9,2.04,CRITICAL
1.0,2.3,4.1,6.5,8.7,32.2,57.7,1017.7,15.5,6.3,1.7,525.5,43.9,4,29.3,LOW,0.21,0.0,LOW
0.8,2.1,4.4,7.0,10.0,33.3,68.2,1002.7,39.1,29.2,1.3,388.7,31.2,2,75.2,MODERATE,0.21,0.0,LOW
2.6,6.0,12.0,20.8,29.4,29.7,67.1,1004.8,38.1,20.0,1.8,538.7,43.0,6,82.5,MODERATE,0.39,0.4,MODERATE
1.8,5.0,10.0,18.6,26.5,31.6,78.8,998.6,34.2,6.6,3.4,489.3,45.2,5,90.8,HIGH,0.57,1.21,CRITICAL
38.9,89.7,196.4,321.5,497.4,30.2,83.2,984.4,57.5,26.4,8.8,656.4,86.6,4,139.4,HIGH,0.98,1.54,CRITICAL
1.2,2.3,3.9,7.7,12.3,32.2,55.8,1012.5,24.0,4.7,5.7,100.6,42.3,5,44.9,MODERATE,0.37,0.76,HIGH
2.2,4.9,9.6,18.2,24.7,25.6,67.3,1011.3,22.0,33.1,6.8,2037.8,45.3,2,39.1,LOW,0.05,0.0,LOW
13.7,27.9,58.7,116.8,203.8,30.4,69.4,1002.6,34.2,30.5,7.2,260.4,96.2,5,60.7,MODERATE,0.94,1.45,CRITICAL
6.9,16.5,31.4,60.5,97.4,33.8,68.2,1005.6,28.5,66.7,9.2,496.3,65.8,1,49.8,MODERATE,0.13,0.0,LOW
8.3,20.5,42.0,74.4,118.9,32.6,73.1,1009.4,27.2,4.9,1.2,445.3,69.1,7,74.7,MODERATE,0.9,1.84,CRITICAL
11.5,26.2,47.0,82.6,148.2,30.0,79.0,991.7,44.9,44.7,2.4,332.3,72.6,2,110.7,HIGH,0.88,1.01,CRITICAL
25.2,49.9,95.5,141.1,227.8,25.8,73.5,1000.5,42.7,9.5,2.0,2096.1,83.5,4,103.2,HIGH,0.92,1.73,CRITICAL
0.8,1.8,2.8,5.1,8.9,29.8,57.3,1011.8,32.4,11.7,2.0,108.1,38.6,5,42.6,MODERATE,0.31,0.41,MODERATE
46.6,91.5,200.5,352.9,509.2,30.3,75.9,994.3,45.8,13.4,4.0,223.1,88.0,6,121.1,HIGH,0.98,1.74,CRITICAL
11.5,28.2,58.1,99.1,140.7,32.0,69.6,1007.5,25.0,19.7,2.1,66.9,72.2,7,65.5,MODERATE,0.91,1.67,CRITICAL
8.4,21.2,44.7,81.2,126.5,32.1,69.9,993.5,60.6,96.5,3.7,91.3,75.4,0,101.2,HIGH,0.38,0.1,MODERATE
6.1,16.3,32.3,53.9,83.7,30.9,66.4,1009.0,32.6,18.5,2.0,489.3,64.9,4,46.8,MODERATE,0.57,0.91,HIGH
7.3,14.8,24.1,41.4,58.5,31.7,69.3,1004.7,28.0,49.0,1.6,16.8,44.9,0,46.9,MODERATE,0.24,0.0,LOW
0.7,1.6,2.5,4.1,6.7,28.9,79.6,991.3,55.1,7.3,1.8,853.1,35.8,4,93.3,HIGH,0.34,0.58,MODERATE
1.1,2.5,5.2,9.6,12.6,29.6,65.8,1014.9,19.0,11.1,6.0,396.1,36.3,5,41.1,MODERATE,0.2,0.0,LOW
30.2,79.7,141.7,273.0,449.2,24.2,75.2,998.8,40.7,14.6,3.5,235.9,91.6,6,97.1,HIGH,0.98,1.91,CRITICAL
8.1,19.3,32.6,62.1,94.9,30.8,81.4,998.1,39.5,9.0,13.1,168.0,49.8,4,116.3,HIGH,0.87,1.6,CRITICAL
2.5,5.1,9.7,18.1,29.7,31.3,62.2,1006.7,30.0,69.8,6.6,66.3,35.9,2,54.4,MODERATE,0.05,0.0,LOW
5.1,11.4,20.5,28.9,44.4,30.5,61.4,1014.8,35.0,25.3,2.6,982.3,46.6,3,39.7,LOW,0.13,0.0,LOW
7.4,17.8,34.9,67.9,121.4,25.5,75.8,996.4,40.8,13.7,1.3,488.4,72.3,4,80.7,MODERATE,0.89,1.86,CRITICAL
0.1,0.2,0.3,0.5,0.8,32.3,62.8,1005.5,27.5,27.0,4.2,170.8,35.6,3,60.1,MODERATE,0.18,0.0,LOW
8.5,22.1,44.0,85.0,152.2,30.5,70.4,1008.6,47.1,13.3,4.8,43.0,80.2,5,50.5,MODERATE,0.93,1.78,CRITICAL
9.0,18.5,38.7,58.8,78.3,32.9,75.5,1010.9,41.6,2.3,2.5,164.7,57.5,6,67.1,MODERATE,0.83,1.67,CRITICAL
1.1,3.0,4.9,8.2,13.5,35.5,67.2,1006.5,35.1,16.1,1.2,92.6,45.1,3,50.0,MODERATE,0.36,0.33,MODERATE
26.2,51.0,88.3,163.4,249.5,24.9,73.5,1001.9,35.6,19.7,3.2,601.4,97.4,3,87.8,MODERATE,0.98,1.81,CRITICAL
2.4,6.4,11.5,20.5,35.0,28.0,74.5,998.0,35.4,73.5,1.3,498.2,40.8,1,84.2,MODERATE,0.07,0.0,LOW
3.6,9.4,20.3,33.6,56.9,30.3,64.4,1005.7,39.2,2.7,10.1,277.0,55.1,5,43.4,MODERATE,0.51,1.11,HIGH
1.0,2.5,4.3,7.8,13.3,33.1,66.7,995.9,37.3,14.9,3.8,839.7,41.2,5,53.2,MODERATE,0.15,0.0,LOW
13.7,34.1,60.2,104.1,140.2,23.2,84.7,980.2,53.4,3.9,1.5,90.7,86.1,8,122.8,HIGH,0.98,2.1,CRITICAL
2.0,3.9,7.7,12.1,20.6,36.0,58.6,1008.7,29.8,4.9,1.2,243.5,36.7,7,52.1,MODERATE,0.43,0.86,HIGH
2.5,4.8,8.6,15.3,21.6,32.1,70.9,1012.7,20.9,19.0,4.7,486.2,40.3,5,49.2,MODERATE,0.2,0.0,LOW
24.0,47.6,103.1,156.9,206.0,27.7,83.9,984.9,48.0,6.7,4.6,41.7,84.8,6,123.4,HIGH,0.98,1.95,CRITICAL
0.1,0.2,0.4,0.7,1.0,29.0,73.6,996.4,40.6,26.9,3.5,192.2,30.4,3,103.1,HIGH,0.34,0.11,MODERATE
9.2,21.6,40.2,56.3,86.8,30.3,68.8,1010.3,23.2,15.0,3.6,337.2,60.8,7,68.7,MODERATE,0.73,1.32,CRITICAL
0.8,1.6,3.1,5.3,8.9,35.6,49.4,1022.0,11.4,6.4,3.5,188.7,38.5,6,15.9,LOW,0.21,0.0,LOW
25.9,67.1,103.3,169.5,238.9,28.0,64.5,1005.2,27.8,14.3,1.9,263.6,92.7,7,66.4,MODERATE,0.98,1.95,CRITICAL
8.0,18.1,36.0,57.0,77.3,30.7,73.8,998.8,35.6,2.0,10.0,371.0,58.9,5,92.7,HIGH,0.81,1.62,CRITICAL
0.5,1.2,2.3,4.0,6.4,29.5,74.9,1003.4,39.0,37.7,2.6,189.6,35.6,1,72.7,MODERATE,0.18,0.0,LOW
0.2,0.4,0.7,1.3,2.3,30.4,61.7,1016.7,28.7,2.2,0.4,57.6,34.4,6,20.9,LOW,0.29,0.0,MODERATE
19.2,41.4,68.5,135.5,216.9,36.4,74.1,999.5,37.8,2.1,1.8,72.1,85.1,5,87.1,MODERATE,0.98,2.27,CRITICAL
17.0,35.6,76.3,144.9,238.4,30.8,74.3,998.2,40.0,19.0,0.8,299.5,86.5,5,76.9,MODERATE,0.98,1.95,CRITICAL
3.6,7.9,14.3,26.1,41.3,31.7,73.8,1000.9,31.8,67.4,1.9,88.0,46.1,1,63.5,MODERATE,0.12,0.0,LOW
9.4,24.0,46.9,79.1,133.8,32.4,76.0,996.9,36.2,36.9,3.6,853.2,72.8,1,74.3,MODERATE,0.62,0.71,HIGH
3.7,8.8,13.4,21.9,39.2,27.3,62.5,1006.0,28.7,7.2,0.4,697.8,49.3,4,62.9,MODERATE,0.45,0.87,HIGH
7.0,14.7,26.4,37.4,58.8,36.9,57.8,1018.8,19.5,5.9,7.4,178.1,54.2,7,23.4,LOW,0.45,0.86,HIGH
14.6,37.4,77.5,125.2,188.9,24.8,61.0,1007.7,35.3,19.7,3.6,690.6,94.7,3,47.7,MODERATE,0.91,1.61,CRITICAL
31.5,61.2,108.4,206.9,358.0,28.5,70.6,1002.9,37.0,33.1,1.5,304.5,85.1,3,92.0,HIGH,0.98,1.5,CRITICAL
14.6,35.9,68.9,112.4,200.6,29.2,68.1,1002.5,33.9,10.1,1.6,80.8,88.8,5,74.0,MODERATE,0.98,2.07,CRITICAL
33.0,74.2,122.2,204.9,279.7,30.3,91.8,991.7,42.0,12.2,2.5,376.9,85.6,4,144.6,HIGH,0.98,1.77,CRITICAL
1.0,2.5,4.5,7.1,11.3,32.3,62.4,1012.5,31.9,4.2,1.3,447.3,44.5,5,40.6,MODERATE,0.31,0.64,HIGH
10.3,27.1,58.3,91.3,154.8,30.2,62.0,1004.3,31.7,5.0,0.3,48.3,75.1,6,43.9,MODERATE,0.95,2.14,CRITICAL
8.9,22.3,42.3,60.7,95.2,30.4,69.1,1003.5,39.6,17.1,0.4,158.5,66.9,3,64.4,MODERATE,0.82,1.6,CRITICAL
4.5,10.1,21.6,38.2,57.5,30.6,57.6,1022.0,15.8,3.9,1.8,17.1,58.1,6,2.0,LOW,0.51,1.1,HIGH
6.3,12.7,27.1,45.3,73.7,27.3,74.9,1007.5,35.5,6.1,0.8,159.6,57.3,5,71.4,MODERATE,0.83,1.63,CRITICAL
0.8,1.9,4.2,7.3,10.5,31.6,70.7,998.6,52.9,6.8,0.4,170.3,39.4,4,90.1,HIGH,0.62,1.31,CRITICAL
6.0,13.7,29.2,50.4,74.4,31.9,63.5,1001.4,51.4,12.6,7.2,393.0,55.6,5,50.3,MODERATE,0.53,1.05,HIGH
4.8,9.4,14.2,26.7,47.9,36.0,64.8,1014.8,23.5,2.8,1.4,99.3,46.6,6,36.0,LOW,0.58,1.17,HIGH
1.3,3.2,6.9,12.9,20.8,28.8,60.9,1006.0,32.1,14.5,2.7,26.6,38.5,5,62.8,MODERATE,0.45,0.74,HIGH
5.3,11.4,18.2,33.9,58.9,30.7,76.1,992.8,42.4,49.5,1.0,159.1,50.5,3,73.9,MODERATE,0.34,0.1,MODERATE
3.5,6.8,10.4,17.7,30.2,31.0,61.0,1012.8,41.4,2.4,0.5,678.7,52.4,7,36.3,LOW,0.35,0.66,HIGH
4.1,10.7,16.5,26.6,43.2,32.9,72.7,999.3,38.1,19.9,5.1,208.6,41.7,5,76.5,MODERATE,0.48,0.63,HIGH
0.9,2.0,3.6,7.0,12.0,35.4,59.3,1020.9,12.2,34.5,0.8,218.8,39.3,5,28.3,LOW,0.11,0.0,LOW
0.4,0.9,1.8,2.5,3.6,32.5,57.8,1014.2,22.5,8.7,0.4,255.6,39.6,4,34.7,LOW,0.26,0.0,LOW
22.3,55.1,98.2,146.5,237.1,29.3,70.2,1001.2,32.4,4.5,3.4,544.5,88.6,5,93.6,HIGH,0.98,1.96,CRITICAL
4.2,10.9,16.6,27.4,43.6,34.6,59.8,1015.9,21.8,2.8,0.3,263.5,49.1,7,37.8,LOW,0.54,1.04,HIGH
0.0,0.0,0.0,0.1,0.1,32.4,68.8,1005.6,33.4,20.6,2.3,51.4,27.5,3,52.4,MODERATE,0.22,0.0,LOW
6.4,15.6,28.2,39.6,54.8,30.0,63.2,1012.2,23.3,16.5,1.5,102.8,56.7,3,62.0,MODERATE,0.64,0.93,HIGH
7.8,19.5,39.6,72.6,104.5,27.9,67.4,1009.1,23.8,6.7,1.6,94.1,69.4,5,45.3,MODERATE,0.85,1.51,CRITICAL
0.1,0.2,0.3,0.6,0.9,29.0,78.5,997.8,57.7,34.1,0.3,284.4,34.7,2,53.8,MODERATE,0.13,0.0,LOW
4.2,9.6,15.8,26.8,42.9,33.7,74.8,999.5,44.9,25.9,12.0,26.5,42.4,3,58.3,MODERATE,0.3,0.0,MODERATE
3.9,7.7,12.9,21.3,38.1,34.7,63.8,1013.8,33.0,7.8,2.8,141.7,49.4,4,39.1,LOW,0.48,0.88,HIGH
3.8,9.6,16.4,28.1,50.0,27.5,62.9,1002.2,34.0,27.2,3.3,370.1,43.0,4,56.3,MODERATE,0.31,0.23,MODERATE
12.1,31.2,59.9,89.7,126.9,27.3,71.5,1001.6,42.3,7.1,4.1,181.4,64.9,5,73.5,MODERATE,0.92,1.74,CRITICAL
5.6,11.1,20.3,29.7,43.2,32.8,77.4,996.9,41.0,22.2,5.9,482.4,46.6,4,88.2,MODERATE,0.43,0.36,MODERATE
1.0,2.7,4.6,7.2,9.5,28.3,69.3,1008.6,25.5,4.3,3.6,203.6,45.2,6,65.1,MODERATE,0.48,0.91,HIGH
3.4,8.5,15.0,27.3,40.9,34.3,51.5,1022.0,11.1,23.2,5.3,1487.7,49.5,3,13.3,LOW,0.05,0.0,LOW
2.6,5.7,10.0,17.4,30.0,27.9,72.4,995.9,40.1,6.9,2.4,1292.8,40.0,6,88.7,MODERATE,0.29,0.0,MODERATE
7.9,19.3,42.1,71.0,124.9,34.8,65.5,1005.2,28.4,17.3,1.9,626.3,60.9,4,46.4,MODERATE,0.69,1.17,HIGH
0.5,0.9,1.5,2.7,3.8,30.4,61.7,1017.0,66.0,5.4,6.4,1188.3,36.2,6,34.1,LOW,0.07,0.0,LOW
3.2,8.4,17.5,30.3,43.4,33.4,74.2,1004.3,28.5,25.3,7.3,102.1,48.2,6,74.3,MODERATE,0.45,0.54,MODERATE
3.0,7.0,13.9,22.1,31.1,31.7,63.4,1008.8,28.1,3.1,0.8,543.2,43.2,6,48.0,MODERATE,0.4,0.96,HIGH
2.3,5.5,8.3,12.1,17.8,30.1,80.2,996.0,41.4,5.3,3.0,162.5,48.9,5,94.7,HIGH,0.69,1.71,CRITICAL
3.4,8.2,18.0,35.0,59.6,26.3,66.2,1008.6,26.5,5.7,4.3,506.0,50.7,4,57.2,MODERATE,0.55,1.08,HIGH
1.2,2.9,5.9,10.4,16.9,25.0,69.2,1003.4,35.8,2.8,0.6,192.9,28.2,5,64.6,MODERATE,0.49,1.18,HIGH
3.0,7.8,15.5,28.2,47.8,31.3,60.8,1013.4,20.1,26.6,9.6,144.8,46.1,3,53.3,MODERATE,0.3,0.0,MODERATE
4.3,10.3,18.4,31.0,49.3,32.7,64.2,1015.1,29.3,73.3,2.9,1226.9,50.8,0,32.0,LOW,0.05,0.0,LOW
0.1,0.2,0.4,0.7,1.0,30.2,56.6,1022.0,13.2,29.1,3.9,104.5,37.2,3,2.0,LOW,0.06,0.0,LOW
14.6,34.6,58.1,101.7,143.8,28.6,76.0,1009.9,29.5,37.5,1.0,555.0,73.7,2,46.4,MODERATE,0.65,0.64,HIGH
1.0,2.1,3.2,4.6,6.0,32.5,62.1,1007.8,34.6,2.1,1.4,441.7,34.9,5,56.4,MODERATE,0.34,0.67,HIGH
1.7,4.5,9.4,18.2,30.7,32.3,69.8,1006.7,43.3,4.3,0.8,152.4,33.4,5,53.7,MODERATE,0.52,1.09,HIGH
8.0,19.5,41.6,65.8,113.4,29.9,68.3,1002.0,44.9,16.7,1.4,248.0,66.6,4,87.9,MODERATE,0.9,1.63,CRITICAL
3.2,7.8,12.6,18.7,31.5,33.0,61.9,1007.9,31.9,70.6,2.7,73.6,42.0,0,51.3,MODERATE,0.07,0.0,LOW
5.3,14.3,29.3,42.5,56.9,27.4,70.5,1002.5,33.9,21.5,6.6,980.6,51.9,5,64.8,MODERATE,0.24,0.0,LOW
0.9,1.7,3.5,6.4,10.8,30.0,68.1,1006.4,31.5,10.4,3.0,1324.4,40.4,5,42.0,MODERATE,0.08,0.0,LOW
9.1,20.4,33.1,60.3,79.8,36.3,74.2,1016.2,27.6,4.8,1.3,516.0,63.2,5,59.7,MODERATE,0.74,1.33,CRITICAL
9.2,19.3,34.7,63.1,85.4,29.7,74.4,996.4,52.9,5.0,0.5,734.4,53.7,5,90.0,HIGH,0.79,1.61,CRITICAL
0.4,0.8,1.5,3.0,4.5,32.3,55.2,1014.7,18.4,10.1,3.7,47.8,29.8,5,26.6,LOW,0.21,0.0,LOW
1.5,3.8,7.7,12.3,19.0,38.0,61.0,1016.2,19.8,24.5,2.2,199.1,37.3,6,35.4,LOW,0.19,0.0,LOW
8.8,23.5,49.1,85.3,145.6,27.0,58.9,1004.0,40.4,2.6,14.9,167.6,71.4,8,63.2,MODERATE,0.9,1.89,CRITICAL
10.9,24.7,38.7,68.6,112.5,30.2,82.4,987.0,50.4,36.4,5.6,331.3,61.8,4,105.7,HIGH,0.78,0.97,CRITICAL
1.0,2.5,4.8,9.4,13.0,34.1,72.7,999.8,35.9,53.1,6.1,92.0,45.8,2,78.4,MODERATE,0.14,0.0,LOW
1.7,4.5,9.2,14.6,20.7,31.4,63.7,1016.0,20.4,41.5,0.3,329.9,41.4,4,41.4,MODERATE,0.11,0.0,LOW
2.2,5.3,10.8,21.3,30.8,32.8,73.5,1004.8,35.0,46.0,5.6,418.7,53.3,0,69.5,MODERATE,0.16,0.0,LOW
6.8,14.2,22.8,33.9,46.2,27.1,72.8,996.5,95.0,2.3,1.1,68.9,47.7,5,107.3,HIGH,0.87,1.67,CRITICAL
15.1,36.1,67.5,125.4,181.1,28.4,71.2,1000.7,37.2,70.5,3.4,68.7,78.9,1,90.0,HIGH,0.81,0.5,CRITICAL
2.1,5.6,11.7,20.9,34.7,32.6,59.0,1012.1,21.9,10.2,2.4,28.7,40.5,5,29.6,LOW,0.4,0.58,MODERATE
2.4,6.4,11.0,20.8,29.6,33.3,59.2,1009.6,24.1,38.6,3.3,558.7,48.2,1,34.5,LOW,0.09,0.0,LOW
18.4,44.4,79.8,113.0,194.2,33.2,71.7,1003.0,29.8,5.7,0.8,167.8,82.7,6,105.3,HIGH,0.98,1.96,CRITICAL
5.8,15.1,31.2,45.1,69.3,34.2,64.6,1001.9,37.1,12.6,2.4,112.1,56.8,6,81.3,MODERATE,0.8,1.49,CRITICAL
6.3,13.1,20.4,29.4,43.0,30.1,69.1,1001.7,37.1,2.8,0.4,587.1,45.1,5,68.9,MODERATE,0.57,1.23,CRITICAL
2.6,5.5,11.6,20.3,30.6,32.6,69.8,997.2,37.2,2.7,0.4,73.8,38.8,6,83.4,MODERATE,0.73,1.34,CRITICAL
2.4,6.3,10.8,19.1,31.6,31.7,60.3,1018.7,22.9,53.7,4.1,226.7,50.6,1,13.7,LOW,0.05,0.0,LOW
8.1,16.2,24.3,47.2,73.5,32.6,79.7,1002.3,41.0,32.0,10.9,533.9,52.3,4,74.1,MODERATE,0.33,0.1,MODERATE
1.0,2.1,3.5,5.9,7.7,32.6,53.8,1015.3,19.2,15.6,5.6,339.1,33.0,4,6.7,LOW,0.08,0.0,LOW
4.2,9.4,14.7,21.2,37.3,33.6,49.0,1017.9,17.5,15.4,2.5,321.8,44.9,3,17.9,LOW,0.23,0.0,LOW
8.0,19.0,29.7,45.3,60.4,32.9,61.1,1013.5,55.9,26.9,0.5,80.1,49.1,2,52.7,MODERATE,0.5,0.6,HIGH
11.2,26.7,53.1,74.5,131.9,26.2,71.5,1001.3,34.9,9.5,0.5,90.8,82.3,4,89.6,MODERATE,0.97,1.97,CRITICAL
4.5,9.6,15.8,29.4,38.7,28.3,66.9,1008.4,35.3,27.8,0.9,347.0,50.9,3,51.4,MODERATE,0.3,0.0,MODERATE
4.0,10.6,22.8,43.1,72.7,30.9,66.5,1004.8,32.4,13.9,13.3,24.1,52.0,7,72.0,MODERATE,0.64,0.99,HIGH
1.9,5.0,9.3,18.6,29.2,25.4,73.6,997.3,47.9,20.3,2.1,787.7,40.7,3,89.6,MODERATE,0.32,0.4,MODERATE
2.3,5.0,9.1,15.0,23.3,33.1,68.2,1007.8,36.3,62.3,6.8,179.0,31.3,2,84.6,MODERATE,0.09,0.0,LOW
16.7,37.5,67.7,95.6,127.8,31.5,81.7,995.0,46.5,13.5,4.6,219.8,70.8,4,124.8,HIGH,0.96,1.67,CRITICAL
0.9,2.3,4.6,7.0,10.0,32.9,50.7,1015.1,32.5,11.8,3.6,128.6,34.0,5,40.9,MODERATE,0.27,0.0,LOW
16.8,40.8,74.2,130.0,219.5,27.3,69.8,1001.1,53.8,44.5,10.6,810.3,90.4,4,96.0,HIGH,0.89,1.03,CRITICAL
1.0,2.3,3.6,7.1,12.4,34.4,68.2,1006.7,32.6,43.9,1.2,405.9,28.6,2,44.1,MODERATE,0.07,0.0,LOW
3.7,8.2,17.3,25.2,39.5,36.1,62.0,1007.4,27.1,89.9,2.4,242.1,45.7,2,51.4,MODERATE,0.05,0.0,LOW
9.5,20.7,37.3,54.9,81.1,30.7,78.9,1002.8,33.7,16.4,7.3,349.5,65.8,3,106.0,HIGH,0.82,1.45,CRITICAL
3.3,6.8,10.6,19.3,25.7,32.6,61.4,1010.0,33.6,9.6,3.1,196.9,42.3,5,50.4,MODERATE,0.41,0.73,HIGH
18.0,40.8,76.3,137.3,225.4,30.6,71.5,1001.0,39.9,6.9,1.3,253.1,86.1,6,73.8,MODERATE,0.98,1.96,CRITICAL
21.6,52.9,103.4,160.3,230.6,33.0,65.4,1012.4,21.4,2.6,1.1,183.2,89.9,6,60.7,MODERATE,0.98,2.15,CRITICAL
1.3,3.1,5.3,10.1,13.4,28.8,74.7,993.6,39.5,25.4,5.2,215.9,38.4,2,74.2,MODERATE,0.28,0.0,MODERATE
0.7,1.7,3.5,5.1,8.3,30.7,58.4,1006.1,35.5,6.8,0.3,158.8,48.3,6,36.5,LOW,0.37,0.65,HIGH
0.1,0.3,0.5,1.1,1.6,35.2,53.3,1021.5,12.8,18.8,8.9,45.7,33.8,5,13.1,LOW,0.1,0.0,LOW
12.2,30.7,60.0,91.3,119.2,35.4,80.4,996.5,41.6,46.7,0.4,29.5,61.8,2,106.0,HIGH,0.84,1.03,CRITICAL
4.0,7.6,13.6,19.7,26.6,26.4,71.4,999.2,44.3,56.0,3.8,87.7,42.4,0,66.6,MODERATE,0.13,0.0,LOW
6.0,13.7,29.7,47.6,78.6,31.0,60.8,1009.4,29.5,2.1,3.5,125.1,57.6,5,39.3,LOW,0.73,1.5,CRITICAL
3.7,9.4,15.9,24.0,32.0,27.9,71.9,1006.5,26.5,8.9,3.3,855.4,46.6,5,42.4,MODERATE,0.22,0.0,LOW
5.4,13.0,24.8,42.5,73.7,35.1,64.5,1008.0,26.0,34.7,2.6,374.0,59.0,3,49.2,MODERATE,0.37,0.1,MODERATE
7.2,16.4,28.2,51.1,74.4,29.8,62.7,1009.2,25.1,15.8,7.0,1222.3,65.2,4,24.5,LOW,0.17,0.0,LOW
4.0,9.7,19.7,33.3,44.8,27.8,65.0,1010.4,24.3,31.7,4.1,172.7,44.3,2,41.9,MODERATE,0.24,0.0,LOW
3.3,8.6,13.2,23.7,39.8,33.6,64.9,1014.4,24.4,36.6,5.6,210.2,42.5,1,39.1,LOW,0.16,0.0,LOW
0.7,1.7,2.6,4.2,6.5,35.5,77.7,1008.5,29.4,12.5,0.7,498.4,27.5,6,39.0,LOW,0.16,0.0,LOW
4.4,11.1,23.0,32.5,47.3,32.1,74.3,1002.9,31.3,10.0,0.5,342.8,51.3,5,58.0,MODERATE,0.57,1.04,HIGH
4.6,12.4,22.4,44.5,66.9,32.0,69.8,1010.7,22.1,12.9,0.4,300.2,49.0,5,49.3,MODERATE,0.58,0.94,HIGH
0.6,1.4,2.4,4.5,5.9,33.9,53.1,1021.1,12.4,21.0,0.9,340.7,41.1,3,6.4,LOW,0.1,0.0,LOW
14.5,34.2,65.9,95.1,155.2,34.1,64.3,1003.9,61.8,10.2,4.1,348.4,75.2,5,73.9,MODERATE,0.94,1.77,CRITICAL
23.1,44.6,88.8,148.2,219.8,27.4,75.4,996.7,40.9,28.8,2.7,566.5,98.6,2,99.9,HIGH,0.98,1.66,CRITICAL
6.3,13.8,22.6,40.3,66.8,31.7,61.6,1014.4,33.9,44.2,5.2,434.1,46.2,1,19.5,LOW,0.1,0.0,LOW
2.9,6.9,11.2,16.9,27.3,29.4,63.9,1004.0,43.5,8.0,1.0,1213.5,47.6,4,68.6,MODERATE,0.25,0.0,LOW
16.5,41.9,91.0,159.0,258.4,25.2,82.3,986.5,52.0,62.3,1.9,1138.2,94.5,2,119.2,HIGH,0.93,0.97,CRITICAL
2.3,5.3,10.1,17.4,29.5,30.8,64.8,1012.2,29.8,19.5,8.0,223.3,45.7,4,35.1,LOW,0.21,0.0,LOW
2.3,6.2,10.9,16.6,26.9,32.8,73.9,1000.4,33.8,39.9,9.9,28.8,36.8,1,50.6,MODERATE,0.13,0.0,LOW
3.2,6.7,13.8,20.5,30.9,32.0,71.7,1004.2,37.5,4.0,9.2,19.2,46.2,6,62.3,MODERATE,0.55,1.19,HIGH
0.4,1.1,2.1,3.9,5.8,32.7,67.7,1007.8,27.0,7.2,6.3,65.0,37.2,4,56.5,MODERATE,0.36,0.59,MODERATE
2.3,5.2,8.7,13.9,18.9,31.3,64.7,1006.6,40.0,9.0,4.4,44.6,31.0,5,56.4,MODERATE,0.41,0.82,HIGH
2.6,6.0,9.9,15.3,25.8,32.8,61.2,1011.0,21.9,8.5,8.9,192.6,49.9,6,40.6,MODERATE,0.33,0.5,MODERATE
21.8,55.5,98.7,181.9,305.7,28.2,65.5,1001.3,43.0,5.4,4.7,35.6,88.3,5,79.0,MODERATE,0.98,2.08,CRITICAL
2.6,5.5,11.7,21.5,30.5,30.5,74.0,1009.4,23.8,38.5,11.1,387.6,50.8,1,53.9,MODERATE,0.12,0.0,LOW
17.7,34.9,53.9,84.4,146.1,30.9,70.3,1002.8,46.7,11.8,0.4,95.2,74.8,4,66.0,MODERATE,0.95,1.87,CRITICAL
1.2,2.7,4.4,8.5,13.5,32.2,62.4,1011.3,23.9,61.4,9.2,289.2,43.6,1,38.7,LOW,0.05,0.0,LOW
0.9,2.0,4.3,7.9,12.1,32.2,59.7,1010.2,30.5,17.8,3.1,56.3,34.0,4,33.8,LOW,0.22,0.0,LOW
8.9,22.7,36.0,57.8,75.7,29.3,89.5,997.0,40.9,4.7,0.7,683.3,56.9,5,88.8,MODERATE,0.78,1.58,CRITICAL
2.9,7.9,15.3,25.3,37.7,31.0,55.8,1014.2,21.6,16.2,1.1,590.3,46.1,5,37.3,LOW,0.25,0.0,LOW
0.4,0.7,1.2,2.1,3.5,38.0,70.0,1000.4,40.3,92.8,7.0,200.7,34.3,2,50.2,MODERATE,0.05,0.0,LOW
1.2,2.8,5.5,8.4,11.2,33.9,65.1,1011.9,43.9,17.0,2.8,932.5,33.7,4,52.9,MODERATE,0.11,0.0,LOW
3.8,9.3,16.5,27.7,42.4,32.1,69.0,1008.1,24.5,2.0,14.5,93.1,31.3,7,60.4,MODERATE,0.44,0.86,HIGH
0.9,2.4,3.8,6.8,12.3,32.2,60.9,1020.6,31.5,50.7,0.7,654.0,34.1,1,17.2,LOW,0.05,0.0,LOW
11.3,30.1,57.4,99.0,164.2,29.3,79.1,1003.1,36.8,6.8,2.2,314.9,83.7,6,95.2,HIGH,0.98,1.97,CRITICAL
5.9,14.7,29.0,51.2,80.6,29.9,73.4,1002.0,43.6,23.0,1.7,166.9,50.2,5,69.1,MODERATE,0.67,1.17,HIGH
1.0,2.4,4.7,8.2,12.8,31.4,63.4,1004.8,31.4,15.0,2.8,48.5,32.6,5,45.6,MODERATE,0.29,0.0,MODERATE
16.8,34.1,66.4,100.9,133.3,25.6,69.3,1002.4,35.1,9.1,3.8,86.4,64.5,5,60.7,MODERATE,0.91,1.96,CRITICAL
1.6,3.6,6.7,11.0,19.6,27.7,64.7,1011.8,36.7,8.0,4.1,770.0,41.4,5,44.2,MODERATE,0.19,0.0,LOW
17.7,41.8,78.0,134.0,236.5,27.2,89.8,991.3,45.7,49.6,0.3,369.8,85.5,4,109.0,HIGH,0.97,1.22,CRITICAL
13.1,32.5,63.3,118.2,194.0,30.0,68.7,996.0,42.7,45.7,0.6,117.8,94.5,0,77.6,MODERATE,0.95,1.15,CRITICAL
36.5,87.8,174.2,312.3,421.4,28.8,81.8,995.9,36.8,15.0,0.4,275.3,93.7,6,117.2,HIGH,0.98,1.67,CRITICAL
2.9,7.1,13.9,23.0,32.3,35.5,63.0,1013.1,20.5,7.4,7.3,58.4,44.9,5,36.6,LOW,0.39,0.61,HIGH
2.4,5.4,10.3,20.4,28.4,29.0,61.1,1019.5,20.7,3.9,1.6,54.5,44.3,6,38.5,LOW,0.5,0.95,HIGH
2.9,7.1,11.4,16.8,26.2,28.7,68.7,1004.1,38.4,5.1,1.9,920.7,38.4,5,74.4,MODERATE,0.34,0.77,HIGH
7.4,15.0,24.7,37.6,52.8,34.3,65.5,1003.6,35.8,15.3,2.4,247.6,45.7,3,69.5,MODERATE,0.58,1.0,HIGH
4.5,9.2,15.5,24.8,40.9,31.1,71.8,1005.6,28.0,8.6,6.9,185.5,49.8,5,59.6,MODERATE,0.52,0.91,HIGH
2.3,4.6,9.9,15.3,24.0,34.2,63.9,1014.9,22.0,2.8,0.3,1146.4,46.2,6,29.5,LOW,0.16,0.0,LOW
20.2,52.7,107.1,190.0,248.7,34.7,79.7,997.1,39.0,12.9,0.7,208.5,93.5,5,101.9,HIGH,0.98,2.13,CRITICAL
0.3,0.6,1.2,1.7,2.8,29.2,66.8,1007.0,30.8,26.7,4.3,170.7,33.4,3,45.1,MODERATE,0.14,0.0,LOW
7.2,18.4,30.9,46.5,64.8,31.6,58.9,1013.3,35.3,42.0,11.9,136.1,50.9,2,32.4,LOW,0.15,0.0,LOW
7.5,15.7,24.7,38.9,66.7,30.6,57.3,1009.3,35.0,17.8,3.9,331.4,48.7,3,44.1,MODERATE,0.44,0.56,MODERATE
4.9,11.2,23.9,43.2,63.9,26.0,71.3,1006.6,26.4,25.1,1.4,325.6,56.4,4,48.9,MODERATE,0.45,0.47,MODERATE
2.9,7.5,16.0,30.7,45.2,31.1,63.9,1013.5,36.4,10.1,2.9,21.2,37.6,5,32.1,LOW,0.44,0.73,HIGH
6.3,14.8,23.4,43.9,57.4,29.8,82.0,982.0,56.0,14.3,13.2,418.4,39.8,4,133.6,HIGH,0.7,1.26,CRITICAL
22.2,46.0,94.7,142.9,256.3,32.8,61.2,1010.8,32.4,25.5,2.9,605.0,80.0,2,39.7,LOW,0.95,1.76,CRITICAL
1.0,2.1,3.8,6.6,10.6,31.5,70.6,999.4,34.3,25.4,1.9,378.7,27.2,4,57.6,MODERATE,0.17,0.0,LOW
9.7,25.6,44.2,62.7,94.8,27.6,73.5,989.4,52.2,11.9,2.0,790.0,67.8,4,118.9,HIGH,0.87,1.67,CRITICAL
5.2,11.7,23.6,37.5,50.5,29.6,61.0,1009.3,25.1,16.1,12.2,137.9,52.8,4,39.5,LOW,0.34,0.46,MODERATE
4.7,11.2,21.6,40.6,67.0,35.4,53.6,1016.7,20.1,48.4,4.7,96.0,47.4,2,39.1,LOW,0.2,0.0,LOW
10.4,23.5,48.1,80.6,116.1,29.3,67.4,1003.8,28.7,20.0,4.4,469.1,66.4,5,51.2,MODERATE,0.69,1.22,CRITICAL
3.4,7.6,11.8,17.5,31.4,32.5,58.4,1013.1,20.4,20.5,1.2,94.4,51.0,3,33.2,LOW,0.33,0.14,MODERATE
0.1,0.2,0.4,0.7,1.2,33.0,49.5,1018.7,14.1,29.6,3.2,51.3,37.8,4,18.7,LOW,0.1,0.0,LOW
2.2,5.4,9.4,14.2,23.7,35.9,69.7,1016.2,18.1,4.2,1.8,53.6,52.1,6,26.1,LOW,0.44,0.75,HIGH
0.5,1.1,2.0,3.2,5.8,35.0,63.7,1018.9,14.0,15.3,1.3,570.8,36.0,3,43.6,MODERATE,0.16,0.0,LOW
8.3,17.7,32.8,55.4,75.0,28.3,59.6,1011.3,30.4,59.7,8.2,26.1,52.4,0,38.4,LOW,0.15,0.0,LOW
9.5,24.0,40.7,65.5,94.3,27.8,69.4,1005.6,27.0,10.1,2.0,144.9,55.5,4,69.8,MODERATE,0.84,1.58,CRITICAL
16.9,43.6,79.0,155.1,221.3,30.3,81.4,991.4,49.0,8.3,1.5,67.6,90.1,5,105.5,HIGH,0.98,2.03,CRITICAL
9.1,24.0,42.1,73.2,97.8,30.2,76.1,1002.9,30.7,18.5,9.7,549.3,66.6,4,94.2,HIGH,0.74,1.29,CRITICAL
6.1,12.3,24.8,47.2,84.3,28.6,70.1,997.8,57.9,6.5,1.1,281.1,58.7,5,86.7,MODERATE,0.87,1.8,CRITICAL
0.3,0.7,1.3,2.3,3.1,35.5,60.5,1022.0,31.6,16.6,5.1,102.4,34.1,3,45.3,MODERATE,0.21,0.0,LOW
2.7,7.1,13.9,24.9,43.0,30.9,67.0,1003.5,31.0,5.0,4.0,542.4,53.1,5,74.4,MODERATE,0.58,1.16,HIGH
0.8,1.6,2.6,4.4,7.5,31.0,61.0,1006.0,33.9,17.6,9.2,542.3,39.7,4,59.0,MODERATE,0.15,0.0,LOW
7.5,14.3,24.8,34.7,51.6,33.3,68.4,1009.7,22.8,18.6,6.5,296.3,48.6,4,39.8,LOW,0.32,0.46,MODERATE
1.4,3.6,5.4,9.5,12.5,29.8,74.7,1005.4,48.5,11.8,4.6,137.6,34.6,5,69.8,MODERATE,0.4,0.66,HIGH
5.0,10.8,17.0,27.5,35.8,36.6,70.0,1019.4,18.6,10.7,1.6,350.4,43.6,6,30.0,LOW,0.32,0.53,MODERATE
8.9,19.9,33.6,49.4,69.2,28.0,66.7,999.7,33.2,7.1,2.7,1045.2,56.4,8,72.0,MODERATE,0.51,1.18,HIGH
4.2,9.5,14.7,24.5,38.0,32.5,70.7,1006.7,29.0,9.2,10.4,35.1,41.5,4,60.7,MODERATE,0.47,0.73,HIGH
1.3,3.2,6.2,11.5,17.5,33.4,71.5,998.7,34.5,14.4,0.4,133.0,33.6,7,61.9,MODERATE,0.41,0.57,MODERATE
4.3,9.4,20.6,40.7,64.9,25.7,81.4,993.8,42.9,7.1,5.8,142.5,50.4,5,93.7,HIGH,0.81,1.53,CRITICAL
2.8,7.4,11.6,18.8,31.6,29.1,65.3,999.8,41.6,29.5,1.3,394.7,43.5,3,67.0,MODERATE,0.29,0.0,MODERATE
7.0,16.7,34.6,59.7,88.9,33.5,62.5,1004.7,32.8,24.2,1.0,415.2,66.3,3,45.5,MODERATE,0.57,0.94,HIGH
0.9,2.1,3.3,6.3,8.6,33.1,67.5,1001.4,35.0,7.6,1.2,102.8,31.6,4,73.6,MODERATE,0.49,1.08,HIGH
15.8,34.1,67.1,107.4,182.6,29.5,73.6,999.1,34.4,3.8,0.5,107.5,86.3,7,87.5,MODERATE,0.98,2.13,CRITICAL
14.9,31.2,60.8,90.3,132.3,27.2,74.8,993.0,41.9,2.0,17.2,1015.9,70.0,6,107.4,HIGH,0.83,1.82,CRITICAL
1.6,3.8,8.1,12.7,18.3,33.0,72.4,1004.3,29.0,18.3,7.4,551.5,38.9,5,68.4,MODERATE,0.21,0.0,LOW
15.5,34.9,55.2,107.0,180.0,31.9,83.8,992.2,53.6,6.3,2.9,1049.4,92.2,4,92.4,HIGH,0.96,2.06,CRITICAL
5.6,14.8,25.5,38.1,67.4,28.7,66.4,1011.5,21.9,2.2,4.7,687.6,53.9,5,36.1,LOW,0.45,0.82,HIGH
11.1,25.4,39.7,63.4,111.4,27.8,76.1,1005.7,33.9,10.0,3.1,210.5,61.1,5,92.7,HIGH,0.91,1.67,CRITICAL
2.4,5.6,9.9,16.7,22.8,29.6,80.5,992.6,43.4,60.9,6.1,64.4,45.7,0,104.9,HIGH,0.2,0.0,LOW
1.1,2.5,5.4,10.4,16.1,31.9,64.5,1002.4,32.1,23.1,6.8,392.4,43.5,5,39.1,LOW,0.14,0.0,LOW
2.8,7.0,14.3,28.2,37.9,29.1,80.4,998.6,42.1,37.1,1.2,179.9,40.4,2,91.0,HIGH,0.41,0.11,MODERATE
2.4,5.4,10.9,18.0,32.1,32.8,63.3,1007.7,29.5,4.8,2.5,225.6,37.9,7,38.5,LOW,0.41,0.77,HIGH
5.8,12.2,22.9,45.0,63.3,30.5,64.0,1016.4,19.8,3.4,3.8,225.9,54.5,6,8.6,LOW,0.45,0.95,HIGH
18.4,47.8,101.2,151.4,211.8,23.2,89.1,989.1,50.9,2.2,13.7,1062.7,89.8,6,147.1,HIGH,0.98,2.2,CRITICAL
17.9,42.5,77.1,115.2,200.9,29.8,70.0,1006.0,31.8,58.1,4.3,42.1,87.6,0,72.6,MODERATE,0.89,0.92,CRITICAL
0.4,0.9,1.4,2.7,4.8,30.7,62.1,1003.6,31.7,8.4,8.3,96.5,41.6,4,55.8,MODERATE,0.32,0.42,MODERATE
0.0,0.1,0.2,0.4,0.7,30.8,59.4,1010.7,28.1,13.1,6.9,370.8,32.2,4,22.0,LOW,0.1,0.0,LOW
8.9,21.9,37.2,56.2,76.4,28.0,73.7,1006.8,34.4,11.0,3.4,832.8,58.1,5,53.7,MODERATE,0.48,0.86,HIGH
2.9,6.3,9.6,16.3,25.1,25.3,72.8,998.6,34.1,25.6,8.1,965.1,47.8,3,56.0,MODERATE,0.1,0.0,LOW
3.2,6.1,9.7,18.2,31.1,29.0,71.1,1002.3,35.2,8.7,2.0,325.8,41.9,4,84.4,MODERATE,0.59,1.21,CRITICAL
7.8,19.9,38.3,72.5,115.1,32.0,77.7,998.2,34.8,15.8,2.0,28.4,57.5,4,65.9,MODERATE,0.87,1.68,CRITICAL
0.5,0.9,1.8,3.4,4.6,35.1,64.7,1014.1,19.7,99.6,5.6,186.3,34.3,0,53.7,MODERATE,0.05,0.0,LOW
7.2,17.8,30.0,52.3,72.5,33.7,69.8,1005.2,33.8,12.6,0.8,969.3,55.9,7,53.0,MODERATE,0.42,0.79,HIGH
0.4,0.8,1.6,3.0,5.2,30.8,54.6,1021.2,26.9,16.4,1.6,278.4,41.4,3,2.0,LOW,0.11,0.0,LOW
6.7,14.8,30.2,51.5,80.5,27.7,67.4,1004.5,45.1,14.6,3.6,507.8,54.5,5,65.3,MODERATE,0.62,1.16,HIGH
17.4,33.9,72.7,128.2,212.0,31.1,77.6,999.0,34.1,31.3,2.2,134.2,98.6,3,80.7,MODERATE,0.98,1.48,CRITICAL
2.2,5.1,9.8,18.2,27.0,30.5,81.5,992.1,44.9,7.6,10.2,24.6,35.9,4,98.9,HIGH,0.63,1.31,CRITICAL
31.8,77.1,157.7,261.0,408.8,29.6,79.4,989.7,50.1,5.4,11.4,343.2,90.8,4,116.0,HIGH,0.98,2.17,CRITICAL
9.4,19.2,38.9,56.2,100.6,23.8,84.6,991.5,42.4,27.3,2.7,699.6,61.5,5,102.3,HIGH,0.73,1.01,HIGH
15.1,33.3,55.9,90.0,131.8,28.8,66.1,1007.3,36.7,11.7,3.0,1775.3,78.0,5,54.7,MODERATE,0.48,0.84,HIGH
1.1,2.8,4.8,8.5,13.9,31.2,60.8,1009.3,33.9,46.1,4.8,727.5,31.5,2,53.9,MODERATE,0.05,0.0,LOW
10.0,22.6,41.4,62.8,87.1,30.1,75.4,991.6,59.8,20.6,2.4,321.8,61.1,3,109.3,HIGH,0.85,1.5,CRITICAL
1.7,4.3,6.5,9.7,13.2,33.6,57.6,1012.6,19.7,17.0,1.0,371.6,37.4,4,34.0,LOW,0.19,0.0,LOW
11.9,31.4,53.7,84.6,143.1,30.5,70.4,1000.9,33.5,3.3,5.1,675.5,82.0,7,90.1,HIGH,0.94,2.15,CRITICAL
7.0,18.7,34.2,48.6,83.6,31.7,73.7,1006.2,40.2,25.6,5.0,22.6,53.9,3,72.3,MODERATE,0.69,0.96,HIGH
0.9,2.4,3.7,6.9,11.2,32.8,53.6,1018.7,22.3,22.9,1.3,1166.1,40.2,3,18.9,LOW,0.05,0.0,LOW
10.6,22.8,36.2,56.3,77.6,33.4,63.4,1012.6,37.6,20.4,6.6,302.9,52.1,3,47.2,MODERATE,0.47,0.55,MODERATE
3.3,8.9,16.2,23.8,33.9,31.2,67.1,1002.7,30.2,7.6,3.6,1169.3,45.3,6,53.5,MODERATE,0.19,0.0,LOW
2.3,5.8,11.7,21.4,37.5,29.8,73.2,997.4,42.4,54.8,1.2,564.5,43.5,1,71.3,MODERATE,0.12,0.0,LOW
11.1,28.4,59.2,112.9,163.1,27.5,75.5,986.7,52.8,9.0,4.0,77.8,77.9,4,113.2,HIGH,0.98,1.98,CRITICAL
8.5,16.3,30.8,43.4,74.3,30.1,72.3,998.9,33.9,5.0,1.2,83.6,45.5,6,89.8,MODERATE,0.87,1.92,CRITICAL
4.2,11.2,20.5,31.6,45.5,31.6,69.0,1003.2,35.0,80.5,1.4,180.8,49.6,1,72.3,MODERATE,0.09,0.0,LOW
6.8,17.2,30.4,59.8,105.8,30.2,77.9,996.6,43.5,26.7,6.9,131.5,58.7,2,97.0,HIGH,0.82,1.25,CRITICAL
23.7,59.7,97.6,159.2,279.7,31.5,70.5,1003.9,30.2,11.6,9.6,234.9,84.4,5,68.1,MODERATE,0.98,2.01,CRITICAL
7.3,14.3,22.9,44.9,59.4,34.1,62.0,1005.7,29.3,51.5,1.3,366.9,43.5,1,59.9,MODERATE,0.19,0.0,LOW
1.0,2.1,4.2,6.6,11.2,31.1,75.5,1003.1,37.5,3.7,9.5,233.0,32.8,6,64.9,MODERATE,0.34,0.72,HIGH
2.1,5.7,10.4,15.9,22.0,28.3,74.0,999.5,38.1,3.7,1.3,37.1,43.5,5,77.9,MODERATE,0.68,1.34,CRITICAL
24.1,55.4,113.8,174.0,244.9,33.1,68.4,1006.4,41.5,22.6,0.7,1426.5,92.3,4,83.4,MODERATE,0.95,1.53,CRITICAL
7.1,15.8,31.5,45.7,69.9,27.8,65.5,1008.8,26.9,5.5,0.5,225.4,57.6,5,37.8,LOW,0.67,1.28,CRITICAL
23.6,60.7,99.3,192.3,305.5,26.7,73.3,995.7,39.3,46.8,1.3,738.6,84.9,1,103.0,HIGH,0.98,1.22,CRITICAL
1.0,2.0,3.8,7.5,10.9,33.2,60.1,1017.0,48.6,35.0,2.0,44.2,39.1,2,36.7,LOW,0.14,0.0,LOW
10.2,22.8,41.2,81.4,129.2,31.9,71.6,1004.2,47.6,8.6,9.5,646.2,67.5,6,86.2,MODERATE,0.85,1.64,CRITICAL
6.5,14.3,25.7,49.0,67.9,27.6,59.7,1005.2,27.5,41.5,1.3,87.4,58.5,3,45.4,MODERATE,0.37,0.1,MODERATE
1.5,3.2,6.1,11.6,15.2,30.5,61.0,1011.0,33.0,2.8,1.9,447.3,41.3,5,40.1,MODERATE,0.31,0.62,HIGH
4.7,10.1,22.1,39.8,63.1,29.4,65.7,1007.0,26.3,16.3,4.9,427.0,49.1,3,54.7,MODERATE,0.45,0.51,MODERATE
4.2,8.6,17.8,33.8,52.7,30.6,63.4,1013.1,19.3,51.4,1.6,929.2,54.7,0,31.1,LOW,0.06,0.0,LOW
4.6,9.4,20.1,30.6,50.3,33.4,72.5,1007.4,27.4,36.8,4.3,161.9,51.4,2,52.5,MODERATE,0.29,0.0,MODERATE
13.9,33.6,51.1,83.4,135.4,31.7,68.8,999.8,35.2,9.9,2.3,58.8,65.3,4,72.1,MODERATE,0.94,1.88,CRITICAL
9.5,25.0,39.9,71.2,124.5,31.1,63.6,1008.1,37.9,5.6,1.1,774.7,60.9,5,55.9,MODERATE,0.79,1.49,CRITICAL
18.5,42.7,66.6,128.1,196.0,28.0,73.7,995.3,47.3,6.3,4.9,168.1,82.2,4,119.3,HIGH,0.98,2.07,CRITICAL
9.4,20.1,33.8,60.7,79.2,27.4,63.8,1005.9,58.4,15.0,0.4,115.6,65.0,3,64.6,MODERATE,0.79,1.48,CRITICAL
4.4,9.0,16.2,30.8,49.8,34.2,67.0,1004.7,37.6,18.3,1.5,268.1,43.6,3,66.7,MODERATE,0.51,0.72,HIGH
3.9,10.0,19.5,32.8,53.8,31.9,73.8,1003.2,33.5,2.6,1.8,75.0,59.2,6,69.7,MODERATE,0.8,1.9,CRITICAL
11.1,29.8,55.1,100.8,157.3,28.8,64.1,1003.9,38.1,11.6,2.4,148.9,72.9,6,63.1,MODERATE,0.94,1.96,CRITICAL
8.6,18.7,39.9,79.4,130.6,30.3,83.4,989.0,95.0,33.9,4.3,199.9,65.0,4,124.4,HIGH,0.92,1.31,CRITICAL
2.0,4.2,9.0,13.4,19.6,29.9,63.7,1000.3,42.1,12.6,2.5,138.4,44.8,4,74.0,MODERATE,0.52,0.85,HIGH
4.3,10.2,16.4,32.1,44.1,30.1,65.1,1005.8,38.1,5.3,3.5,242.4,51.8,5,57.1,MODERATE,0.59,1.05,HIGH
0.9,2.3,4.9,8.4,13.7,32.0,65.8,1006.4,48.3,57.8,3.5,199.5,41.5,1,55.8,MODERATE,0.07,0.0,LOW
13.4,30.3,55.6,99.3,141.2,27.6,83.8,996.3,37.3,7.6,1.9,581.1,77.2,6,96.7,HIGH,0.95,1.96,CRITICAL
1.2,2.8,5.0,9.7,14.9,31.3,58.6,1015.8,26.1,30.8,9.8,967.3,35.1,2,16.1,LOW,0.05,0.0,LOW
2.2,5.5,11.3,18.6,28.8,30.0,63.4,997.6,50.1,5.9,11.2,55.4,47.1,7,84.4,MODERATE,0.6,0.99,HIGH
6.7,18.0,28.1,46.4,71.4,30.6,52.0,1013.2,43.7,11.9,3.4,673.7,55.8,5,30.9,LOW,0.37,0.65,HIGH
8.4,17.0,36.0,61.8,98.9,32.8,65.8,1008.6,25.6,14.1,0.6,1035.3,60.4,5,69.8,MODERATE,0.61,1.01,HIGH
14.3,38.7,76.2,107.6,141.4,34.6,76.0,999.5,38.6,14.5,2.7,455.9,74.4,5,92.4,HIGH,0.93,1.81,CRITICAL
1.9,4.1,8.7,14.8,26.5,30.9,58.4,1020.1,21.1,15.1,1.0,2155.3,47.6,5,36.3,LOW,0.05,0.0,LOW
19.2,47.5,104.3,164.3,272.5,25.1,77.4,994.9,40.0,6.6,2.6,170.1,92.0,5,99.9,HIGH,0.98,2.02,CRITICAL
7.3,17.3,32.1,62.9,95.1,26.7,68.1,1012.8,26.7,15.1,1.0,689.0,50.4,3,39.0,LOW,0.49,0.71,HIGH
3.1,7.0,11.0,16.0,22.3,31.5,59.1,1013.5,21.1,13.8,4.6,440.6,45.6,4,44.8,MODERATE,0.25,0.0,LOW
31.2,76.6,123.9,207.6,278.2,28.2,77.5,999.3,36.5,6.2,0.6,163.5,94.1,6,97.3,HIGH,0.98,1.95,CRITICAL
0.3,0.6,1.0,2.0,3.2,32.8,50.9,1016.8,19.9,81.9,11.0,478.5,34.0,0,31.4,LOW,0.05,0.0,LOW
19.3,38.7,60.9,118.1,172.2,30.7,65.7,1002.9,35.6,38.1,1.1,285.8,83.0,2,79.5,MODERATE,0.91,1.17,CRITICAL
2.2,5.1,10.5,19.2,27.2,27.0,57.5,1007.5,29.7,41.3,4.1,94.6,43.0,2,60.6,MODERATE,0.2,0.0,LOW
4.4,10.1,17.2,30.2,45.0,26.4,65.4,1007.2,30.6,22.8,9.0,87.6,37.5,5,41.6,MODERATE,0.26,0.0,LOW
0.9,1.9,4.2,6.6,10.6,31.3,69.2,1003.9,31.4,5.1,1.3,489.9,35.9,5,71.7,MODERATE,0.4,0.79,HIGH
3.5,9.3,18.5,30.0,49.1,32.0,63.6,1011.9,21.7,17.1,9.8,487.9,46.7,4,31.7,LOW,0.2,0.0,LOW
4.3,8.9,14.4,21.0,34.0,30.5,63.5,1011.7,20.9,33.0,2.0,302.5,43.6,3,11.6,LOW,0.11,0.0,LOW
67.7,150.8,276.5,517.5,896.1,24.5,75.7,990.1,44.3,2.7,11.6,279.5,87.4,5,156.9,EXTREME,0.98,2.33,CRITICAL
10.3,20.8,38.1,60.7,85.5,33.4,58.8,1016.1,23.0,14.3,12.7,90.4,61.8,4,33.0,LOW,0.52,0.94,HIGH
35.2,82.0,151.3,272.4,440.8,31.9,72.3,990.9,54.2,11.1,1.0,228.1,86.0,5,131.8,HIGH,0.98,1.97,CRITICAL
2.1,4.6,8.6,13.9,18.7,32.6,68.4,1013.8,19.9,6.3,6.5,794.4,44.7,5,41.1,MODERATE,0.18,0.0,LOW
15.2,34.8,53.0,89.0,140.1,29.9,59.4,1014.6,18.5,10.6,1.1,748.1,76.6,5,40.0,MODERATE,0.8,1.58,CRITICAL
5.8,12.1,24.0,41.6,66.3,29.5,73.5,995.7,47.9,75.9,1.2,426.0,60.0,0,104.8,HIGH,0.23,0.0,LOW
18.1,35.1,64.6,121.5,171.1,26.8,79.2,1001.5,33.9,25.1,0.6,2270.6,90.7,2,88.0,MODERATE,0.6,0.89,HIGH
2.2,5.5,11.3,17.3,25.9,32.0,69.8,995.6,61.2,8.4,0.9,864.9,50.8,6,79.4,MODERATE,0.41,0.65,HIGH
4.5,10.9,22.7,37.1,63.6,30.6,64.3,1003.2,39.3,18.7,3.8,74.6,46.6,3,61.0,MODERATE,0.59,1.08,HIGH
22.8,49.5,82.2,121.5,167.0,25.9,65.1,1002.4,33.2,7.1,2.4,208.6,82.6,6,77.7,MODERATE,0.97,2.0,CRITICAL
13.1,25.3,38.8,56.1,85.2,30.8,62.9,1011.6,23.3,19.0,5.8,68.8,54.8,6,12.3,LOW,0.43,0.65,HIGH
3.8,9.9,19.8,34.9,61.6,33.4,61.8,1016.1,21.9,42.8,1.7,253.5,68.3,2,37.8,LOW,0.28,0.0,MODERATE
5.4,10.9,23.8,36.1,56.0,31.5,62.8,1016.9,15.9,16.7,12.4,584.2,53.5,4,46.4,MODERATE,0.25,0.0,LOW
2.1,5.5,10.0,14.4,24.0,29.3,85.2,1000.2,33.3,25.8,0.5,79.4,48.7,2,83.6,MODERATE,0.51,0.53,HIGH
6.9,15.8,26.5,51.4,88.1,27.4,58.7,1003.2,30.8,12.9,0.5,822.0,61.4,4,50.4,MODERATE,0.55,1.07,HIGH
11.9,25.8,41.5,71.4,100.1,30.1,82.9,990.7,53.9,15.4,4.5,334.9,49.4,3,116.2,HIGH,0.88,1.8,CRITICAL
0.8,2.1,3.5,5.2,7.4,28.1,71.2,998.2,40.2,23.4,7.9,540.2,33.1,4,95.5,HIGH,0.22,0.0,LOW
0.4,1.1,1.9,2.7,4.5,26.4,59.1,1013.2,19.1,32.1,5.9,32.6,32.8,3,35.8,LOW,0.11,0.0,LOW
0.2,0.4,0.7,1.0,1.7,31.6,54.5,1018.7,22.3,21.4,2.7,52.4,33.5,6,19.5,LOW,0.13,0.0,LOW
12.4,27.7,54.2,91.2,121.3,31.7,72.3,994.5,42.5,70.3,1.4,383.5,70.1,2,86.9,MODERATE,0.46,0.1,MODERATE
1.5,3.5,5.9,10.5,15.4,29.0,81.0,1000.0,38.3,32.8,0.3,707.1,41.7,3,68.4,MODERATE,0.15,0.0,LOW
4.8,12.7,19.5,34.9,52.3,35.0,72.9,1004.8,29.5,29.0,2.8,801.8,36.2,2,65.9,MODERATE,0.21,0.0,LOW
2.7,6.5,11.5,17.0,29.2,32.1,66.7,1007.4,31.4,35.6,2.6,458.1,41.8,1,53.8,MODERATE,0.16,0.0,LOW
8.3,17.5,36.7,65.3,98.7,30.6,80.8,998.1,65.4,7.9,1.8,100.2,59.7,4,74.0,MODERATE,0.89,1.89,CRITICAL
5.1,10.5,19.5,32.0,56.4,30.9,58.1,1008.6,24.3,12.2,3.3,97.4,57.4,4,33.2,LOW,0.53,1.06,HIGH
8.1,16.9,36.7,61.6,110.8,30.0,65.1,1001.0,34.2,17.0,4.9,825.0,68.4,4,81.0,MODERATE,0.72,1.38,CRITICAL
3.5,7.5,13.9,26.1,44.1,30.0,57.7,1004.9,29.7,13.2,4.5,60.7,46.2,6,45.4,MODERATE,0.47,0.77,HIGH
2.9,5.9,10.1,16.1,26.3,30.6,61.3,1009.6,24.9,35.8,1.4,455.3,43.3,1,12.5,LOW,0.07,0.0,LOW
3.5,8.5,14.0,20.8,31.1,32.0,69.3,1005.1,31.1,2.5,3.4,304.8,35.1,5,79.7,MODERATE,0.59,1.36,CRITICAL
16.2,32.3,64.2,123.5,164.7,27.8,72.0,1001.3,44.8,6.2,0.9,222.9,83.6,7,71.3,MODERATE,0.97,1.99,CRITICAL
2.9,6.5,12.1,18.5,29.3,27.9,70.0,1004.1,47.9,40.4,0.8,235.6,41.1,3,61.5,MODERATE,0.21,0.0,LOW
1.7,4.2,8.0,12.7,18.8,27.8,62.1,1004.2,30.0,3.1,5.7,1118.6,36.1,5,65.5,MODERATE,0.19,0.0,LOW
11.7,25.0,50.8,92.6,136.6,35.4,75.0,1001.9,36.9,6.6,4.4,766.1,79.1,4,70.3,MODERATE,0.87,1.8,CRITICAL
3.5,6.8,13.6,24.7,40.5,31.7,71.5,1002.8,37.7,9.8,5.4,775.9,47.5,7,44.3,MODERATE,0.25,0.0,LOW
5.2,10.1,15.5,29.2,44.7,33.3,61.4,1018.6,19.4,27.0,0.9,213.3,44.0,3,29.2,LOW,0.25,0.0,LOW
1.4,2.7,5.7,8.5,14.3,28.7,55.3,1009.8,27.1,16.8,8.9,58.0,35.9,3,44.8,MODERATE,0.22,0.0,LOW
9.6,24.8,46.4,74.7,112.0,31.9,72.1,1002.5,31.7,57.7,0.8,2347.2,67.6,1,67.9,MODERATE,0.05,0.0,LOW
0.2,0.4,0.7,1.1,1.5,31.2,57.9,1010.9,26.7,6.7,7.4,74.7,36.8,6,33.4,LOW,0.23,0.0,LOW
3.6,7.1,13.3,22.9,35.0,30.8,68.8,1002.2,34.4,39.0,1.8,290.4,44.8,1,51.2,MODERATE,0.19,0.0,LOW
1.6,3.6,6.9,10.8,19.2,29.6,63.3,1015.0,29.9,8.0,0.7,131.8,34.3,7,23.5,LOW,0.29,0.0,MODERATE
9.8,20.9,33.5,60.8,103.4,31.5,66.5,1008.1,35.7,7.1,1.5,286.6,58.2,5,54.3,MODERATE,0.81,1.71,CRITICAL
21.7,51.3,91.9,128.7,180.6,29.5,65.0,1004.1,29.5,14.4,1.0,153.2,80.9,4,80.1,MODERATE,0.98,1.89,CRITICAL
3.4,7.9,13.7,19.6,29.3,29.3,65.5,1008.8,24.2,3.3,2.7,878.3,42.1,7,49.2,MODERATE,0.27,0.0,LOW
17.6,40.1,70.0,116.2,204.9,30.7,71.5,991.6,60.1,10.7,10.8,1327.0,89.8,5,117.5,HIGH,0.95,1.92,CRITICAL
13.4,28.9,45.2,89.4,121.7,25.5,81.9,995.4,43.3,9.9,1.7,215.5,67.7,6,120.2,HIGH,0.97,1.89,CRITICAL
34.8,69.9,112.6,217.9,310.9,30.7,75.6,994.9,53.4,5.1,3.6,42.7,89.4,4,123.0,HIGH,0.98,2.0,CRITICAL
12.3,30.7,49.6,99.0,141.7,32.6,73.1,1006.2,26.6,37.5,8.1,428.7,83.4,3,49.7,MODERATE,0.65,0.6,HIGH
0.1,0.3,0.4,0.7,1.2,30.5,54.2,1019.7,18.3,10.8,3.8,194.6,39.6,5,10.2,LOW,0.14,0.0,LOW
1.1,3.0,6.3,9.1,13.6,30.9,52.4,1022.0,16.2,74.2,1.9,1636.3,44.7,1,18.8,LOW,0.05,0.0,LOW
3.2,6.3,10.4,16.5,22.1,30.9,60.4,1010.4,37.6,43.4,16.7,50.6,43.4,1,42.2,MODERATE,0.07,0.0,LOW
0.1,0.3,0.5,0.8,1.3,32.0,69.5,1009.3,23.9,5.9,1.0,63.2,35.7,7,29.1,LOW,0.29,0.0,MODERATE
3.3,8.3,14.2,21.0,28.4,28.2,77.2,989.7,45.2,14.7,2.9,471.8,44.8,4,92.1,HIGH,0.51,0.92,HIGH
22.9,60.9,124.9,197.4,316.5,31.1,75.4,1000.4,36.3,18.6,5.9,555.2,91.1,6,67.2,MODERATE,0.98,1.84,CRITICAL
22.9,48.2,73.9,106.0,164.7,34.2,71.9,998.3,50.3,32.8,0.3,257.0,84.3,3,90.9,HIGH,0.94,1.21,CRITICAL
11.0,27.5,45.0,75.8,117.2,28.7,62.8,999.7,55.1,41.0,4.5,138.4,62.4,3,68.8,MODERATE,0.66,0.54,HIGH
27.2,52.9,87.1,132.9,177.3,26.2,66.8,1003.6,68.2,19.6,1.4,155.9,87.4,3,82.9,MODERATE,0.97,1.86,CRITICAL
11.7,28.2,62.0,90.1,146.0,32.2,65.8,1001.0,57.1,2.6,1.0,171.7,76.0,6,92.8,HIGH,0.98,1.98,CRITICAL
0.1,0.3,0.5,0.9,1.3,32.6,82.1,988.2,44.6,13.8,1.4,112.0,26.3,6,87.2,MODERATE,0.44,0.42,MODERATE
1.2,3.0,4.8,7.8,11.7,32.5,57.5,1011.4,21.3,40.9,12.2,737.5,38.6,2,24.5,LOW,0.05,0.0,LOW
0.3,0.9,1.5,2.5,4.1,26.7,80.4,995.9,38.0,24.5,8.1,40.6,29.6,6,72.9,MODERATE,0.23,0.0,LOW
0.6,1.3,2.1,3.9,6.3,30.6,66.4,1007.0,28.7,38.7,1.1,213.8,34.0,1,63.9,MODERATE,0.15,0.0,LOW
0.2,0.5,0.8,1.2,1.6,30.2,54.1,1022.0,24.2,22.2,0.7,538.2,34.6,5,25.1,LOW,0.09,0.0,LOW
7.1,14.1,29.1,54.5,74.3,31.2,78.0,997.2,53.2,2.8,1.9,16.5,47.9,5,95.6,HIGH,0.9,1.99,CRITICAL
28.5,63.7,117.6,166.5,236.1,24.4,90.5,983.5,51.0,64.0,3.4,814.5,89.7,2,147.4,HIGH,0.96,0.88,CRITICAL
15.1,33.1,64.3,107.1,175.5,29.6,70.4,1002.6,37.6,47.0,7.4,480.6,83.6,1,61.9,MODERATE,0.74,0.72,HIGH
2.7,5.6,9.7,17.0,27.1,29.4,57.2,1014.4,37.8,4.4,12.1,44.0,46.2,5,35.9,LOW,0.34,0.64,HIGH
2.4,6.2,11.7,23.1,38.8,33.3,46.4,1021.6,15.3,4.2,5.2,871.4,43.4,5,2.0,LOW,0.12,0.0,LOW
6.8,13.8,23.1,40.3,67.3,28.3,73.4,994.5,38.9,15.9,3.5,268.9,54.9,5,87.2,MODERATE,0.73,1.28,CRITICAL
10.5,25.4,43.5,65.0,112.3,31.7,62.1,1009.2,28.0,27.5,0.8,416.4,65.4,2,47.0,MODERATE,0.64,0.97,HIGH
5.0,13.1,25.6,43.8,65.2,30.2,72.2,1001.0,35.2,10.7,0.6,827.2,50.8,7,65.9,MODERATE,0.51,0.85,HIGH
2.2,5.8,9.3,15.3,22.5,28.1,67.5,1004.1,35.2,4.6,3.5,824.4,32.8,5,61.0,MODERATE,0.26,0.0,LOW
3.8,9.6,18.5,31.2,53.5,34.6,58.4,1022.0,14.6,14.9,3.0,214.7,49.1,5,24.3,LOW,0.37,0.48,MODERATE
5.3,10.7,22.5,34.1,48.4,28.8,75.6,992.2,40.6,9.4,6.8,118.1,52.0,5,113.6,HIGH,0.81,1.67,CRITICAL
4.2,10.7,17.0,28.9,44.3,28.5,66.5,1007.2,66.1,9.8,1.7,128.1,42.5,4,72.0,MODERATE,0.65,1.14,HIGH
2.6,5.5,11.7,17.4,24.3,36.8,71.3,1009.0,29.6,20.6,0.4,566.8,40.6,4,81.6,MODERATE,0.36,0.38,MODERATE
4.3,11.2,17.4,32.2,56.6,33.1,62.9,1014.2,23.1,41.0,2.2,1022.4,50.2,1,39.4,LOW,0.08,0.0,LOW
34.3,84.6,147.6,259.3,390.0,30.4,67.6,1005.8,51.3,16.7,12.5,43.5,95.5,4,111.5,HIGH,0.98,1.75,CRITICAL
0.1,0.4,0.7,1.0,1.4,34.6,63.4,1007.6,26.1,22.9,5.9,20.8,35.5,5,51.1,MODERATE,0.2,0.0,LOW
17.0,33.5,63.4,122.6,201.7,34.8,68.0,1001.7,32.5,21.4,0.4,672.9,91.4,4,77.0,MODERATE,0.96,1.68,CRITICAL
0.0,0.0,0.1,0.1,0.2,30.6,62.4,1007.3,38.2,16.4,7.6,200.7,35.0,3,47.0,MODERATE,0.17,0.0,LOW
3.3,8.5,17.5,27.8,49.3,31.2,68.1,1002.1,32.8,8.7,2.5,138.0,46.1,5,68.5,MODERATE,0.66,1.21,CRITICAL
1.0,2.7,5.9,8.4,12.5,28.9,68.1,1010.3,34.8,10.5,1.9,94.3,32.8,4,54.6,MODERATE,0.38,0.72,HIGH
10.9,21.0,34.1,60.7,99.1,29.9,69.9,1001.9,33.1,8.8,1.8,176.6,60.8,6,54.5,MODERATE,0.82,1.53,CRITICAL
0.2,0.6,1.3,2.1,3.1,30.6,59.2,1008.2,24.4,46.9,3.5,1366.6,37.8,1,48.7,MODERATE,0.05,0.0,LOW
6.8,13.2,25.0,48.7,82.9,31.1,77.6,1004.8,33.5,33.5,2.9,1449.8,58.4,3,53.8,MODERATE,0.14,0.0,LOW
1.3,3.2,6.8,9.7,16.9,32.8,62.5,1014.6,19.3,17.6,4.0,168.0,47.0,3,40.5,MODERATE,0.27,0.0,LOW
0.8,2.0,3.3,4.6,7.9,32.0,61.8,1004.6,39.2,45.8,3.3,1275.0,41.9,0,61.2,MODERATE,0.05,0.0,LOW
17.2,34.2,70.3,138.4,238.6,29.2,78.3,989.9,51.0,41.2,0.8,150.5,96.2,2,127.3,HIGH,0.98,1.3,CRITICAL
0.8,1.5,2.3,4.6,6.2,29.1,60.5,1015.7,37.0,49.3,1.3,747.4,26.6,1,22.5,LOW,0.05,0.0,LOW
2.8,7.1,14.9,21.2,37.3,27.3,83.2,997.3,47.5,6.5,6.7,105.5,53.2,5,80.1,MODERATE,0.68,1.23,CRITICAL
2.5,5.5,10.8,19.8,32.0,28.6,67.4,999.4,34.7,24.8,4.1,680.6,45.1,4,81.5,MODERATE,0.28,0.0,MODERATE
8.4,16.6,29.2,44.7,77.6,29.3,77.4,999.9,45.4,18.9,2.4,180.9,58.4,4,71.6,MODERATE,0.73,1.23,CRITICAL
4.3,10.8,17.7,32.3,53.0,34.9,66.2,1016.7,23.7,25.8,1.0,97.8,54.0,2,22.1,LOW,0.33,0.21,MODERATE
0.2,0.6,1.2,2.3,3.2,25.3,79.8,986.8,54.8,7.5,0.3,1052.4,36.0,7,108.9,HIGH,0.36,0.61,HIGH
0.2,0.6,1.1,1.7,2.7,32.1,53.6,1022.0,24.3,23.4,1.6,106.6,30.4,3,10.5,LOW,0.1,0.0,LOW
1.6,3.2,5.5,8.5,11.5,34.3,56.2,1014.0,25.0,11.5,0.5,1842.0,45.4,5,30.4,LOW,0.05,0.0,LOW
2.4,4.6,8.3,11.8,19.4,30.2,66.0,1006.9,30.5,34.3,2.6,58.7,36.5,3,58.9,MODERATE,0.23,0.0,LOW
15.0,36.8,76.5,109.1,164.2,31.8,68.7,1004.5,36.0,30.6,6.3,18.8,75.2,3,78.7,MODERATE,0.92,1.51,CRITICAL
10.2,23.8,41.3,58.6,80.6,30.7,69.9,1007.4,27.7,6.3,1.5,792.6,56.0,4,60.4,MODERATE,0.61,1.22,CRITICAL
6.1,14.9,23.3,43.7,78.3,31.9,70.5,1009.4,24.5,5.7,6.9,350.7,54.6,6,55.0,MODERATE,0.65,1.22,CRITICAL
1.7,4.5,9.5,15.0,26.3,30.9,60.4,1010.5,29.4,24.8,4.6,223.1,42.3,4,39.6,LOW,0.21,0.0,LOW
4.1,9.2,16.3,27.7,48.3,33.0,54.9,1009.7,24.7,16.4,0.8,47.5,47.8,3,36.9,LOW,0.48,0.72,HIGH
12.1,24.2,42.2,79.1,134.0,26.9,67.8,1005.8,27.3,16.7,3.9,340.1,78.6,4,45.5,MODERATE,0.83,1.35,CRITICAL
6.9,18.4,30.2,51.2,84.2,29.5,71.3,1003.3,29.1,27.1,0.9,205.2,60.5,3,77.4,MODERATE,0.72,1.11,HIGH
11.5,26.8,57.1,94.6,154.0,31.2,70.8,1003.7,36.2,36.8,4.0,266.1,73.1,2,84.8,MODERATE,0.87,1.28,CRITICAL
9.8,23.5,38.8,54.5,73.8,31.8,68.2,1003.3,32.7,6.9,0.8,393.2,51.7,6,75.7,MODERATE,0.76,1.55,CRITICAL
3.0,8.0,15.6,27.2,47.5,35.7,61.5,1014.6,28.7,16.6,2.0,403.2,46.1,4,42.2,MODERATE,0.35,0.53,MODERATE
2.4,6.4,13.5,19.8,34.5,30.4,72.1,1010.0,26.0,33.8,3.2,1243.9,42.6,3,40.6,MODERATE,0.05,0.0,LOW
21.7,51.2,78.0,145.0,242.7,31.0,90.3,980.0,58.3,39.1,0.5,419.5,87.4,2,130.3,HIGH,0.98,1.19,CRITICAL
1.1,2.2,4.7,7.3,12.8,29.8,62.2,1010.6,25.9,8.1,0.9,172.6,33.0,4,50.2,MODERATE,0.37,0.66,HIGH
8.7,23.6,42.2,76.1,120.0,34.2,64.7,1006.7,34.1,4.0,1.7,167.0,69.4,6,59.7,MODERATE,0.91,1.79,CRITICAL
11.0,26.8,52.5,93.9,143.1,32.7,67.8,1004.8,31.1,6.8,2.5,261.4,72.1,5,67.8,MODERATE,0.94,2.09,CRITICAL
16.3,36.3,63.9,113.0,201.6,27.9,79.3,1001.7,57.3,54.4,7.1,129.1,85.2,0,96.4,HIGH,0.92,0.96,CRITICAL
2.1,5.0,9.9,15.5,23.7,32.8,60.0,1014.6,39.6,13.2,1.0,194.5,44.0,5,39.4,LOW,0.35,0.44,MODERATE
0.9,1.9,3.2,5.0,8.1,31.7,62.0,1013.1,34.2,11.8,1.8,716.4,41.5,5,46.0,MODERATE,0.18,0.0,LOW
0.9,2.4,3.6,6.9,10.3,31.3,71.3,998.4,54.3,2.2,2.6,761.5,36.6,5,77.5,MODERATE,0.35,0.86,HIGH
9.0,20.5,44.4,62.5,101.1,30.6,71.3,1008.5,28.6,2.9,1.5,390.6,71.7,5,37.2,LOW,0.79,1.72,CRITICAL
24.9,63.7,96.2,145.2,241.1,28.8,84.9,996.7,42.0,21.9,3.7,347.2,99.0,5,121.1,HIGH,0.98,1.78,CRITICAL
11.9,30.6,63.5,112.1,180.8,32.5,80.1,993.3,50.2,18.0,1.3,226.7,87.2,4,111.8,HIGH,0.98,1.94,CRITICAL
1.4,3.5,5.6,10.7,16.6,29.7,73.2,999.7,42.4,17.4,5.5,398.9,37.2,4,59.6,MODERATE,0.24,0.0,LOW
11.7,29.1,51.6,83.3,120.8,33.7,62.9,1012.3,37.6,4.1,2.8,638.3,69.6,5,36.8,LOW,0.76,1.7,CRITICAL
8.4,21.6,44.8,80.3,130.2,31.2,50.2,1013.1,29.2,9.8,0.6,523.8,64.7,5,42.2,MODERATE,0.8,1.55,CRITICAL
3.4,7.5,12.3,21.4,37.5,35.4,68.8,1009.4,72.2,32.1,3.8,28.7,40.9,3,78.0,MODERATE,0.41,0.1,MODERATE
4.3,8.6,18.1,26.1,34.0,29.8,64.3,1011.2,24.5,5.5,3.2,514.1,35.9,5,11.2,LOW,0.19,0.0,LOW
8.5,21.9,40.5,71.8,98.2,29.7,67.2,1009.4,37.2,40.6,1.7,498.7,58.9,1,62.8,MODERATE,0.45,0.11,MODERATE
10.8,24.7,43.4,82.0,111.5,33.7,69.3,999.5,42.5,4.3,0.3,54.6,59.5,8,76.3,MODERATE,0.93,2.04,CRITICAL
17.8,35.7,70.1,139.8,246.3,30.1,63.7,1008.7,33.0,5.3,1.1,76.9,93.1,4,59.7,MODERATE,0.98,1.87,CRITICAL
0.5,1.0,1.7,2.4,4.0,35.6,61.1,1011.8,23.6,13.7,2.1,604.3,32.4,6,37.4,LOW,0.13,0.0,LOW
4.8,9.7,16.9,30.4,53.9,33.8,68.5,1011.4,33.1,54.3,1.1,326.1,51.2,2,40.8,MODERATE,0.13,0.0,LOW
3.5,8.7,17.5,28.9,46.0,31.7,58.6,1015.1,35.5,9.2,3.3,670.1,51.4,5,41.9,MODERATE,0.33,0.58,MODERATE
14.6,35.9,61.7,86.7,132.8,27.0,74.1,1011.0,23.2,21.3,4.7,92.6,77.4,3,54.1,MODERATE,0.86,1.53,CRITICAL
12.8,26.3,43.2,76.4,129.6,31.0,68.3,1008.0,32.2,18.0,7.1,26.8,68.9,3,70.0,MODERATE,0.89,1.6,CRITICAL
9.5,24.6,50.8,74.9,103.3,32.2,54.9,1014.1,22.1,4.9,3.9,82.1,65.0,5,45.2,MODERATE,0.84,1.72,CRITICAL
4.9,10.3,21.3,34.7,51.7,33.6,68.1,1004.8,64.1,7.1,4.4,244.0,50.9,6,59.8,MODERATE,0.6,1.29,CRITICAL
15.7,39.8,73.5,114.4,175.4,33.6,71.2,997.5,40.3,49.9,3.6,296.5,89.6,2,78.8,MODERATE,0.87,0.98,CRITICAL
3.0,6.8,12.7,20.5,29.7,28.8,58.7,1003.6,30.9,5.7,15.1,755.9,47.1,4,53.0,MODERATE,0.19,0.0,LOW
5.7,14.3,28.3,48.0,71.4,31.8,81.6,998.7,37.7,23.4,1.4,493.6,61.1,3,105.7,HIGH,0.74,1.15,HIGH
2.8,6.1,11.3,18.2,24.4,31.8,76.6,999.3,41.7,62.2,1.4,1780.1,33.4,2,72.9,MODERATE,0.05,0.0,LOW
13.2,28.7,51.4,88.9,124.4,33.2,72.2,1003.8,29.3,4.3,0.8,46.2,65.9,5,67.2,MODERATE,0.94,1.98,CRITICAL
39.6,101.9,223.7,345.3,506.8,31.0,74.7,998.3,41.7,11.2,2.6,68.0,95.2,5,117.2,HIGH,0.98,1.76,CRITICAL
1.9,3.7,5.9,10.6,17.9,25.5,63.7,1002.4,51.5,6.6,0.7,48.5,42.8,5,71.8,MODERATE,0.61,1.07,HIGH
0.7,1.9,3.5,6.8,9.4,28.1,78.9,988.9,59.0,6.5,1.4,308.8,37.0,7,110.0,HIGH,0.65,1.29,CRITICAL
11.7,28.4,60.1,92.3,136.0,28.0,71.3,1006.8,26.1,4.3,2.6,133.0,70.0,7,65.3,MODERATE,0.94,1.79,CRITICAL
5.7,12.7,25.3,43.0,57.4,30.2,63.3,1005.0,67.5,20.9,11.4,452.3,54.7,4,63.3,MODERATE,0.35,0.34,MODERATE
22.3,53.6,113.5,203.0,320.5,32.2,61.4,998.1,44.1,26.7,11.9,69.1,80.1,2,88.2,MODERATE,0.98,1.53,CRITICAL
1.4,2.7,4.7,8.2,13.1,32.2,62.9,1010.6,23.1,22.3,5.1,56.4,42.6,3,2.0,LOW,0.11,0.0,LOW
0.3,0.7,1.1,1.8,3.2,34.6,61.5,1013.0,19.3,48.5,2.0,249.3,36.3,0,55.3,MODERATE,0.08,0.0,LOW
7.9,21.3,44.6,79.7,136.3,29.7,80.1,991.3,42.9,4.8,7.3,194.1,70.0,6,100.4,HIGH,0.96,1.83,CRITICAL
0.9,1.8,3.2,4.6,6.6,26.6,77.3,998.5,48.6,8.9,7.6,686.5,39.3,4,84.7,MODERATE,0.28,0.0,MODERATE
2.9,7.3,14.5,23.5,32.2,23.5,76.9,998.5,34.2,9.6,8.7,705.6,41.9,5,105.0,HIGH,0.47,0.8,HIGH
1.3,3.0,4.8,8.2,11.3,30.0,76.2,997.0,37.7,6.8,3.9,62.5,38.3,4,72.2,MODERATE,0.51,0.75,HIGH
1.4,3.3,6.8,9.6,17.1,31.1,68.9,1012.1,31.5,4.8,1.1,650.8,39.5,7,74.5,MODERATE,0.41,0.76,HIGH
0.7,1.4,2.6,4.5,7.3,28.0,62.2,1003.4,36.1,14.0,0.6,330.6,40.7,4,64.2,MODERATE,0.34,0.51,MODERATE
24.8,56.4,95.2,170.6,225.4,26.1,72.8,1002.8,41.9,34.4,8.9,281.1,90.8,2,93.3,HIGH,0.97,1.41,CRITICAL
4.3,11.7,21.5,39.9,54.6,26.5,85.2,988.0,55.8,57.6,0.5,52.8,40.5,0,121.8,HIGH,0.49,0.1,MODERATE
2.2,4.6,9.2,13.4,20.7,30.9,58.0,1010.4,22.3,4.5,1.5,526.3,33.7,7,26.0,LOW,0.22,0.0,LOW
20.9,50.3,75.9,151.3,212.4,30.9,69.4,994.5,56.0,33.2,2.6,38.4,84.6,3,80.9,MODERATE,0.97,1.42,CRITICAL
6.7,15.9,31.0,54.6,93.0,31.2,64.4,1005.5,28.9,33.3,0.4,138.6,62.9,2,42.6,MODERATE,0.57,0.56,HIGH
5.2,12.2,23.0,37.1,58.9,35.0,63.3,1007.4,31.4,10.9,8.6,53.1,54.0,4,65.0,MODERATE,0.64,1.06,HIGH
4.2,10.1,16.8,26.0,41.8,29.7,63.1,1016.6,23.8,4.1,1.5,302.5,54.8,7,21.8,LOW,0.43,0.81,HIGH
17.9,41.1,83.4,145.4,222.7,31.4,74.3,993.9,40.2,84.9,0.4,408.8,84.9,0,78.9,MODERATE,0.76,0.16,CRITICAL
31.4,60.2,103.0,198.7,283.8,27.3,84.7,979.3,83.6,21.2,18.0,856.7,96.5,3,152.6,EXTREME,0.98,1.75,CRITICAL
5.9,15.4,26.1,44.7,71.3,32.6,64.2,1006.6,31.1,74.5,1.6,518.0,44.9,1,62.2,MODERATE,0.08,0.0,LOW
5.5,14.1,25.8,46.4,77.0,31.7,61.9,1020.3,12.2,13.9,7.6,1248.8,56.3,6,23.9,LOW,0.15,0.0,LOW
2.4,4.9,9.8,15.7,23.4,34.8,60.2,1015.5,38.8,11.1,2.4,558.8,42.7,5,41.9,MODERATE,0.25,0.0,LOW
2.0,4.4,9.4,15.3,23.8,31.7,66.2,1006.8,32.6,7.1,4.1,149.5,42.8,4,67.3,MODERATE,0.52,0.98,HIGH
17.3,43.6,69.7,109.5,188.4,28.4,71.3,1000.8,41.3,76.0,1.3,316.4,85.3,1,91.9,HIGH,0.78,0.28,CRITICAL
4.4,11.7,20.8,37.9,52.1,31.6,69.5,1011.9,26.3,7.3,2.7,247.7,49.9,5,47.0,MODERATE,0.56,1.21,CRITICAL
21.3,56.8,87.8,141.8,223.0,29.0,71.4,996.7,50.3,2.4,1.3,332.2,83.8,6,92.8,HIGH,0.98,2.06,CRITICAL
0.3,0.7,1.4,2.2,3.2,32.5,71.9,1009.0,23.5,14.9,10.9,337.6,40.2,6,60.5,MODERATE,0.19,0.0,LOW
2.8,5.7,10.3,16.6,27.5,28.3,66.2,1009.3,25.5,10.5,0.5,475.2,43.8,7,50.7,MODERATE,0.36,0.56,MODERATE
10.4,27.5,54.8,104.7,137.1,31.8,60.6,1014.0,23.2,7.5,1.4,47.9,74.5,4,30.4,LOW,0.9,1.91,CRITICAL
0.9,2.4,4.1,7.5,12.2,34.0,67.5,1022.0,10.6,20.1,8.1,536.9,37.0,4,37.1,LOW,0.1,0.0,LOW
13.3,29.4,61.5,98.4,132.9,31.2,60.6,1008.3,33.8,10.2,2.6,74.0,69.9,5,57.4,MODERATE,0.92,1.81,CRITICAL
24.6,54.5,102.2,198.7,264.7,33.5,70.2,1000.7,35.8,11.3,3.5,25.1,92.6,5,94.2,HIGH,0.98,2.03,CRITICAL
12.4,28.0,60.5,87.5,145.4,32.6,62.5,1004.8,30.2,2.4,4.0,293.0,82.9,6,56.0,MODERATE,0.94,2.07,CRITICAL
10.7,25.9,40.3,57.7,93.4,28.6,85.2,990.0,42.8,18.0,0.6,346.0,53.7,3,125.3,HIGH,0.9,1.54,CRITICAL
10.8,22.8,42.4,62.6,109.4,30.4,81.7,999.1,43.6,4.3,0.4,28.5,57.9,6,72.7,MODERATE,0.92,1.94,CRITICAL
19.4,37.2,75.8,111.4,173.8,30.9,79.6,1001.5,45.3,6.3,10.0,290.3,84.1,6,111.3,HIGH,0.98,2.01,CRITICAL
14.2,28.5,54.7,79.5,124.4,31.1,78.2,1000.5,36.0,24.7,1.4,305.6,67.5,4,62.3,MODERATE,0.8,1.17,CRITICAL
6.1,13.8,21.0,37.7,62.4,26.3,66.5,1006.3,32.7,8.8,2.0,35.5,52.8,5,41.4,MODERATE,0.65,1.23,CRITICAL
35.9,76.4,166.6,293.3,428.7,29.0,72.3,998.0,36.6,5.2,4.3,487.5,89.9,6,103.9,HIGH,0.98,2.17,CRITICAL
2.3,5.8,9.9,17.7,23.4,28.3,52.6,1014.5,25.4,17.5,1.2,104.7,44.5,6,18.6,LOW,0.24,0.0,LOW
32.1,63.6,106.6,193.2,273.4,33.9,78.7,1005.0,27.5,6.4,4.9,616.2,88.6,5,84.3,MODERATE,0.98,2.12,CRITICAL
0.4,1.1,2.1,3.9,5.5,30.5,70.9,1004.9,32.8,7.7,2.4,156.5,30.5,4,53.9,MODERATE,0.34,0.67,HIGH
1.1,2.9,5.4,8.2,12.1,29.8,68.3,1002.2,38.5,19.5,7.1,262.0,34.4,3,55.2,MODERATE,0.2,0.0,LOW
4.5,11.9,24.2,43.0,76.2,33.1,74.1,1006.3,46.1,26.2,1.4,860.2,55.1,3,72.6,MODERATE,0.42,0.34,MODERATE
1.7,4.2,7.5,13.1,22.4,32.7,58.1,1012.0,24.1,26.2,1.1,638.5,34.9,4,33.2,LOW,0.1,0.0,LOW
14.9,29.5,53.4,105.0,185.6,26.9,76.4,997.6,46.5,13.8,6.5,593.6,85.8,5,102.9,HIGH,0.97,1.69,CRITICAL
1.5,3.4,6.4,9.8,17.6,29.7,72.1,999.4,40.4,12.9,1.7,81.5,40.1,8,74.9,MODERATE,0.52,0.82,HIGH
30.9,62.0,110.1,158.1,239.8,29.5,73.8,1002.4,51.0,29.9,2.2,33.7,88.2,2,89.1,MODERATE,0.98,1.67,CRITICAL
4.1,10.9,23.4,41.9,59.2,24.8,77.3,993.6,43.2,5.9,5.8,368.7,52.3,6,101.8,HIGH,0.78,1.55,CRITICAL
4.4,9.6,20.2,37.2,58.8,28.0,66.8,998.0,37.6,5.0,3.8,215.9,43.1,6,50.3,MODERATE,0.59,1.26,CRITICAL
2.7,6.3,11.5,18.0,31.3,29.7,72.1,1001.0,49.0,21.7,2.3,926.1,38.8,5,43.9,MODERATE,0.12,0.0,LOW
4.5,11.3,17.0,29.5,45.3,31.4,67.9,1012.4,20.2,11.5,1.3,178.5,41.7,5,25.1,LOW,0.37,0.64,HIGH
0.4,1.0,2.0,2.9,4.5,27.3,66.6,1007.2,26.3,24.3,5.4,215.9,40.6,4,45.9,MODERATE,0.16,0.0,LOW
1.1,2.8,4.5,8.8,12.1,33.8,71.1,1006.6,26.4,7.3,1.0,298.7,49.9,4,60.9,MODERATE,0.46,0.99,HIGH
4.6,11.2,18.7,27.5,41.5,31.4,57.5,1012.2,34.8,9.1,9.5,619.8,42.0,4,6.5,LOW,0.12,0.0,LOW
1.5,3.4,5.4,7.8,11.7,30.6,69.3,1003.8,28.7,42.9,0.9,133.7,37.0,1,59.9,MODERATE,0.15,0.0,LOW
1.4,3.3,5.3,7.6,11.2,32.1,62.8,1008.3,39.8,11.9,6.0,1095.8,34.6,6,44.9,MODERATE,0.08,0.0,LOW
12.3,24.2,50.0,82.8,144.3,28.6,73.0,1004.1,33.1,18.1,2.2,310.0,75.8,6,73.5,MODERATE,0.91,1.64,CRITICAL
0.6,1.5,2.9,4.3,5.7,32.1,66.9,1007.3,25.1,4.0,1.0,713.7,33.5,6,27.2,LOW,0.15,0.0,LOW
5.3,12.3,26.7,49.3,88.0,29.1,75.9,1000.0,36.6,5.5,2.1,298.4,60.6,4,110.0,HIGH,0.92,2.07,CRITICAL
0.3,0.7,1.1,2.2,2.8,25.6,90.5,984.3,50.2,2.7,1.2,576.8,39.1,6,120.5,HIGH,0.63,1.41,CRITICAL
3.3,8.8,16.2,25.2,44.6,32.0,72.9,1003.9,36.4,11.9,0.8,35.1,41.2,5,53.2,MODERATE,0.57,0.97,HIGH
3.4,7.8,17.1,30.5,47.9,36.1,60.3,1017.1,24.1,83.0,1.3,625.1,49.5,3,30.2,LOW,0.05,0.0,LOW
0.3,0.8,1.6,2.3,3.8,33.6,57.3,1012.9,24.7,39.3,7.4,297.1,27.1,2,48.4,MODERATE,0.06,0.0,LOW
8.7,22.4,45.1,73.5,102.5,34.1,62.0,1013.2,19.3,20.0,0.7,241.8,61.9,3,25.2,LOW,0.61,0.84,HIGH
6.4,16.4,26.8,42.2,68.7,30.8,57.5,1015.5,25.2,37.5,12.9,60.0,52.3,2,13.9,LOW,0.15,0.0,LOW
0.7,1.3,2.8,4.2,7.4,26.8,66.2,1005.8,41.4,18.2,0.3,529.2,35.9,4,55.4,MODERATE,0.2,0.0,LOW
27.6,57.8,100.8,180.2,246.8,34.6,65.3,1006.7,35.9,10.3,4.1,68.4,88.4,5,72.0,MODERATE,0.98,1.86,CRITICAL
2.7,7.1,13.3,19.7,26.9,35.1,67.8,999.7,46.9,5.4,7.1,96.2,39.9,5,80.8,MODERATE,0.59,1.3,CRITICAL
0.5,1.4,2.7,5.1,7.4,34.2,60.9,1002.3,31.9,21.1,9.8,66.4,35.7,7,72.2,MODERATE,0.26,0.0,LOW
0.0,0.1,0.1,0.2,0.2,30.6,61.0,1010.2,39.6,5.9,0.8,17.5,36.3,6,52.3,MODERATE,0.42,0.63,HIGH
1.8,4.1,8.1,14.9,20.2,29.2,61.3,1015.2,20.0,11.7,4.5,427.1,41.9,5,13.7,LOW,0.15,0.0,LOW
6.0,12.2,23.9,46.9,76.9,27.9,62.7,1003.8,28.7,33.5,0.7,135.0,56.7,3,43.7,MODERATE,0.47,0.25,MODERATE
3.3,8.8,13.6,26.8,37.7,26.0,71.6,1001.2,46.1,4.5,1.8,76.5,42.5,7,64.5,MODERATE,0.65,1.42,CRITICAL
15.4,32.0,58.2,100.7,164.5,30.4,78.0,1005.0,50.1,4.5,4.9,161.5,85.6,7,92.6,HIGH,0.98,2.24,CRITICAL
7.5,15.4,30.3,51.4,89.0,35.4,69.6,1010.1,30.7,6.6,1.8,277.7,67.1,7,61.7,MODERATE,0.82,1.73,CRITICAL
5.4,13.1,22.4,35.9,58.4,28.7,86.5,992.7,42.0,16.4,1.6,281.0,44.6,5,118.8,HIGH,0.8,1.36,CRITICAL
18.5,38.7,66.6,121.8,165.6,28.8,86.0,985.5,49.7,7.2,0.7,188.9,81.4,6,133.4,HIGH,0.98,2.1,CRITICAL
26.8,71.0,112.7,194.1,308.0,33.5,78.1,1000.3,37.2,14.6,0.5,274.6,87.7,4,93.5,HIGH,0.98,1.86,CRITICAL
1.0,1.8,3.3,6.4,9.6,28.3,73.2,994.6,56.2,8.5,0.7,226.8,42.3,5,85.0,MODERATE,0.56,1.06,HIGH
2.8,5.4,11.8,18.2,26.8,35.2,68.7,1000.7,33.1,14.7,7.6,672.3,42.3,4,49.4,MODERATE,0.18,0.0,LOW
3.0,6.9,11.7,18.5,27.0,35.5,55.8,1003.7,42.7,7.9,0.3,26.4,42.7,7,59.7,MODERATE,0.59,1.15,HIGH
6.4,14.6,27.2,43.3,76.4,29.8,77.5,1001.1,34.1,72.4,4.4,784.6,58.5,0,70.9,MODERATE,0.09,0.0,LOW
3.1,6.2,12.5,23.6,39.4,30.9,66.4,1017.3,28.0,14.2,5.4,121.2,44.3,5,49.6,MODERATE,0.42,0.4,MODERATE
1.9,4.4,6.6,9.7,13.2,32.8,63.5,1007.8,44.8,26.5,3.2,501.2,47.0,2,60.0,MODERATE,0.19,0.0,LOW
6.3,14.0,29.8,49.8,76.6,30.2,65.2,1007.6,29.2,23.7,4.9,212.3,58.6,4,76.8,MODERATE,0.66,0.96,HIGH
4.4,11.6,20.6,34.1,49.7,28.5,60.5,1010.3,25.6,14.1,4.0,147.5,53.3,4,47.3,MODERATE,0.51,0.87,HIGH
9.1,17.3,36.5,52.7,94.3,32.6,78.1,995.3,50.3,6.9,2.4,378.1,59.8,4,99.6,HIGH,0.89,1.62,CRITICAL
0.6,1.5,2.4,3.9,6.9,34.9,67.1,1013.8,24.4,14.9,2.0,571.6,36.3,6,36.7,LOW,0.14,0.0,LOW
3.5,8.5,13.6,23.3,34.0,31.0,60.3,1004.4,37.3,22.6,10.2,242.1,48.4,3,49.9,MODERATE,0.24,0.0,LOW
2.3,4.6,8.0,11.5,17.0,28.3,66.0,1010.7,29.4,13.1,12.8,253.8,43.2,4,42.6,MODERATE,0.19,0.0,LOW
6.6,12.7,22.2,37.8,60.5,26.4,74.4,995.9,38.0,3.5,4.0,38.1,45.4,6,96.7,HIGH,0.85,1.64,CRITICAL
29.3,68.4,143.1,282.7,435.3,29.1,79.6,991.8,55.8,2.3,1.1,994.2,90.6,5,105.6,HIGH,0.98,1.99,CRITICAL
3.1,6.6,9.9,19.7,27.7,30.4,65.3,1012.0,22.0,9.2,2.4,728.1,45.0,8,42.1,MODERATE,0.24,0.0,LOW
0.1,0.2,0.3,0.6,0.9,30.3,65.0,1008.2,45.7,4.9,2.7,207.8,34.6,7,32.3,LOW,0.25,0.0,LOW
5.4,11.4,18.1,30.9,45.4,32.2,74.1,997.3,37.5,44.6,5.3,565.2,49.4,2,85.9,MODERATE,0.22,0.0,LOW
15.8,38.2,79.3,124.7,202.8,31.5,73.3,997.6,45.5,5.5,4.2,157.8,89.6,4,86.4,MODERATE,0.98,2.03,CRITICAL
6.6,15.5,31.6,63.2,94.3,35.4,65.8,1014.6,20.3,11.0,2.8,513.1,49.7,4,46.0,MODERATE,0.6,0.96,HIGH
7.7,15.1,28.0,43.8,72.3,26.8,78.7,994.9,40.8,24.4,4.3,291.3,48.3,5,83.5,MODERATE,0.61,0.73,HIGH
0.6,1.4,2.4,4.0,6.5,31.7,58.5,1019.0,16.1,32.4,0.4,249.7,41.7,2,15.9,LOW,0.09,0.0,LOW
5.2,13.2,25.7,36.0,55.9,31.5,68.3,997.3,46.2,13.7,5.5,37.1,49.2,4,86.4,MODERATE,0.73,1.2,CRITICAL
3.8,7.5,12.0,19.4,32.0,32.5,62.3,1010.4,28.3,5.6,1.1,1293.5,44.7,5,44.7,MODERATE,0.17,0.0,LOW
75.0,195.9,319.9,461.5,706.4,34.1,75.2,1002.2,47.4,7.7,4.0,705.3,90.0,5,160.3,EXTREME,0.98,1.94,CRITICAL
5.2,12.4,24.0,44.2,60.1,32.4,64.6,1010.1,25.1,11.8,0.7,614.2,47.4,6,40.9,MODERATE,0.4,0.64,HIGH
10.7,28.4,62.3,108.3,150.6,34.7,75.5,1000.4,41.5,10.2,0.7,153.2,74.1,5,78.0,MODERATE,0.96,1.98,CRITICAL
6.0,12.1,25.7,44.9,63.9,31.8,78.5,1003.6,40.0,9.7,0.4,144.9,54.2,4,90.9,HIGH,0.84,1.58,CRITICAL
3.3,9.0,17.2,27.1,36.1,33.4,73.4,1005.3,28.3,4.5,8.7,338.5,47.1,7,59.1,MODERATE,0.45,0.95,HIGH
16.5,39.9,74.9,141.5,234.3,28.7,75.8,996.5,40.2,46.0,3.5,726.5,99.0,1,90.3,HIGH,0.95,1.25,CRITICAL
2.8,6.7,14.7,20.6,30.6,31.6,61.0,1011.3,26.2,2.5,1.9,1051.5,41.0,5,44.0,MODERATE,0.22,0.0,LOW
31.6,73.0,137.5,220.1,296.4,32.4,59.2,1000.6,35.4,12.4,5.7,134.0,98.4,4,79.8,MODERATE,0.98,1.96,CRITICAL
4.5,8.6,15.4,27.7,47.4,34.4,69.2,1003.1,32.5,72.7,3.7,370.3,43.7,3,60.5,MODERATE,0.06,0.0,LOW
0.7,1.8,3.8,7.3,12.0,31.4,73.6,996.5,45.3,21.4,3.7,504.1,40.8,3,72.9,MODERATE,0.24,0.0,LOW
16.9,40.8,68.0,104.7,159.8,27.5,87.8,983.2,51.6,9.9,2.6,112.5,79.8,6,150.0,EXTREME,0.98,1.99,CRITICAL
0.3,0.7,1.1,1.8,2.6,33.9,69.0,1003.4,38.9,4.8,0.3,213.9,35.1,5,60.9,MODERATE,0.42,0.79,HIGH
0.3,0.5,1.0,1.7,2.3,27.5,53.4,1022.0,31.9,61.8,1.3,93.9,35.6,0,6.4,LOW,0.05,0.0,LOW
1.3,2.4,3.8,7.4,11.3,28.0,54.3,1011.7,27.2,2.3,0.7,471.1,35.0,5,27.4,LOW,0.23,0.0,LOW
8.1,19.3,34.1,48.7,84.9,32.4,64.0,1004.8,35.1,22.6,4.1,772.5,62.9,3,64.8,MODERATE,0.48,0.59,MODERATE
5.5,13.1,23.5,38.8,54.2,30.4,72.7,1002.8,30.2,40.2,1.3,813.0,45.7,1,86.7,MODERATE,0.25,0.0,LOW
0.2,0.6,1.0,1.6,2.5,32.2,77.0,1005.2,43.2,2.5,2.4,436.4,37.3,5,66.7,MODERATE,0.37,0.72,HIGH
4.9,10.5,23.1,32.6,58.0,31.5,64.3,1009.7,25.3,25.2,1.8,177.0,54.7,2,36.3,LOW,0.39,0.35,MODERATE
5.6,13.1,21.6,32.2,52.1,30.7,78.1,995.0,45.3,120.0,0.8,426.1,56.2,0,115.4,HIGH,0.05,0.0,LOW
11.2,25.8,45.5,90.3,137.3,29.9,65.8,1014.5,48.6,20.4,11.4,773.9,77.6,3,53.8,MODERATE,0.64,1.03,HIGH
2.7,5.3,8.4,12.8,21.2,32.9,59.6,1011.1,28.4,11.6,9.8,388.6,43.7,4,37.3,LOW,0.19,0.0,LOW
6.2,13.2,25.4,49.7,85.1,34.0,65.5,1011.1,31.5,39.3,0.6,217.4,55.2,1,49.0,MODERATE,0.44,0.33,MODERATE
1.2,2.3,4.7,7.1,11.4,34.2,61.9,1008.7,28.3,16.5,6.4,973.8,34.2,4,28.8,LOW,0.06,0.0,LOW
10.8,28.2,51.9,101.7,176.5,35.7,72.7,1005.2,27.7,26.9,2.6,700.2,77.8,2,69.1,MODERATE,0.87,1.47,CRITICAL
6.3,15.7,26.2,47.1,73.3,32.1,64.7,1010.7,34.3,18.0,5.5,828.5,49.0,3,58.9,MODERATE,0.35,0.38,MODERATE
12.5,33.7,65.2,95.7,164.1,32.1,66.0,1010.0,22.5,2.7,0.9,902.3,80.1,7,69.6,MODERATE,0.93,2.2,CRITICAL
0.2,0.5,1.0,1.7,3.1,26.5,67.0,1002.0,40.1,6.3,0.8,205.2,32.2,5,59.0,MODERATE,0.38,0.85,HIGH
5.4,14.1,22.9,36.4,56.4,28.7,75.9,1000.1,32.6,3.5,8.0,761.1,56.5,6,80.2,MODERATE,0.56,1.24,CRITICAL
9.5,22.7,40.5,66.0,105.8,30.3,78.3,1005.9,42.4,4.0,8.3,336.0,61.2,5,91.3,HIGH,0.88,1.96,CRITICAL
0.1,0.3,0.5,0.9,1.4,35.1,53.0,1018.2,15.3,2.3,2.5,29.8,35.9,7,14.7,LOW,0.25,0.0,LOW
5.4,11.2,24.4,40.4,68.3,27.7,75.2,994.5,43.9,11.8,7.4,398.9,52.5,4,97.9,HIGH,0.72,1.52,CRITICAL
32.4,80.6,168.9,303.7,519.7,31.0,79.6,992.5,47.4,5.5,4.2,256.7,83.0,4,127.4,HIGH,0.98,1.95,CRITICAL
4.0,10.6,21.3,39.6,52.0,30.9,71.3,1006.4,30.8,36.8,1.0,137.3,54.7,1,52.9,MODERATE,0.36,0.1,MODERATE
26.0,54.4,115.3,184.3,307.1,30.3,65.4,1005.4,30.3,27.0,1.7,1352.4,93.5,2,60.7,MODERATE,0.97,1.52,CRITICAL
0.2,0.4,0.9,1.8,3.0,31.5,53.2,1006.5,30.9,17.3,0.8,36.5,39.9,3,51.8,MODERATE,0.32,0.44,MODERATE
9.3,22.7,48.5,95.2,157.1,30.0,73.7,1007.1,28.3,14.1,5.5,1123.3,81.2,4,33.4,LOW,0.66,1.34,CRITICAL
7.1,19.0,29.3,41.7,69.1,29.4,73.8,1003.1,33.9,7.3,15.1,80.9,50.2,6,64.9,MODERATE,0.61,1.24,CRITICAL
0.6,1.6,2.8,4.0,5.3,28.1,49.7,1017.7,18.0,13.6,3.1,194.8,32.8,4,2.0,LOW,0.11,0.0,LOW
38.9,82.7,167.3,276.9,421.2,28.2,76.3,991.4,48.0,20.5,4.0,220.2,92.3,3,134.6,HIGH,0.98,1.74,CRITICAL
1.5,3.3,6.3,11.1,19.0,28.5,82.0,998.0,36.8,29.4,5.1,514.0,47.9,3,101.5,HIGH,0.33,0.15,MODERATE
19.1,42.1,68.3,106.9,189.0,29.3,76.5,1004.1,64.1,3.5,1.2,107.3,88.9,5,82.2,MODERATE,0.98,2.05,CRITICAL
14.7,38.0,66.0,102.7,145.2,29.8,84.3,991.0,47.2,24.2,1.7,1639.9,79.8,4,147.7,HIGH,0.87,1.59,CRITICAL
2.1,5.4,9.3,16.8,26.8,32.1,68.8,1003.5,30.6,26.4,2.2,540.3,39.7,4,78.0,MODERATE,0.28,0.0,MODERATE
4.6,10.9,18.3,32.2,54.8,33.2,57.7,1019.1,18.1,16.7,3.5,608.0,55.6,5,24.2,LOW,0.25,0.0,LOW
3.7,7.9,13.7,20.6,34.5,33.2,67.7,1005.2,43.3,6.3,7.0,57.8,42.4,5,80.2,MODERATE,0.64,1.29,CRITICAL
12.0,31.9,59.3,114.5,184.3,32.4,72.6,1007.0,25.6,15.9,1.3,260.8,86.9,4,59.4,MODERATE,0.96,2.08,CRITICAL
4.8,11.6,24.4,44.1,57.8,28.5,72.7,994.3,47.4,14.6,2.5,1121.4,49.1,7,84.9,MODERATE,0.39,0.59,MODERATE
15.1,40.3,81.3,131.6,218.7,28.8,68.7,999.8,39.1,13.6,5.2,134.6,94.4,5,88.0,MODERATE,0.98,2.03,CRITICAL
8.9,21.1,44.1,79.7,134.5,31.0,76.1,1001.8,32.1,13.1,0.6,74.7,76.5,4,69.3,MODERATE,0.94,1.75,CRITICAL
1.2,3.0,6.4,9.3,15.5,31.7,70.4,1002.3,43.8,4.1,2.8,267.5,31.9,5,52.8,MODERATE,0.37,0.78,HIGH
4.5,11.4,20.4,34.3,57.8,35.7,66.7,1015.9,19.9,5.6,0.8,1027.7,57.5,6,25.9,LOW,0.28,0.0,MODERATE
1.0,2.1,3.7,5.5,8.3,34.3,61.4,1009.7,25.3,3.8,3.0,268.5,49.2,6,38.3,LOW,0.34,0.62,HIGH
5.3,14.2,21.9,31.3,56.2,28.0,75.8,995.6,51.1,7.0,5.4,212.2,48.7,4,96.8,HIGH,0.78,1.66,CRITICAL
1.0,1.9,4.0,6.5,10.9,30.7,62.2,1007.1,33.4,7.5,1.2,414.2,37.4,5,44.3,MODERATE,0.28,0.0,MODERATE
0.1,0.3,0.5,0.7,1.1,32.9,65.2,1009.2,41.3,7.1,6.9,1064.9,41.5,4,29.8,LOW,0.07,0.0,LOW
0.5,1.3,2.7,4.8,8.5,34.7,53.4,1014.7,25.4,6.3,1.7,34.1,37.7,5,29.6,LOW,0.32,0.65,HIGH
1.3,2.8,5.0,9.0,15.9,34.9,55.4,1018.4,24.4,25.9,1.0,78.3,39.3,2,35.1,LOW,0.21,0.0,LOW
5.6,13.5,29.3,43.6,74.5,29.3,68.2,996.4,50.7,32.7,2.5,69.1,65.0,3,73.9,MODERATE,0.66,0.77,HIGH
6.8,16.1,28.9,40.8,64.6,26.6,77.5,998.1,34.9,9.1,7.6,48.9,46.0,6,104.2,HIGH,0.82,1.44,CRITICAL
3.2,8.0,16.5,31.0,48.5,26.7,80.6,994.3,50.3,8.6,0.5,151.7,44.4,5,106.1,HIGH,0.82,1.51,CRITICAL
6.9,17.8,30.3,42.4,62.1,31.1,61.5,1003.0,37.0,35.4,1.7,114.0,54.2,2,48.5,MODERATE,0.39,0.17,MODERATE
8.1,19.3,32.9,52.9,75.4,32.1,72.0,1009.0,23.9,19.6,4.0,317.3,47.6,4,50.4,MODERATE,0.49,0.66,HIGH
2.7,6.9,13.3,22.6,35.2,29.1,74.3,1013.4,24.5,8.3,1.8,165.6,42.8,4,45.0,MODERATE,0.47,0.96,HIGH
15.1,32.4,71.3,134.8,214.1,30.7,69.3,1004.4,28.7,24.5,0.6,212.4,88.1,5,67.1,MODERATE,0.97,1.55,CRITICAL
7.4,15.4,28.8,54.7,77.9,31.9,67.5,1002.3,40.8,9.6,1.7,1096.1,61.2,5,39.5,LOW,0.37,0.61,HIGH
11.1,25.0,53.8,98.7,173.8,28.0,81.6,1006.3,32.4,17.9,6.3,79.3,86.3,4,67.8,MODERATE,0.96,1.76,CRITICAL
2.6,6.4,13.2,20.4,32.2,32.5,67.6,997.9,59.2,90.4,12.4,201.9,35.4,1,72.0,MODERATE,0.05,0.0,LOW
0.0,0.0,0.0,0.0,0.0,32.1,55.1,1022.0,11.6,8.5,0.4,127.9,31.5,4,31.3,LOW,0.25,0.0,LOW
23.5,57.5,103.7,160.6,243.7,32.0,80.3,991.3,48.8,50.0,3.2,317.7,86.5,1,120.0,HIGH,0.98,1.05,CRITICAL
12.9,28.6,50.7,77.5,103.0,29.6,74.0,1006.6,27.7,9.0,0.7,521.6,62.2,6,59.0,MODERATE,0.78,1.59,CRITICAL
0.2,0.4,0.7,1.2,2.0,30.4,56.8,1022.0,17.6,16.0,4.3,660.3,30.1,6,7.0,LOW,0.05,0.0,LOW
3.0,5.7,12.5,22.5,32.9,29.5,66.0,1005.1,37.6,13.1,0.3,290.2,46.3,5,63.2,MODERATE,0.5,0.76,HIGH
7.1,17.2,37.3,53.4,86.6,30.2,65.1,1003.4,39.3,29.5,0.4,748.6,55.3,3,60.0,MODERATE,0.42,0.37,MODERATE
8.0,19.3,39.1,56.1,90.0,29.3,69.2,1002.0,44.0,3.1,5.6,599.2,62.7,5,66.3,MODERATE,0.74,1.6,CRITICAL
12.7,33.6,57.4,107.4,171.0,29.9,64.7,1003.5,44.3,19.8,0.6,79.9,82.0,4,64.7,MODERATE,0.96,1.78,CRITICAL
0.4,1.0,1.7,3.3,5.2,33.1,59.5,1016.7,16.1,27.7,1.6,122.0,31.6,2,29.5,LOW,0.12,0.0,LOW
7.2,18.3,40.1,70.7,98.4,27.7,80.7,986.2,50.0,13.5,11.4,438.3,69.0,5,96.5,HIGH,0.8,1.63,CRITICAL
0.1,0.3,0.4,0.6,0.9,32.3,50.7,1018.0,23.4,4.0,15.1,1413.7,42.3,7,2.0,LOW,0.05,0.0,LOW
6.0,14.6,30.6,58.3,91.1,24.8,84.4,992.9,45.3,7.1,0.9,194.3,61.5,4,91.6,HIGH,0.91,1.92,CRITICAL
0.1,0.2,0.4,0.7,1.3,31.4,67.8,1002.7,31.4,22.5,3.2,114.2,34.2,4,46.9,MODERATE,0.19,0.0,LOW
15.9,41.2,73.8,129.0,195.6,30.0,65.1,1001.4,37.6,42.6,3.2,787.7,83.5,1,66.1,MODERATE,0.81,0.93,CRITICAL
3.7,9.2,19.2,30.5,42.8,35.4,63.7,1010.0,26.5,11.9,2.4,99.6,52.1,5,56.1,MODERATE,0.58,0.91,HIGH
22.0,49.2,77.0,116.9,157.1,26.5,79.7,991.4,45.2,16.8,9.4,469.2,82.3,5,125.0,HIGH,0.96,1.63,CRITICAL
0.2,0.6,1.0,1.7,2.8,26.7,56.7,1008.9,36.6,6.7,5.2,28.2,31.7,4,43.4,MODERATE,0.3,0.0,MODERATE
0.3,0.8,1.7,2.7,4.1,34.5,56.7,1022.0,14.2,11.6,5.4,22.3,32.7,5,13.8,LOW,0.16,0.0,LOW
3.0,8.0,15.8,25.4,34.6,30.0,72.5,993.4,39.5,9.4,1.4,243.3,46.8,5,77.8,MODERATE,0.62,1.16,HIGH
3.8,10.1,20.6,35.2,57.6,28.4,75.8,1006.6,26.2,21.2,2.3,421.1,45.0,6,38.5,LOW,0.32,0.43,MODERATE
15.0,32.4,65.8,98.8,138.7,26.1,75.6,999.4,48.7,77.2,2.6,73.4,70.0,0,91.9,HIGH,0.59,0.1,HIGH
2.5,5.7,8.8,16.5,25.6,35.0,63.6,1008.6,49.6,32.2,1.5,563.5,36.8,2,56.9,MODERATE,0.15,0.0,LOW
1.4,2.8,4.5,6.8,9.8,34.2,64.7,1005.2,36.5,5.8,0.6,67.4,32.7,5,47.2,MODERATE,0.4,0.81,HIGH
0.6,1.2,2.2,3.8,6.7,23.7,72.3,999.5,36.6,17.5,0.8,304.9,33.2,5,59.1,MODERATE,0.26,0.0,LOW
0.5,1.3,2.2,4.2,5.9,30.1,68.3,1009.1,45.5,3.2,1.0,155.1,41.1,6,39.0,LOW,0.37,0.76,HIGH
2.1,4.5,8.1,13.7,20.8,36.9,56.2,1020.3,20.4,7.1,1.1,545.2,31.9,4,18.8,LOW,0.17,0.0,LOW
4.2,10.1,20.7,33.5,59.6,29.3,68.7,1003.4,43.9,5.4,1.3,634.5,53.6,4,68.2,MODERATE,0.62,1.27,CRITICAL
6.1,14.9,22.5,38.0,55.4,30.3,63.9,1011.1,32.7,9.4,1.3,41.0,51.5,5,61.9,MODERATE,0.71,1.42,CRITICAL
11.6,29.2,57.3,109.5,177.6,28.5,74.2,994.0,42.4,22.4,2.4,96.3,88.7,3,85.3,MODERATE,0.97,1.68,CRITICAL
1.4,2.8,4.2,8.3,12.1,26.8,73.3,996.9,40.9,14.5,2.8,863.0,39.6,6,75.9,MODERATE,0.22,0.0,LOW
0.5,1.2,1.8,3.2,4.4,27.0,54.9,1009.0,24.9,50.6,1.6,219.1,34.3,1,35.1,LOW,0.05,0.0,LOW
4.6,10.5,18.7,35.2,56.8,35.0,63.4,1017.6,17.2,6.3,8.6,261.1,46.5,4,23.1,LOW,0.36,0.69,HIGH
7.7,16.9,35.3,49.7,87.3,26.5,67.6,1008.0,36.3,10.2,3.1,84.9,64.0,8,68.3,MODERATE,0.84,1.57,CRITICAL
3.3,9.0,14.4,27.7,42.3,30.9,66.8,1002.3,48.1,9.2,5.7,2020.4,49.1,5,82.7,MODERATE,0.12,0.0,LOW
0.7,1.8,3.3,6.6,10.6,32.9,78.0,1005.0,37.7,6.8,9.3,989.5,35.4,4,55.7,MODERATE,0.12,0.0,LOW
0.1,0.3,0.6,1.0,1.6,25.6,77.4,994.4,43.3,91.8,0.9,15.8,40.0,0,82.1,MODERATE,0.05,0.0,LOW
1.4,3.6,6.0,11.1,16.8,29.1,59.3,1010.1,22.9,10.8,2.3,319.1,37.4,5,53.5,MODERATE,0.33,0.52,MODERATE
0.0,0.1,0.2,0.3,0.5,34.7,66.8,1012.5,20.2,52.8,2.3,797.0,35.1,1,43.0,MODERATE,0.05,0.0,LOW
2.2,5.6,12.0,18.9,27.0,31.5,73.6,1001.2,35.1,10.9,1.8,229.0,39.4,4,73.0,MODERATE,0.52,0.98,HIGH
4.7,9.7,18.0,34.4,51.2,28.6,73.7,1001.0,36.5,6.1,0.3,233.2,51.7,4,77.9,MODERATE,0.75,1.55,CRITICAL
0.7,1.8,3.0,5.2,7.9,34.0,64.6,1007.3,32.6,4.3,6.2,196.3,32.2,6,58.0,MODERATE,0.34,0.81,HIGH
0.9,2.1,4.1,7.2,12.5,33.2,73.7,1001.3,31.2,36.8,0.7,26.1,36.9,3,73.8,MODERATE,0.27,0.0,LOW
15.4,30.5,58.4,104.8,154.5,31.3,67.7,1004.4,64.6,2.6,19.2,608.6,74.2,7,80.2,MODERATE,0.87,1.86,CRITICAL
1.2,2.6,4.0,7.6,12.3,30.7,57.8,1022.0,13.6,62.0,5.5,246.9,39.7,4,12.9,LOW,0.05,0.0,LOW
15.9,35.3,55.2,101.4,142.7,29.4,60.7,1002.9,44.6,11.7,3.3,302.8,76.2,4,85.1,MODERATE,0.94,1.99,CRITICAL
3.2,7.9,12.8,19.5,27.8,31.0,68.8,1002.0,36.6,7.1,0.9,127.2,37.1,5,63.5,MODERATE,0.55,1.14,HIGH
11.6,22.7,36.3,61.0,99.0,29.5,81.5,999.5,34.1,19.3,2.8,597.5,64.3,5,88.1,MODERATE,0.76,1.39,CRITICAL
0.9,2.2,3.7,7.3,12.3,33.9,59.7,1011.3,33.7,4.6,1.4,614.9,31.0,7,57.3,MODERATE,0.28,0.0,MODERATE
6.6,16.2,29.5,51.0,78.2,26.6,66.7,1003.5,38.9,3.3,1.3,320.9,67.5,5,69.6,MODERATE,0.84,1.79,CRITICAL
1.2,2.8,4.9,9.7,14.2,26.2,70.7,999.5,39.0,33.7,6.5,908.0,36.3,4,70.9,MODERATE,0.08,0.0,LOW
0.0,0.0,0.0,0.0,0.1,32.7,53.5,1016.2,21.7,12.0,2.0,61.8,40.3,4,27.4,LOW,0.23,0.0,LOW
2.4,4.9,9.5,17.1,23.4,31.1,47.9,1017.1,15.8,15.1,2.4,602.0,42.4,3,15.5,LOW,0.13,0.0,LOW
6.8,16.1,34.0,54.7,90.8,28.4,71.4,999.9,41.1,5.5,6.8,325.8,61.2,7,68.2,MODERATE,0.79,1.63,CRITICAL
32.6,86.4,161.5,255.6,420.5,24.1,81.8,989.1,63.0,3.1,0.6,114.8,84.2,6,139.9,HIGH,0.98,2.2,CRITICAL
1.5,3.7,5.7,10.3,16.9,31.9,61.4,1013.6,19.4,10.3,3.5,68.9,43.9,6,23.2,LOW,0.28,0.0,MODERATE
3.5,8.3,15.1,25.0,44.2,29.8,72.4,999.2,35.8,14.7,3.3,151.1,47.4,4,96.9,HIGH,0.71,1.18,HIGH
2.3,5.8,11.9,22.4,37.3,33.2,63.4,1011.7,39.1,28.1,2.2,752.3,47.6,4,47.5,MODERATE,0.16,0.0,LOW
16.6,36.0,58.8,109.2,158.4,28.6,87.0,988.3,47.2,14.5,6.5,603.8,78.1,4,110.0,HIGH,0.95,1.8,CRITICAL
3.3,8.2,12.8,20.4,30.1,31.4,61.5,1012.6,28.1,29.5,10.3,408.7,43.9,2,34.2,LOW,0.1,0.0,LOW
25.6,67.5,116.8,212.7,318.1,32.2,73.8,994.7,44.0,4.2,2.5,51.0,85.6,6,116.3,HIGH,0.98,2.2,CRITICAL
0.1,0.2,0.4,0.7,0.9,28.2,62.2,1011.2,28.3,3.2,2.4,1192.0,34.5,8,26.0,LOW,0.07,0.0,LOW
9.0,23.3,40.0,63.7,111.9,32.0,71.3,1005.1,31.6,5.1,2.7,153.5,63.7,4,100.4,HIGH,0.95,1.93,CRITICAL
4.4,9.1,14.5,23.8,31.9,25.4,82.0,996.9,38.5,28.6,4.8,369.9,40.2,3,72.1,MODERATE,0.27,0.0,LOW
1.5,3.4,5.6,10.9,18.0,28.1,68.1,1001.5,31.3,27.6,4.2,632.5,40.6,4,74.7,MODERATE,0.19,0.0,LOW
3.5,9.0,17.8,28.7,47.8,28.4,64.4,1010.8,32.3,4.7,1.2,69.2,50.0,5,40.4,MODERATE,0.61,1.17,HIGH
4.8,12.2,21.7,34.1,58.7,32.8,69.5,1005.9,37.4,2.6,0.5,416.3,52.4,7,52.8,MODERATE,0.64,1.27,CRITICAL
0.6,1.6,3.1,5.1,8.0,31.2,59.6,1010.0,31.2,22.8,10.7,27.5,36.7,4,46.5,MODERATE,0.16,0.0,LOW
0.2,0.6,1.1,1.7,2.8,32.9,55.3,1021.8,18.5,36.8,1.4,55.8,37.8,1,5.9,LOW,0.06,0.0,LOW
5.3,12.0,22.6,39.0,56.6,26.1,71.8,991.7,43.2,27.3,3.9,503.0,51.8,4,109.7,HIGH,0.6,0.7,HIGH
0.5,1.1,1.9,2.9,4.8,31.8,48.7,1018.7,13.5,6.1,6.5,79.0,36.8,4,2.0,LOW,0.15,0.0,LOW
2.6,5.8,10.8,20.4,30.0,28.9,69.7,1005.9,39.7,17.8,1.5,237.7,44.1,4,67.8,MODERATE,0.45,0.44,MODERATE
1.5,3.2,4.9,7.4,13.0,30.6,72.7,997.4,40.6,27.5,3.8,123.5,44.5,3,74.7,MODERATE,0.32,0.1,MODERATE
0.0,0.1,0.2,0.3,0.5,26.7,78.5,993.7,41.9,7.3,0.7,222.8,29.1,5,92.9,HIGH,0.52,0.99,HIGH
25.8,64.5,122.5,180.8,263.5,33.8,69.7,1003.4,29.9,15.5,12.6,45.5,88.4,4,89.1,MODERATE,0.98,1.96,CRITICAL
9.2,21.2,34.5,68.6,106.3,27.6,57.4,1012.8,19.9,8.8,0.5,549.3,65.9,5,15.6,LOW,0.61,1.14,HIGH
4.7,12.1,20.2,33.9,57.2,28.5,69.2,1003.9,31.9,6.6,2.3,46.3,42.8,5,66.6,MODERATE,0.72,1.44,CRITICAL
6.6,16.4,27.1,51.2,85.8,36.6,52.1,1017.8,27.3,64.9,3.0,706.5,65.5,0,36.2,LOW,0.09,0.0,LOW
13.8,26.5,41.1,76.4,107.4,27.9,85.3,992.7,60.1,45.9,5.8,427.9,65.8,1,118.2,HIGH,0.72,0.48,HIGH
0.4,1.0,1.7,3.1,4.2,27.4,61.8,1004.9,45.7,12.6,0.8,219.8,40.9,5,50.6,MODERATE,0.31,0.5,MODERATE
1.3,2.9,6.4,12.1,17.5,29.8,76.0,994.4,58.5,4.6,2.3,780.2,45.4,7,74.7,MODERATE,0.38,0.8,HIGH
11.9,26.9,47.1,68.8,106.0,29.9,60.9,1008.1,43.3,25.4,1.5,93.3,66.2,2,63.1,MODERATE,0.79,1.31,CRITICAL
4.7,11.9,21.8,39.3,61.8,29.6,65.4,1012.5,25.7,7.3,1.6,131.8,40.8,5,65.9,MODERATE,0.7,1.64,CRITICAL
14.4,33.6,65.8,102.6,155.3,27.5,69.7,1001.4,33.0,5.3,5.6,71.0,78.5,5,84.4,MODERATE,0.97,1.9,CRITICAL
32.1,83.7,163.6,306.1,499.4,34.6,83.5,982.9,62.8,10.6,0.3,197.6,91.1,4,162.3,EXTREME,0.98,1.79,CRITICAL
4.2,10.3,22.2,43.9,66.4,30.3,71.4,1006.7,27.6,15.6,5.1,1657.5,47.8,4,70.6,MODERATE,0.17,0.0,LOW
0.3,0.6,1.4,2.6,4.7,26.4,65.7,1008.7,26.1,3.8,6.1,81.7,27.3,6,41.7,MODERATE,0.28,0.0,MODERATE
1.3,3.2,6.5,9.6,13.7,34.9,68.4,1008.4,26.0,17.3,8.4,690.5,41.1,3,51.5,MODERATE,0.13,0.0,LOW
0.2,0.3,0.7,1.1,1.7,33.6,55.3,1015.5,22.4,2.3,3.8,416.0,29.2,5,33.6,LOW,0.19,0.0,LOW
1.8,3.5,5.8,9.4,15.1,27.5,68.7,995.9,39.8,42.0,1.7,21.1,49.5,1,57.4,MODERATE,0.21,0.0,LOW
2.6,5.1,9.8,14.5,20.9,29.1,64.5,1010.8,22.8,47.6,2.3,1116.4,42.1,2,50.0,MODERATE,0.05,0.0,LOW
0.4,0.8,1.8,2.6,4.0,33.7,58.9,1015.1,21.8,25.8,12.5,1361.6,42.8,5,42.5,MODERATE,0.05,0.0,LOW
2.3,4.8,9.3,15.2,22.5,28.0,83.7,989.9,59.4,13.3,7.8,998.8,41.4,6,107.3,HIGH,0.31,0.25,MODERATE
3.4,9.2,20.1,40.1,55.5,26.2,66.0,1007.7,31.4,7.3,2.5,279.7,54.0,6,62.7,MODERATE,0.66,1.16,HIGH
3.5,8.2,12.9,22.5,34.6,34.6,73.0,1000.7,48.6,26.5,10.3,109.6,44.8,3,70.1,MODERATE,0.32,0.1,MODERATE
3.5,8.6,15.5,27.5,41.0,29.5,61.0,1004.3,29.8,50.3,6.4,203.6,51.3,2,53.5,MODERATE,0.14,0.0,LOW
4.2,8.9,19.5,32.7,45.5,34.8,75.6,1008.0,25.8,5.1,8.4,376.9,37.3,5,57.1,MODERATE,0.42,0.74,HIGH
8.4,18.1,31.9,57.4,87.5,33.3,71.0,1000.9,38.5,13.3,4.3,195.9,63.5,4,80.4,MODERATE,0.82,1.52,CRITICAL
26.1,56.6,114.3,225.6,340.8,27.4,76.6,999.3,38.2,8.8,7.1,483.0,93.3,6,95.4,HIGH,0.98,1.93,CRITICAL
0.7,1.7,2.5,4.5,6.1,33.3,64.1,1005.3,35.7,9.9,8.1,618.3,35.9,6,33.8,LOW,0.11,0.0,LOW
1.1,2.5,4.9,7.0,9.6,27.8,77.4,995.8,49.5,11.4,0.6,104.3,35.6,4,79.2,MODERATE,0.51,0.79,HIGH
17.0,39.2,84.5,143.3,232.7,24.8,69.4,995.8,48.0,56.6,12.1,212.3,88.5,1,115.5,HIGH,0.95,1.11,CRITICAL
3.7,8.7,15.4,30.8,50.9,30.4,66.2,1010.8,44.3,7.4,1.7,1217.3,50.4,4,58.5,MODERATE,0.29,0.0,MODERATE
14.4,36.2,54.8,89.4,158.3,30.3,74.5,995.2,41.4,14.2,2.3,124.2,84.6,4,70.0,MODERATE,0.96,1.79,CRITICAL
1.2,2.3,3.5,6.2,8.4,30.3,64.2,1010.7,23.4,56.5,5.8,176.6,34.6,1,55.8,MODERATE,0.06,0.0,LOW
10.7,27.0,57.4,84.1,114.2,30.5,68.9,1008.9,29.8,13.6,4.1,28.8,57.9,6,45.7,MODERATE,0.8,1.44,CRITICAL
27.8,65.4,131.2,194.7,258.2,31.5,74.0,990.3,43.3,37.9,8.1,168.5,99.0,2,124.6,HIGH,0.98,1.49,CRITICAL
8.3,20.1,31.7,61.1,95.6,30.2,69.7,999.2,36.0,3.1,2.1,191.1,64.7,7,91.8,HIGH,0.93,2.04,CRITICAL
0.4,0.9,1.4,2.2,3.5,30.0,62.7,1015.1,18.9,57.0,1.9,55.0,34.0,1,31.6,LOW,0.05,0.0,LOW
26.2,58.3,120.3,190.5,286.1,31.3,85.6,996.7,40.0,5.7,0.4,15.5,95.9,4,99.3,HIGH,0.98,1.92,CRITICAL
12.7,26.4,54.6,89.2,151.5,30.6,71.0,1001.1,32.4,72.4,2.5,340.5,81.3,0,67.1,MODERATE,0.52,0.1,HIGH
8.3,22.3,35.3,69.9,114.9,24.9,68.4,1008.9,23.6,5.5,4.8,151.4,69.1,5,63.1,MODERATE,0.89,1.96,CRITICAL
0.2,0.4,0.6,0.9,1.7,32.7,62.7,1011.7,29.1,12.6,1.6,21.8,33.1,6,25.6,LOW,0.22,0.0,LOW
14.9,40.2,82.3,155.7,213.2,31.4,79.9,1002.9,37.1,8.6,2.5,762.0,93.3,5,80.8,MODERATE,0.98,1.96,CRITICAL
1.0,2.4,4.5,7.1,9.5,30.0,63.8,999.9,42.4,12.2,1.2,348.7,43.1,6,71.2,MODERATE,0.4,0.72,HIGH
0.7,1.4,3.0,5.8,8.4,34.6,59.4,1017.1,23.7,7.2,5.5,86.3,28.7,5,17.5,LOW,0.18,0.0,LOW
0.8,1.8,3.3,6.5,8.6,31.0,48.6,1019.8,13.2,62.5,0.5,776.6,38.5,3,24.1,LOW,0.05,0.0,LOW
0.5,1.0,2.0,3.1,5.5,32.7,49.4,1013.3,21.6,8.6,4.6,126.1,38.0,5,8.5,LOW,0.16,0.0,LOW
7.4,19.4,36.0,53.2,77.3,26.9,69.4,1005.7,27.8,21.1,2.0,113.1,57.6,4,22.8,LOW,0.48,0.67,HIGH
8.7,22.3,48.2,71.7,113.0,30.8,74.7,998.1,49.2,4.7,0.4,870.1,66.3,6,78.6,MODERATE,0.84,1.78,CRITICAL
1.0,2.6,4.6,8.4,12.3,34.6,72.7,997.9,45.6,33.3,7.0,90.2,44.3,3,82.0,MODERATE,0.27,0.0,LOW
5.5,13.2,21.9,32.5,46.3,28.8,64.5,1009.4,24.6,16.1,2.6,817.5,46.7,3,58.2,MODERATE,0.29,0.0,MODERATE
21.5,50.9,88.0,137.0,188.6,29.3,81.2,1008.6,27.1,71.9,3.5,632.3,86.8,2,75.2,MODERATE,0.64,0.21,HIGH
0.4,1.2,2.4,3.7,5.4,30.5,57.8,1016.9,42.4,11.9,4.9,155.9,38.1,4,26.2,LOW,0.19,0.0,LOW
4.9,10.3,19.1,30.8,49.5,31.8,66.7,1010.5,28.9,5.9,4.0,28.3,47.7,4,48.2,MODERATE,0.61,1.36,CRITICAL
4.5,11.3,19.7,28.4,50.8,26.3,75.4,992.2,53.4,9.6,4.9,47.7,42.0,4,117.1,HIGH,0.83,1.62,CRITICAL
2.4,5.8,10.9,20.8,32.8,33.0,62.9,1013.9,20.7,26.0,5.3,59.1,45.1,2,39.4,LOW,0.26,0.0,LOW
3.2,8.7,13.8,26.4,41.4,31.6,74.1,996.5,37.9,21.4,3.4,856.5,47.5,6,76.0,MODERATE,0.29,0.0,MODERATE
3.3,8.5,12.8,21.0,27.7,31.6,69.1,1001.7,43.0,29.1,1.9,211.7,40.8,2,94.1,HIGH,0.45,0.49,MODERATE
0.2,0.6,1.0,1.8,3.1,26.6,75.9,1007.1,34.5,3.4,1.3,27.6,35.2,6,62.0,MODERATE,0.49,1.01,HIGH
7.9,18.7,35.9,64.1,84.8,35.5,60.9,1022.0,19.2,17.6,8.5,324.0,42.4,6,2.0,LOW,0.24,0.0,LOW
1.0,2.1,4.1,7.6,13.4,35.3,55.7,1022.0,16.4,50.4,12.6,103.6,44.7,0,2.0,LOW,0.05,0.0,LOW
2.0,4.7,9.8,16.8,26.3,33.5,52.9,1010.2,28.7,4.1,1.8,116.9,46.7,5,40.1,MODERATE,0.48,0.9,HIGH
3.4,8.4,18.0,30.8,42.6,31.4,68.0,1003.4,39.6,3.8,0.7,81.6,40.0,5,43.1,MODERATE,0.57,1.23,CRITICAL
5.9,15.0,26.8,47.6,72.7,31.9,78.4,1009.5,25.3,24.7,1.2,560.5,51.6,5,68.4,MODERATE,0.49,0.54,MODERATE
1.9,3.6,7.3,13.3,23.9,34.3,61.4,1012.5,23.2,8.8,4.2,15.2,48.8,4,26.3,LOW,0.36,0.52,MODERATE
3.9,9.0,14.0,22.5,32.6,35.1,76.2,1002.3,46.6,21.3,1.0,234.6,38.2,3,91.1,HIGH,0.53,0.64,HIGH
1.7,3.6,5.6,9.0,12.9,30.4,63.6,1020.3,14.7,16.2,5.6,49.5,40.9,4,24.3,LOW,0.2,0.0,LOW
2.0,5.3,8.4,13.2,17.9,33.6,68.1,1007.0,31.7,78.9,9.3,320.4,37.5,2,35.4,LOW,0.05,0.0,LOW
0.9,1.8,3.3,5.8,9.2,31.0,60.9,1009.2,32.8,41.6,11.9,176.4,39.6,3,54.2,MODERATE,0.08,0.0,LOW
2.2,5.2,8.6,14.0,18.8,31.1,51.8,1010.7,95.0,22.4,0.3,25.9,40.4,3,67.9,MODERATE,0.43,0.42,MODERATE
11.4,24.2,41.1,70.9,119.2,27.3,69.1,1008.6,28.3,7.5,11.4,249.8,66.4,4,43.6,MODERATE,0.76,1.7,CRITICAL
0.6,1.3,2.5,4.2,7.4,30.9,58.8,1012.1,24.6,7.5,5.0,336.2,39.0,4,23.8,LOW,0.18,0.0,LOW
0.3,0.8,1.4,2.6,4.6,27.5,73.6,999.8,47.5,40.5,0.6,123.1,33.8,2,82.1,MODERATE,0.22,0.0,LOW
2.1,4.4,8.2,11.9,16.1,28.9,66.0,1000.3,45.3,17.8,2.2,566.1,30.5,3,76.4,MODERATE,0.27,0.0,LOW
38.3,75.7,135.4,236.0,372.6,26.7,74.6,995.6,47.5,30.0,4.5,191.2,85.4,4,138.5,HIGH,0.98,1.64,CRITICAL
9.8,19.1,31.0,54.0,72.9,30.1,65.7,1008.7,28.5,12.8,11.3,540.8,49.8,6,64.3,MODERATE,0.45,0.79,HIGH
4.3,9.9,15.4,25.1,39.8,30.6,64.6,1011.6,23.7,4.0,0.9,343.8,37.9,6,71.7,MODERATE,0.6,1.32,CRITICAL
11.8,28.5,47.4,78.4,133.8,31.5,59.9,1008.9,30.9,9.3,0.8,788.1,73.6,7,51.7,MODERATE,0.81,1.49,CRITICAL
1.7,3.7,5.8,10.8,17.0,28.6,63.2,1019.2,29.5,5.2,2.5,315.8,38.8,5,32.7,LOW,0.29,0.0,MODERATE
25.7,63.1,122.0,191.3,332.2,27.1,65.6,1005.0,44.7,29.4,12.4,93.0,91.8,2,73.3,MODERATE,0.98,1.55,CRITICAL
1.2,2.3,4.7,9.0,15.3,32.4,55.6,1010.7,22.5,23.7,12.7,672.1,41.8,5,26.2,LOW,0.05,0.0,LOW
2.7,7.1,12.3,23.8,34.2,27.4,75.4,995.7,41.4,3.7,1.2,595.6,48.2,6,86.8,MODERATE,0.62,1.34,CRITICAL
8.1,20.7,36.7,65.7,106.1,32.9,71.3,1001.7,35.8,19.5,1.6,1378.6,66.2,5,66.9,MODERATE,0.46,0.51,MODERATE
2.3,6.3,13.0,24.2,31.5,32.1,64.6,1010.9,51.7,39.3,8.7,52.3,38.8,2,20.5,LOW,0.09,0.0,LOW
5.4,14.4,23.9,42.2,63.2,33.2,69.6,1012.2,29.1,23.5,4.9,355.0,55.3,5,42.0,MODERATE,0.36,0.3,MODERATE
2.7,5.9,9.4,16.1,22.9,33.9,69.3,1002.5,34.1,14.9,12.9,272.1,42.4,5,77.8,MODERATE,0.33,0.3,MODERATE
6.7,14.8,27.3,54.1,95.7,29.8,68.4,1004.4,28.2,8.7,8.1,437.3,72.3,4,62.9,MODERATE,0.75,1.46,CRITICAL
3.3,8.3,16.2,25.4,38.2,27.5,73.3,992.1,47.2,41.3,1.1,1505.0,45.6,1,92.3,HIGH,0.09,0.0,LOW
0.5,0.9,1.7,2.6,4.2,32.4,75.0,1002.0,31.3,11.9,5.3,303.8,38.1,4,59.7,MODERATE,0.27,0.0,LOW
10.6,22.7,45.5,71.5,119.1,33.0,63.4,1012.6,34.0,36.8,0.5,454.9,67.3,2,51.7,MODERATE,0.6,0.35,HIGH
10.2,20.3,31.2,55.2,93.1,30.9,62.5,1009.9,33.6,29.5,6.3,177.1,60.9,3,70.2,MODERATE,0.64,0.86,HIGH
12.8,28.9,52.1,78.7,131.3,34.7,55.6,1009.3,28.0,32.5,3.5,150.0,71.0,3,62.7,MODERATE,0.8,1.06,CRITICAL
10.0,23.5,39.2,76.2,110.1,30.2,75.4,1005.4,31.4,84.5,11.2,170.2,63.1,2,75.7,MODERATE,0.17,0.0,LOW
6.5,13.5,27.4,45.2,74.2,30.8,62.3,1005.1,45.5,26.9,11.6,30.0,56.3,2,49.4,MODERATE,0.44,0.43,MODERATE
6.7,12.9,27.3,52.2,82.2,30.0,70.0,999.4,35.8,2.6,0.5,142.3,60.7,6,95.1,HIGH,0.92,1.94,CRITICAL
0.7,1.7,2.9,4.4,7.1,29.2,65.6,1010.9,23.6,6.1,0.9,87.2,34.9,5,54.8,MODERATE,0.43,0.81,HIGH
0.9,1.8,2.8,4.5,5.8,31.4,59.7,1008.6,46.1,2.6,2.6,247.3,40.8,5,29.3,LOW,0.28,0.0,MODERATE
1.4,3.7,6.2,8.8,12.6,34.7,57.7,1009.2,36.4,5.8,7.7,249.7,42.0,6,20.7,LOW,0.2,0.0,LOW
14.3,29.6,46.6,72.4,127.8,31.2,61.5,1000.5,45.7,3.1,6.2,565.7,65.8,5,55.0,MODERATE,0.83,1.67,CRITICAL
2.6,6.4,11.0,18.7,27.0,28.3,86.7,986.7,47.8,14.5,12.0,280.1,37.6,4,107.5,HIGH,0.49,0.75,HIGH
7.9,17.7,33.3,65.5,99.4,31.5,58.4,1014.3,19.1,2.5,3.7,251.3,64.6,7,44.2,MODERATE,0.8,1.86,CRITICAL
8.0,15.7,34.1,55.8,77.7,31.0,86.4,1000.9,31.8,13.5,1.3,115.1,53.4,6,97.9,HIGH,0.86,1.59,CRITICAL
10.6,24.2,43.1,77.0,105.4,31.6,69.4,997.7,37.1,43.2,0.4,742.2,58.8,3,84.6,MODERATE,0.51,0.29,HIGH
0.5,1.1,1.8,2.9,4.1,33.0,59.2,1010.9,33.3,26.9,1.2,51.3,44.7,2,36.8,LOW,0.2,0.0,LOW
2.3,6.0,9.8,13.9,22.0,29.4,68.3,1001.7,33.0,53.9,4.2,1547.9,36.2,0,93.5,HIGH,0.05,0.0,LOW
12.4,30.8,50.0,85.1,149.7,32.7,62.6,1014.0,28.6,6.6,9.4,260.6,68.5,6,46.0,MODERATE,0.87,1.68,CRITICAL
1.4,2.8,4.5,6.5,9.5,32.6,62.0,1010.2,24.3,15.6,1.7,93.2,33.7,4,39.3,LOW,0.26,0.0,LOW
1.9,3.9,7.9,15.2,22.3,29.0,67.0,1010.8,25.5,8.9,7.6,181.2,42.3,5,38.9,LOW,0.29,0.0,MODERATE
2.2,4.7,7.3,13.5,21.3,29.5,72.9,993.4,71.9,14.3,2.1,20.9,41.2,5,121.4,HIGH,0.76,1.5,CRITICAL
0.3,0.5,1.2,2.0,2.9,26.7,53.4,1015.3,19.1,16.7,1.6,84.2,45.2,3,29.4,LOW,0.23,0.0,LOW
1.2,2.7,5.0,8.9,15.5,32.2,57.8,1007.2,28.9,2.7,2.8,170.2,35.4,7,30.1,LOW,0.32,0.6,HIGH
6.1,16.3,30.7,45.0,67.0,31.9,59.9,1001.9,33.5,6.8,2.3,322.2,54.6,6,46.1,MODERATE,0.62,1.3,CRITICAL
3.6,8.3,14.6,26.5,41.0,32.7,65.0,1006.2,27.1,24.0,8.9,67.7,51.9,4,32.7,LOW,0.26,0.0,LOW
9.5,23.7,47.0,89.1,139.6,27.6,79.0,989.9,48.2,28.7,2.5,443.2,70.1,3,105.3,HIGH,0.9,1.56,CRITICAL
0.7,1.6,2.9,5.6,9.4,31.9,62.6,1008.5,27.6,17.2,1.4,721.7,41.1,4,26.5,LOW,0.1,0.0,LOW
17.8,45.9,79.4,124.6,197.2,33.0,81.7,996.3,45.8,7.7,6.8,337.8,80.1,5,91.4,HIGH,0.98,1.98,CRITICAL
18.3,37.9,63.8,99.4,141.1,32.6,83.8,993.5,52.8,11.3,23.7,148.9,82.6,4,124.3,HIGH,0.94,1.82,CRITICAL
0.2,0.6,1.3,2.2,3.0,28.8,77.1,992.1,46.9,3.8,4.0,64.2,40.8,7,103.2,HIGH,0.67,1.39,CRITICAL
0.9,2.4,4.1,8.1,14.4,32.3,52.0,1014.5,18.0,57.1,1.3,20.9,35.5,3,39.0,LOW,0.07,0.0,LOW
0.6,1.2,2.1,4.2,7.1,32.7,69.9,999.7,40.6,38.5,1.3,515.1,41.1,2,53.0,MODERATE,0.1,0.0,LOW
2.7,5.9,10.4,16.8,22.0,28.7,55.2,1018.0,14.5,3.2,0.5,391.3,47.6,6,6.3,LOW,0.24,0.0,LOW
10.4,27.9,43.6,81.4,139.2,29.3,68.9,1000.4,39.7,5.3,0.6,260.8,66.8,5,69.7,MODERATE,0.94,2.01,CRITICAL
26.1,65.9,107.3,209.6,334.4,32.0,76.6,990.5,51.5,17.7,8.9,55.9,87.0,3,138.5,HIGH,0.98,1.83,CRITICAL
2.6,5.5,8.9,13.9,21.6,31.8,72.8,995.5,38.9,6.8,0.7,103.1,47.7,4,82.3,MODERATE,0.68,1.26,CRITICAL
1.7,4.0,8.0,15.2,19.8,33.0,58.2,1015.5,30.3,51.0,2.6,656.6,40.8,3,51.7,MODERATE,0.05,0.0,LOW
1.4,3.0,5.4,8.5,14.3,26.7,66.4,1003.7,48.1,27.4,4.5,263.4,41.1,3,70.7,MODERATE,0.25,0.0,LOW
4.0,9.2,18.8,30.1,42.2,29.9,73.3,1000.3,45.6,7.7,6.9,1266.1,46.9,6,75.7,MODERATE,0.25,0.0,LOW
4.9,10.7,21.5,32.6,54.2,29.4,69.2,1006.4,28.9,2.1,1.0,2500.0,54.4,6,65.2,MODERATE,0.1,0.0,LOW
0.2,0.5,0.9,1.5,1.9,32.1,60.6,1009.3,30.1,30.9,2.3,627.9,38.1,4,20.7,LOW,0.05,0.0,LOW
5.8,14.2,27.0,51.4,87.3,30.0,67.3,1014.5,37.4,11.9,1.3,128.5,59.5,4,21.7,LOW,0.63,0.99,HIGH
1.3,3.3,6.6,11.3,14.8,29.8,53.8,1017.3,17.9,20.5,1.3,114.9,28.6,5,21.4,LOW,0.16,0.0,LOW
11.3,29.5,57.2,84.4,119.7,25.1,62.9,1001.9,44.2,8.1,1.6,126.2,71.1,4,70.8,MODERATE,0.93,1.71,CRITICAL
3.5,7.1,13.6,21.2,30.4,32.2,79.4,993.7,39.0,4.8,3.4,1659.0,47.0,6,115.0,HIGH,0.33,0.75,HIGH
17.1,43.6,88.0,152.9,210.9,29.2,67.2,1001.5,31.0,22.2,0.4,170.2,83.8,4,60.2,MODERATE,0.97,1.8,CRITICAL
42.0,88.5,136.2,238.3,367.2,31.4,68.4,1007.2,36.5,12.8,2.1,480.8,84.1,7,90.0,HIGH,0.98,1.88,CRITICAL
18.9,42.3,85.1,148.6,214.3,29.6,63.0,996.8,47.2,6.8,1.0,1229.0,92.6,8,93.3,HIGH,0.97,1.9,CRITICAL
16.4,43.0,72.6,105.1,188.7,26.9,82.0,996.9,48.2,4.7,12.3,665.8,87.9,6,108.4,HIGH,0.97,1.89,CRITICAL
10.7,24.2,46.1,85.3,135.7,27.9,69.6,1007.9,45.7,17.6,3.4,360.9,62.4,5,78.9,MODERATE,0.88,1.51,CRITICAL
4.8,9.8,16.4,31.9,50.6,28.1,61.3,1004.6,28.8,25.3,7.4,85.3,44.8,4,45.5,MODERATE,0.32,0.26,MODERATE
1.1,2.3,4.8,8.2,11.6,28.9,60.9,1005.3,29.2,8.0,1.1,88.1,39.7,4,59.0,MODERATE,0.47,0.8,HIGH
11.9,27.2,49.9,91.4,137.5,30.7,82.0,998.6,52.7,25.9,6.1,272.7,76.2,3,104.0,HIGH,0.92,1.7,CRITICAL
8.5,21.4,41.7,81.2,110.6,28.4,66.4,1003.0,30.9,5.6,2.2,1168.5,62.5,6,79.5,MODERATE,0.73,1.64,CRITICAL
37.2,100.2,206.1,367.9,618.6,34.0,70.6,997.1,44.6,9.4,1.0,907.5,89.3,6,105.3,HIGH,0.98,1.97,CRITICAL
1.7,4.2,9.0,16.2,23.7,34.3,51.2,1012.6,25.7,26.6,5.3,84.1,37.1,3,12.2,LOW,0.12,0.0,LOW
1.1,2.8,5.7,10.4,17.5,33.9,59.8,1013.8,19.1,21.4,5.3,143.9,46.4,5,22.9,LOW,0.17,0.0,LOW
13.9,34.7,55.6,86.6,128.7,28.2,79.9,989.3,46.1,7.7,19.5,352.7,71.3,6,98.8,HIGH,0.88,1.94,CRITICAL
39.6,103.6,217.4,380.3,682.5,33.4,78.4,997.1,41.3,4.3,5.6,261.6,86.7,8,112.7,HIGH,0.98,2.0,CRITICAL
1.9,3.8,7.4,14.1,19.5,28.4,71.6,992.3,55.7,2.8,0.8,63.3,34.6,6,86.3,MODERATE,0.68,1.53,CRITICAL
2.9,7.7,14.8,23.3,30.4,29.9,65.3,999.5,42.9,34.8,1.7,190.2,37.0,2,58.3,MODERATE,0.23,0.0,LOW
5.8,12.9,27.7,53.7,85.8,31.0,71.3,1004.3,35.9,3.4,2.4,1191.0,67.7,6,66.9,MODERATE,0.6,1.32,CRITICAL
2.2,5.9,9.9,17.5,31.1,30.8,83.4,992.7,45.5,4.2,0.8,1164.5,42.7,5,84.9,MODERATE,0.37,0.65,HIGH
0.2,0.4,0.6,1.0,1.6,31.2,66.9,997.2,38.2,6.9,5.7,326.5,33.4,5,70.0,MODERATE,0.32,0.53,MODERATE
4.4,10.9,20.3,36.0,48.4,28.3,80.7,996.5,37.1,12.6,2.9,398.3,47.2,6,83.3,MODERATE,0.61,1.09,HIGH
12.5,31.1,63.0,103.4,162.3,29.6,67.3,1006.8,29.8,30.1,10.4,110.3,76.5,2,61.7,MODERATE,0.85,1.21,CRITICAL
0.3,0.9,1.6,3.1,5.5,32.4,73.5,1005.6,27.0,7.1,3.4,529.8,36.0,7,64.6,MODERATE,0.29,0.0,MODERATE
5.0,12.5,24.3,41.1,53.6,31.6,73.1,998.9,35.6,16.1,2.9,35.5,49.9,5,72.5,MODERATE,0.67,1.08,HIGH
5.8,12.7,23.1,44.9,62.1,29.9,54.7,1006.5,30.4,3.7,0.6,109.7,52.2,6,35.4,LOW,0.66,1.32,CRITICAL
25.4,59.5,114.7,195.7,334.2,26.1,71.5,1000.4,36.5,13.2,0.9,17.2,83.7,4,82.3,MODERATE,0.98,2.03,CRITICAL
36.3,79.5,165.1,296.5,518.0,29.8,75.7,1002.7,30.1,5.5,6.9,200.2,94.5,6,107.7,HIGH,0.98,2.16,CRITICAL
0.6,1.2,1.9,3.9,6.4,34.2,52.7,1019.2,20.0,6.3,16.7,736.6,34.0,6,29.2,LOW,0.06,0.0,LOW
7.5,15.8,31.3,46.6,83.7,36.7,57.5,1016.4,22.1,10.2,2.2,1552.5,54.7,6,23.0,LOW,0.17,0.0,LOW
0.4,0.8,1.6,3.0,4.0,26.2,76.4,994.0,39.3,27.8,6.1,433.7,32.6,2,84.5,MODERATE,0.19,0.0,LOW
2.4,5.6,10.2,15.1,23.7,30.6,48.4,1012.1,43.1,26.5,3.8,534.1,36.3,3,9.8,LOW,0.07,0.0,LOW
6.1,16.0,27.6,52.5,86.3,30.6,71.4,1011.9,21.2,11.6,11.5,130.8,60.1,6,48.4,MODERATE,0.63,1.1,HIGH
2.7,7.1,10.7,18.8,31.1,32.7,71.8,995.2,52.8,4.3,1.3,294.2,48.0,6,68.3,MODERATE,0.6,1.27,CRITICAL
3.4,6.7,13.7,26.9,45.7,31.5,65.5,1012.0,20.3,7.9,3.1,521.9,44.0,4,35.2,LOW,0.33,0.54,MODERATE
0.3,0.6,1.0,2.0,3.5,30.2,57.7,1018.1,31.1,14.7,2.1,276.3,26.7,4,36.9,LOW,0.17,0.0,LOW
23.1,48.4,84.8,122.5,181.4,30.8,82.4,995.5,37.3,38.6,3.0,50.2,79.8,2,87.8,MODERATE,0.95,1.66,CRITICAL
4.4,9.2,16.0,23.7,31.3,28.6,76.8,997.2,46.7,64.1,1.4,528.2,41.4,0,75.4,MODERATE,0.08,0.0,LOW
3.5,7.0,12.9,22.7,33.7,28.8,60.5,1013.7,22.1,20.3,2.7,109.2,38.1,3,23.0,LOW,0.23,0.0,LOW
0.9,2.0,4.0,6.8,11.1,28.8,62.2,1007.3,35.7,9.8,3.7,54.1,35.1,4,28.7,LOW,0.26,0.0,LOW
1.4,3.2,6.6,9.9,13.9,35.7,68.8,1009.7,26.7,23.3,0.6,262.1,36.1,4,59.3,MODERATE,0.26,0.0,LOW
19.9,46.9,83.3,123.1,209.8,32.0,56.9,1007.9,25.0,9.4,5.1,44.5,89.9,4,58.2,MODERATE,0.98,1.86,CRITICAL
8.7,20.4,40.0,69.6,98.1,31.4,69.1,1008.3,35.7,19.7,4.6,392.2,54.7,3,82.0,MODERATE,0.74,1.07,HIGH
31.9,69.2,138.6,198.1,258.6,28.5,72.0,993.7,39.5,7.0,7.7,403.7,92.9,4,94.3,HIGH,0.98,2.01,CRITICAL
1.7,4.2,7.2,13.8,21.4,32.6,67.7,1013.9,38.7,7.6,2.2,127.7,49.2,4,23.3,LOW,0.34,0.57,MODERATE
0.6,1.6,2.5,4.8,7.9,32.7,61.4,1014.9,17.6,3.4,0.5,1283.9,44.3,6,40.6,MODERATE,0.12,0.0,LOW
5.6,12.3,26.1,48.9,72.1,31.1,73.3,1003.1,34.6,11.8,2.5,676.1,51.9,5,65.9,MODERATE,0.56,1.16,HIGH
4.8,9.4,18.6,26.2,43.9,30.9,69.2,1004.6,38.0,19.3,0.8,59.1,50.4,3,57.9,MODERATE,0.54,0.81,HIGH
1.9,4.0,7.8,11.2,17.0,31.1,70.1,992.0,44.7,30.0,3.9,539.5,42.4,3,103.8,HIGH,0.31,0.23,MODERATE
6.0,12.0,18.5,32.0,44.3,31.3,60.7,1009.4,24.9,31.9,0.5,180.5,47.0,2,46.0,MODERATE,0.31,0.1,MODERATE
2.6,5.8,12.1,24.2,32.5,28.9,68.0,1009.9,33.8,89.9,1.9,542.2,44.8,0,61.7,MODERATE,0.05,0.0,LOW
1.5,3.0,5.7,9.1,15.0,29.1,69.8,1004.5,40.2,3.7,0.6,628.1,42.5,5,55.3,MODERATE,0.34,0.63,HIGH
1.8,4.2,8.7,14.0,20.9,27.0,66.8,1014.6,38.1,14.2,0.3,77.4,45.2,5,33.7,LOW,0.35,0.61,HIGH
6.8,14.1,30.7,45.4,79.8,35.4,72.8,1002.2,34.1,15.3,11.6,427.0,52.9,3,67.4,MODERATE,0.52,0.86,HIGH
5.5,13.8,29.9,54.0,84.8,33.5,59.9,1009.8,28.1,31.4,19.7,769.6,62.1,3,52.0,MODERATE,0.17,0.0,LOW
6.0,11.5,24.2,43.2,63.7,27.4,71.4,996.3,39.9,7.6,3.1,163.4,60.9,4,81.8,MODERATE,0.81,1.68,CRITICAL
5.2,12.2,18.4,26.8,39.6,29.9,69.2,1004.8,30.0,3.3,1.3,46.8,50.3,5,67.4,MODERATE,0.73,1.5,CRITICAL
0.8,1.6,3.4,5.7,7.8,28.9,58.1,1003.5,40.0,8.8,8.8,25.5,44.8,4,21.0,LOW,0.21,0.0,LOW
18.8,35.8,55.6,100.1,159.8,34.8,75.4,1006.9,28.7,76.4,9.3,59.3,66.0,0,49.6,MODERATE,0.36,0.1,MODERATE
21.9,56.9,119.3,202.3,321.8,26.7,73.2,1001.9,35.1,43.3,7.0,16.6,93.0,3,62.2,MODERATE,0.98,1.14,CRITICAL
9.6,23.3,39.5,71.3,121.1,30.8,75.5,1003.9,32.7,11.1,3.1,165.5,69.6,5,69.8,MODERATE,0.9,1.71,CRITICAL
0.1,0.1,0.2,0.4,0.5,31.4,55.0,1012.0,30.2,39.6,0.6,150.2,40.3,3,14.4,LOW,0.06,0.0,LOW
7.1,17.3,26.4,47.8,69.0,32.2,77.7,1001.3,51.2,2.6,0.6,59.4,48.4,5,104.7,HIGH,0.91,1.8,CRITICAL
13.5,32.2,65.6,116.1,156.6,28.6,90.5,991.3,50.1,8.8,8.2,415.1,75.5,4,118.8,HIGH,0.97,2.0,CRITICAL
4.7,10.7,16.9,32.4,46.9,28.3,50.1,1019.9,17.3,25.4,7.6,1845.3,52.4,3,15.3,LOW,0.05,0.0,LOW
19.0,42.4,75.7,147.0,222.5,31.7,63.0,1016.7,27.5,6.5,2.3,893.5,84.7,6,32.0,LOW,0.94,1.96,CRITICAL
20.7,54.1,112.1,183.0,326.2,26.8,77.3,994.0,46.8,6.0,1.7,125.8,91.2,4,94.5,HIGH,0.98,2.11,CRITICAL
0.2,0.5,0.9,1.4,2.3,31.7,56.1,1010.9,21.9,37.6,3.9,573.4,35.5,1,50.5,MODERATE,0.06,0.0,LOW
26.8,59.4,89.4,169.0,285.8,33.7,74.4,1000.7,32.6,19.2,6.1,1064.7,89.0,4,112.6,HIGH,0.98,1.68,CRITICAL
6.4,13.9,24.8,37.9,55.4,26.6,70.9,1007.2,25.4,83.2,4.9,915.0,53.1,1,63.6,MODERATE,0.05,0.0,LOW
8.7,21.9,33.6,65.7,90.1,29.0,63.5,1007.5,29.7,4.6,3.6,835.4,54.2,6,30.5,LOW,0.46,0.63,HIGH
4.5,11.8,23.2,32.8,46.9,29.0,75.9,1003.0,43.4,9.9,1.2,601.7,44.0,7,70.3,MODERATE,0.5,0.89,HIGH
2.9,7.6,16.5,32.2,46.0,28.8,65.5,998.3,37.2,8.7,1.4,146.8,47.0,4,73.4,MODERATE,0.69,1.42,CRITICAL
4.7,11.9,23.2,40.7,64.8,31.7,65.7,999.1,37.3,40.2,4.8,48.2,46.8,2,67.3,MODERATE,0.4,0.18,MODERATE
1.5,4.1,6.8,12.7,18.7,29.2,75.4,997.2,54.6,7.3,6.0,269.2,46.3,5,60.0,MODERATE,0.41,0.7,HIGH
4.1,10.1,17.6,28.9,50.0,30.8,74.3,997.9,49.1,9.9,0.7,36.4,44.8,5,105.8,HIGH,0.84,1.43,CRITICAL
12.4,31.0,67.8,135.2,242.5,29.0,65.4,1004.4,36.7,4.8,1.0,2479.3,93.9,6,57.2,MODERATE,0.84,1.49,CRITICAL
0.4,1.0,1.7,2.6,3.8,30.4,77.4,998.9,36.1,28.9,4.3,183.6,31.7,2,61.8,MODERATE,0.17,0.0,LOW
0.9,1.6,3.1,4.8,8.0,33.4,66.6,1010.8,22.5,6.9,2.0,1222.7,40.7,8,42.6,MODERATE,0.1,0.0,LOW
0.4,1.0,1.8,2.6,4.3,30.6,62.8,1017.6,14.6,3.3,3.2,578.7,28.1,6,39.1,LOW,0.18,0.0,LOW
4.3,10.8,22.0,43.3,60.5,32.0,71.8,1000.1,33.3,12.3,3.6,216.3,58.7,4,79.2,MODERATE,0.73,1.22,CRITICAL
38.6,101.6,214.1,358.4,630.4,31.1,69.9,1007.0,28.1,10.9,5.5,62.8,95.7,6,73.6,MODERATE,0.98,1.97,CRITICAL
0.9,2.4,4.3,7.7,10.8,33.9,62.9,1009.2,29.5,5.5,6.0,117.9,35.2,6,26.6,LOW,0.24,0.0,LOW
1.1,2.9,5.8,10.5,17.4,30.7,75.6,1009.0,23.8,4.6,1.5,439.8,35.7,8,29.6,LOW,0.25,0.0,LOW
14.4,38.4,72.3,139.1,205.0,31.7,63.9,1005.6,27.9,42.8,3.0,688.2,92.3,1,60.1,MODERATE,0.86,0.88,CRITICAL
13.9,32.4,55.0,98.9,146.7,31.4,74.0,1011.3,22.5,3.3,0.8,1491.1,67.7,6,54.7,MODERATE,0.71,1.77,CRITICAL
0.2,0.3,0.6,1.0,1.5,31.0,65.4,1009.1,31.2,3.9,6.8,68.9,35.6,6,53.1,MODERATE,0.35,0.85,HIGH
12.9,24.5,46.1,84.2,145.8,29.9,70.0,994.5,45.8,7.1,6.8,79.4,71.0,5,81.0,MODERATE,0.95,1.93,CRITICAL
5.8,13.6,21.9,40.5,55.5,33.0,69.5,1012.4,26.2,57.0,1.5,31.5,49.0,1,60.2,MODERATE,0.23,0.0,LOW
6.3,14.1,29.2,44.1,58.6,28.6,63.2,1012.5,22.0,3.6,0.9,129.6,47.9,5,48.7,MODERATE,0.68,1.51,CRITICAL
6.7,15.2,23.5,34.4,51.7,33.4,77.9,998.5,37.7,32.5,0.6,668.9,45.2,2,75.9,MODERATE,0.31,0.1,MODERATE
37.1,82.3,128.9,186.3,247.4,26.1,74.4,1005.3,27.9,42.1,3.3,99.0,98.5,1,94.7,HIGH,0.98,1.18,CRITICAL
0.2,0.6,1.0,1.7,2.8,29.8,65.6,1010.8,23.5,10.5,0.6,316.6,39.7,6,57.9,MODERATE,0.33,0.55,MODERATE
1.8,4.0,6.4,10.8,18.2,30.2,67.0,1003.2,47.4,8.3,4.3,239.7,32.6,6,53.1,MODERATE,0.34,0.73,HIGH
2.3,5.9,10.8,19.1,33.0,33.0,66.1,1014.1,49.2,22.4,4.3,164.8,39.7,5,43.9,MODERATE,0.27,0.0,LOW
0.5,1.4,2.5,5.0,8.3,36.9,55.0,1022.0,18.3,23.8,3.6,381.0,41.6,4,8.2,LOW,0.08,0.0,LOW
24.8,57.0,114.4,182.8,321.4,25.1,77.3,998.3,54.1,29.3,7.6,280.2,94.8,4,99.5,HIGH,0.98,1.52,CRITICAL
7.4,16.6,36.0,66.8,111.8,27.8,67.1,993.3,47.6,34.0,2.0,169.9,58.8,2,95.8,HIGH,0.82,1.03,CRITICAL
0.3,0.7,1.5,2.5,4.5,25.7,68.7,1007.6,25.0,7.6,8.4,458.6,39.7,4,61.6,MODERATE,0.24,0.0,LOW
2.2,5.3,8.6,13.2,18.4,31.6,60.5,1011.1,67.0,22.9,0.4,139.8,41.4,4,55.8,MODERATE,0.33,0.34,MODERATE
4.8,10.5,22.5,39.9,61.8,31.1,78.4,1003.0,30.2,4.6,0.7,406.6,42.3,5,77.7,MODERATE,0.71,1.45,CRITICAL
10.4,20.5,36.4,72.1,129.6,36.3,61.8,1017.4,23.9,14.9,2.2,1212.9,68.6,4,27.4,LOW,0.46,0.58,MODERATE
10.0,21.2,38.9,57.3,94.0,29.4,78.8,993.6,41.4,19.1,3.5,511.1,60.2,3,100.9,HIGH,0.8,1.48,CRITICAL
5.3,10.5,18.9,32.2,56.0,34.1,66.3,1010.9,25.3,5.2,0.4,220.9,50.6,5,31.1,LOW,0.56,1.07,HIGH
9.6,20.6,34.9,49.9,65.6,31.4,67.6,999.9,41.0,3.4,3.2,538.1,46.4,5,104.6,HIGH,0.8,1.61,CRITICAL
4.7,9.9,21.0,33.5,58.2,31.6,65.0,1019.6,17.0,5.9,1.6,644.6,47.2,5,43.9,MODERATE,0.44,0.8,HIGH
2.7,6.6,11.4,20.2,33.4,29.5,65.0,1021.9,12.4,11.8,7.9,164.8,41.1,5,32.6,LOW,0.28,0.0,MODERATE
2.6,6.8,13.0,24.7,34.2,30.5,75.7,998.5,37.3,41.4,3.0,479.1,41.7,1,84.2,MODERATE,0.22,0.0,LOW
20.4,50.1,83.5,153.5,201.5,26.3,80.2,1000.3,35.5,15.7,3.4,231.5,87.4,6,100.2,HIGH,0.98,1.76,CRITICAL
5.0,13.1,26.9,45.2,64.6,34.9,59.9,1012.3,45.5,26.8,10.5,663.5,52.1,2,24.3,LOW,0.13,0.0,LOW
9.8,24.8,50.6,98.4,173.0,29.8,67.2,1001.7,43.6,5.4,5.4,148.0,84.1,4,58.4,MODERATE,0.96,2.05,CRITICAL
39.6,98.3,167.8,265.5,433.8,33.6,69.0,1004.6,32.7,4.0,2.3,1070.2,98.9,5,79.3,MODERATE,0.98,2.02,CRITICAL
11.6,25.8,51.0,94.5,166.3,29.5,70.5,1005.2,28.9,6.9,2.6,340.0,85.1,4,67.5,MODERATE,0.96,1.96,CRITICAL
21.4,46.3,92.3,155.4,236.7,29.1,79.5,988.7,57.4,8.8,4.0,180.6,96.6,4,116.4,HIGH,0.98,1.94,CRITICAL
22.2,57.2,108.3,210.0,371.3,31.2,71.3,1004.9,28.9,16.3,1.1,221.6,87.6,3,88.9,MODERATE,0.98,1.84,CRITICAL
1.5,3.9,7.5,14.2,21.7,29.8,74.7,999.1,35.3,40.4,0.6,177.4,35.9,3,64.1,MODERATE,0.2,0.0,LOW
5.1,11.5,21.8,42.4,59.4,29.0,66.9,1000.8,35.3,12.0,1.6,75.1,55.3,6,79.9,MODERATE,0.78,1.43,CRITICAL
2.6,5.0,7.8,11.9,16.3,33.3,61.4,1017.3,31.8,15.2,5.6,42.0,39.4,3,20.9,LOW,0.2,0.0,LOW
4.5,11.4,22.5,40.6,72.9,26.9,81.3,994.3,39.4,2.1,1.3,162.5,58.7,5,89.3,MODERATE,0.89,1.85,CRITICAL
8.3,17.8,32.5,59.8,87.8,28.6,63.9,1011.9,21.4,2.6,0.8,248.2,54.7,6,54.4,MODERATE,0.8,1.76,CRITICAL
12.5,23.8,43.0,79.3,109.4,33.5,76.2,1002.6,35.3,3.6,1.2,185.7,68.3,5,84.1,MODERATE,0.94,2.02,CRITICAL
8.3,21.2,44.6,76.0,99.1,32.2,64.3,1002.6,32.4,23.6,4.3,20.3,61.4,4,49.5,MODERATE,0.7,1.2,CRITICAL
28.7,66.4,100.7,141.6,204.3,31.8,65.5,1011.7,27.2,14.0,3.6,343.8,87.7,4,77.2,MODERATE,0.98,1.79,CRITICAL
1.4,3.5,5.9,9.1,15.9,35.2,60.4,1007.9,29.2,5.9,4.4,74.4,37.5,5,45.5,MODERATE,0.39,0.81,HIGH
5.5,14.4,22.9,36.4,57.1,30.7,59.1,1009.9,27.0,18.2,1.7,105.1,53.2,4,17.2,LOW,0.38,0.6,HIGH
2.7,6.3,9.6,18.4,29.8,35.1,58.8,1013.2,19.9,16.2,8.4,63.9,47.1,4,21.8,LOW,0.23,0.0,LOW
2.6,6.0,10.2,19.3,34.1,30.7,66.1,1002.2,31.5,3.7,2.4,294.3,42.5,5,56.5,MODERATE,0.52,1.06,HIGH
1.4,3.0,6.7,9.7,15.1,27.4,69.9,999.8,46.5,20.4,2.8,53.0,40.9,3,58.7,MODERATE,0.35,0.38,MODERATE
22.2,47.7,80.5,158.6,272.6,34.0,74.8,995.8,54.2,28.2,10.7,127.6,91.7,2,118.5,HIGH,0.98,1.57,CRITICAL
9.1,23.0,45.1,68.1,99.6,32.2,78.3,998.0,36.7,8.1,13.9,243.4,66.1,4,83.8,MODERATE,0.81,1.64,CRITICAL
1.6,3.5,5.6,9.2,16.5,32.7,53.4,1022.0,11.0,22.9,4.1,84.8,44.5,3,13.4,LOW,0.15,0.0,LOW
1.3,2.7,5.2,8.0,10.7,33.9,52.2,1015.6,17.0,6.0,10.4,239.6,47.0,4,21.7,LOW,0.18,0.0,LOW
2.9,5.8,12.7,24.4,40.5,28.1,83.4,993.5,46.6,27.4,3.0,174.5,43.8,2,106.4,HIGH,0.6,0.76,HIGH
4.1,9.4,15.9,29.5,48.1,31.2,73.3,993.8,48.9,45.7,1.6,763.7,55.5,0,109.4,HIGH,0.32,0.1,MODERATE
2.6,5.8,12.2,19.7,27.4,25.3,65.0,1009.1,26.9,12.5,1.6,617.0,43.1,6,55.2,MODERATE,0.3,0.0,MODERATE
20.2,48.9,107.6,194.6,290.8,28.8,67.1,1009.7,31.7,7.0,3.2,1892.7,84.5,6,85.7,MODERATE,0.97,1.96,CRITICAL
0.0,0.1,0.1,0.2,0.3,33.8,65.8,1009.7,32.6,11.2,3.6,301.0,31.8,7,55.1,MODERATE,0.24,0.0,LOW
36.3,73.1,125.5,204.5,275.6,29.8,75.7,1002.8,51.5,7.2,2.3,340.5,92.3,4,101.0,HIGH,0.98,2.01,CRITICAL
30.0,69.1,136.2,221.5,352.8,31.1,71.8,1003.9,29.0,2.0,7.8,1128.7,93.6,5,89.3,MODERATE,0.98,2.16,CRITICAL
28.2,74.0,154.7,238.6,428.8,27.7,62.0,1007.8,26.2,20.9,2.2,208.9,84.9,4,38.5,LOW,0.98,1.71,CRITICAL
5.5,11.2,18.1,34.9,55.1,35.4,78.8,1005.7,27.2,2.8,1.4,323.3,46.3,5,63.2,MODERATE,0.67,1.34,CRITICAL
45.0,110.2,200.3,361.9,569.2,31.1,84.5,986.1,62.9,6.3,0.3,196.1,87.3,4,151.4,EXTREME,0.98,2.02,CRITICAL
3.7,8.8,15.2,23.8,31.4,29.9,69.3,1003.0,42.0,25.1,12.6,315.0,39.3,3,72.6,MODERATE,0.23,0.0,LOW
0.3,0.7,1.2,1.8,2.4,28.7,79.1,997.8,41.6,21.7,6.4,47.0,26.3,5,82.8,MODERATE,0.3,0.0,MODERATE
1.7,3.3,7.0,9.9,15.4,33.5,68.6,1006.5,26.6,3.4,3.6,597.0,28.2,5,58.2,MODERATE,0.28,0.0,MODERATE
3.7,9.7,17.4,28.0,50.2,38.0,57.0,1022.0,12.6,21.4,6.5,1618.0,46.9,4,2.0,LOW,0.05,0.0,LOW
0.1,0.3,0.5,0.8,1.4,33.5,78.5,1008.1,27.0,50.0,6.1,40.8,36.6,3,41.4,MODERATE,0.06,0.0,LOW
5.9,15.2,29.3,45.9,67.5,35.7,69.3,1002.3,36.7,3.4,9.7,628.6,56.8,5,54.9,MODERATE,0.5,1.11,HIGH
0.3,0.6,1.0,1.9,3.0,29.4,60.7,1012.8,21.8,11.7,2.0,120.2,29.0,5,51.9,MODERATE,0.29,0.0,MODERATE
1.9,4.6,7.7,12.6,19.9,29.2,65.8,1009.1,23.8,25.5,3.1,98.6,33.7,3,31.4,LOW,0.17,0.0,LOW
0.6,1.5,2.8,4.5,7.4,28.2,71.0,1008.6,34.2,21.8,0.7,464.2,34.4,6,45.3,MODERATE,0.15,0.0,LOW
7.2,15.9,28.5,55.9,91.9,32.5,56.9,1010.2,25.0,6.6,12.1,32.2,60.3,4,41.4,MODERATE,0.69,1.44,CRITICAL
0.8,1.8,3.0,4.7,8.0,33.4,45.2,1022.0,14.8,5.2,15.0,251.4,42.2,6,2.0,LOW,0.09,0.0,LOW
22.4,54.3,83.5,136.8,179.5,29.0,73.2,995.4,38.3,29.6,5.7,15.5,88.0,4,88.6,MODERATE,0.96,1.62,CRITICAL
4.6,9.1,16.9,27.6,48.8,33.3,57.2,1009.0,36.2,58.3,2.4,322.2,46.6,2,51.4,MODERATE,0.11,0.0,LOW
32.5,80.8,167.4,258.5,345.1,32.7,72.7,997.1,42.1,28.3,2.7,250.6,91.8,4,100.7,HIGH,0.98,1.75,CRITICAL
4.0,7.8,16.3,24.9,38.3,27.5,67.3,1009.7,41.1,61.4,2.3,953.9,41.3,1,73.5,MODERATE,0.05,0.0,LOW
8.9,18.2,30.4,48.0,84.5,28.1,70.3,997.2,40.8,18.7,1.5,499.1,58.6,5,60.8,MODERATE,0.62,1.06,HIGH
5.8,14.1,27.1,52.0,80.3,32.2,64.2,1001.5,53.7,49.6,2.9,66.2,56.8,2,66.1,MODERATE,0.42,0.1,MODERATE
5.1,10.1,21.3,39.6,52.8,29.2,70.9,1002.5,47.7,23.1,0.5,181.4,56.5,4,66.7,MODERATE,0.58,0.85,HIGH
8.8,23.6,42.1,76.1,107.6,29.8,66.2,1013.3,25.8,45.1,17.2,1034.2,67.1,0,46.9,MODERATE,0.11,0.0,LOW
2.7,6.9,14.9,24.9,39.5,34.3,53.8,1012.8,41.1,5.2,2.2,506.0,42.0,4,19.5,LOW,0.27,0.0,LOW
18.2,43.6,92.9,158.4,212.9,26.0,81.0,994.4,41.3,32.4,9.5,357.8,86.2,2,98.8,HIGH,0.96,1.33,CRITICAL
11.4,29.1,47.9,74.8,113.1,30.0,72.2,1005.5,30.5,5.9,4.8,326.2,64.4,5,79.2,MODERATE,0.89,1.85,CRITICAL
2.1,5.4,9.1,13.1,19.2,30.7,78.1,999.0,33.9,2.5,1.5,207.9,32.5,6,76.2,MODERATE,0.57,1.17,HIGH
12.2,25.7,41.9,66.9,114.3,27.8,83.1,994.3,45.4,15.1,1.2,349.4,65.3,3,90.1,HIGH,0.89,1.5,CRITICAL
2.1,5.4,8.9,15.1,20.4,32.4,81.0,1003.2,39.5,8.9,19.4,576.2,39.9,6,101.8,HIGH,0.3,0.0,MODERATE
6.5,13.3,28.5,40.8,67.0,28.9,68.8,1002.4,41.9,2.8,5.5,66.8,55.8,7,70.1,MODERATE,0.8,1.75,CRITICAL
1.1,2.5,5.4,7.9,11.8,36.5,55.5,1022.0,11.3,72.7,1.3,1345.4,41.3,1,17.2,LOW,0.05,0.0,LOW
30.4,71.3,109.5,170.6,271.9,30.9,63.5,1008.7,28.3,21.8,0.5,119.0,90.5,4,78.8,MODERATE,0.98,1.65,CRITICAL
0.3,0.8,1.6,2.6,3.6,30.8,77.8,993.3,40.9,43.8,4.5,240.6,27.8,2,88.5,MODERATE,0.14,0.0,LOW
0.9,1.8,3.4,5.6,9.0,31.9,80.0,1000.2,41.0,120.0,1.6,23.7,31.4,0,70.6,MODERATE,0.05,0.0,LOW
0.2,0.4,0.8,1.2,1.9,30.3,54.9,1013.7,19.9,11.0,1.2,318.7,32.5,4,27.6,LOW,0.17,0.0,LOW
0.5,1.1,2.1,3.3,4.3,27.9,50.7,1022.0,28.8,7.3,4.9,197.8,39.5,5,2.0,LOW,0.14,0.0,LOW
22.0,48.0,103.8,161.6,276.8,29.7,86.1,991.5,43.3,5.7,4.3,124.2,93.1,4,122.3,HIGH,0.98,2.06,CRITICAL
24.7,62.2,100.7,145.1,251.2,28.7,86.3,989.0,46.5,15.0,2.6,1624.4,88.8,3,126.3,HIGH,0.98,1.87,CRITICAL
1.3,3.1,4.9,7.8,10.4,34.2,54.1,1020.9,26.3,18.8,10.3,227.4,49.7,5,27.3,LOW,0.14,0.0,LOW
14.6,30.5,46.4,67.0,107.4,30.6,70.2,1008.3,28.9,13.5,4.3,218.3,72.3,5,49.1,MODERATE,0.79,1.5,CRITICAL
3.8,7.6,13.4,24.3,38.9,28.6,76.1,997.6,35.1,10.8,8.1,251.3,51.9,8,89.5,MODERATE,0.61,1.02,HIGH
0.6,1.5,2.5,4.1,5.4,36.3,72.4,1009.5,28.2,5.3,1.0,61.9,40.0,4,60.0,MODERATE,0.48,1.01,HIGH
0.9,2.0,3.6,5.7,8.4,23.9,86.7,982.6,51.0,12.5,1.5,204.8,39.6,6,117.0,HIGH,0.66,1.22,CRITICAL
14.8,30.0,55.7,82.1,146.6,32.5,73.6,1005.0,61.1,3.6,0.7,170.8,77.2,7,90.2,HIGH,0.98,1.87,CRITICAL
10.8,23.3,47.3,72.6,114.6,29.6,79.5,1007.8,31.6,38.1,1.6,252.8,57.5,2,76.4,MODERATE,0.7,0.88,HIGH
5.5,11.9,21.1,32.4,57.3,30.9,65.3,1012.9,21.7,2.9,12.8,753.1,45.5,5,49.5,MODERATE,0.31,0.57,MODERATE
4.1,8.1,14.1,28.0,45.9,28.7,75.6,996.4,42.8,10.6,11.8,96.4,46.5,5,92.2,HIGH,0.64,1.14,HIGH
3.4,8.1,16.7,31.8,41.8,28.8,71.6,1005.7,27.3,3.9,5.3,370.6,47.1,7,60.9,MODERATE,0.53,1.18,HIGH
29.2,73.4,153.8,216.8,290.2,31.0,73.0,997.1,48.3,28.8,2.9,29.6,89.4,4,98.4,HIGH,0.98,1.56,CRITICAL
0.5,1.3,2.1,3.8,6.2,34.5,78.7,1007.2,45.9,8.8,5.6,159.8,38.1,5,60.9,MODERATE,0.35,0.65,HIGH
14.3,36.6,63.0,97.8,154.3,30.8,75.5,997.4,51.8,4.2,3.1,258.2,66.9,5,93.2,HIGH,0.97,1.99,CRITICAL
2.9,5.8,12.0,17.5,23.9,30.5,69.9,1001.5,34.3,15.6,0.3,44.3,44.1,3,77.2,MODERATE,0.58,1.04,HIGH
0.4,0.8,1.3,2.3,3.7,27.1,71.1,996.5,39.2,46.6,2.7,313.4,36.3,3,84.1,MODERATE,0.13,0.0,LOW
8.0,19.0,32.9,48.6,82.9,32.7,69.6,1010.5,22.0,45.1,3.5,156.2,56.9,2,64.5,MODERATE,0.43,0.1,MODERATE
2.0,5.0,9.0,15.0,25.1,37.1,67.1,1012.3,28.4,7.2,1.4,1890.3,46.5,4,57.1,MODERATE,0.09,0.0,LOW
9.0,22.2,36.2,64.4,91.7,29.5,67.6,1003.0,35.6,24.9,1.1,393.8,55.0,3,65.8,MODERATE,0.63,1.05,HIGH
8.9,22.0,35.8,62.1,88.7,29.8,71.1,1005.3,32.0,2.6,1.4,121.4,58.2,5,90.4,HIGH,0.92,2.16,CRITICAL
7.4,18.0,32.4,64.4,114.9,27.6,70.8,992.7,59.0,4.5,3.7,56.2,68.0,7,93.5,HIGH,0.95,1.78,CRITICAL
11.8,23.3,47.3,88.6,154.4,29.1,71.5,1002.5,31.5,14.5,0.9,30.8,73.2,4,66.5,MODERATE,0.95,1.89,CRITICAL
6.4,15.7,32.9,61.3,89.4,23.8,71.1,1004.6,27.9,6.7,4.8,51.2,49.6,5,68.7,MODERATE,0.82,1.56,CRITICAL
0.8,2.0,4.5,7.2,12.3,34.0,63.5,1022.0,10.6,30.8,2.2,448.1,32.6,5,23.2,LOW,0.07,0.0,LOW
12.5,33.6,52.1,73.2,101.1,27.3,72.2,995.5,39.1,50.1,1.8,748.8,62.5,0,81.8,MODERATE,0.39,0.1,MODERATE
1.2,2.9,4.8,8.8,12.4,28.4,52.2,1017.4,14.9,2.1,6.1,79.8,37.2,5,13.6,LOW,0.24,0.0,LOW
0.0,0.1,0.2,0.4,0.5,33.7,57.3,1013.5,24.3,6.8,2.8,210.5,35.1,4,23.8,LOW,0.2,0.0,LOW
11.1,25.6,48.1,79.1,106.3,28.3,59.9,1007.4,28.0,12.4,2.0,181.2,60.9,5,53.9,MODERATE,0.81,1.49,CRITICAL
2.2,5.8,10.0,19.9,34.3,31.9,63.3,1019.9,13.7,16.9,7.7,408.0,37.9,4,32.5,LOW,0.18,0.0,LOW
14.4,38.9,64.0,95.0,150.9,34.8,73.7,1008.2,35.2,46.6,1.9,91.7,77.2,0,68.3,MODERATE,0.82,0.8,CRITICAL
12.8,32.2,54.6,86.1,123.1,27.6,67.5,1008.3,25.8,42.0,7.2,1179.5,68.0,1,66.7,MODERATE,0.3,0.0,MODERATE
4.7,11.4,20.4,30.7,52.9,26.8,75.0,1004.5,37.2,20.2,2.8,510.5,52.8,5,53.2,MODERATE,0.37,0.37,MODERATE
2.3,4.6,7.5,12.6,21.5,32.8,60.9,1015.4,20.2,7.4,1.1,1194.0,37.2,6,40.5,MODERATE,0.12,0.0,LOW
1.9,4.6,10.1,19.0,25.6,34.8,60.6,1014.3,23.6,29.5,3.6,138.4,31.9,4,27.0,LOW,0.14,0.0,LOW
5.0,12.3,19.4,31.1,50.5,26.0,71.1,999.7,54.6,6.1,1.5,351.7,35.9,5,74.1,MODERATE,0.62,1.43,CRITICAL
23.5,59.3,129.8,252.4,419.2,30.2,75.9,993.8,39.2,62.4,0.9,515.8,88.0,1,111.3,HIGH,0.98,0.81,CRITICAL
9.3,18.7,39.0,67.4,111.7,31.9,62.2,1003.3,34.7,2.1,0.6,486.6,66.4,6,66.5,MODERATE,0.88,1.91,CRITICAL
1.3,3.1,5.5,9.3,15.5,24.6,75.3,998.2,49.8,17.2,1.3,23.2,38.1,5,80.5,MODERATE,0.51,0.86,HIGH
6.6,14.0,28.3,53.0,73.3,32.6,68.8,1004.5,35.0,3.7,5.0,2435.9,52.3,6,53.4,MODERATE,0.09,0.0,LOW
21.0,52.7,103.9,151.8,221.3,34.3,63.9,1015.5,19.2,11.4,6.7,1015.1,82.0,4,43.4,MODERATE,0.9,1.53,CRITICAL
7.5,15.6,25.8,48.0,82.7,29.4,72.1,1001.1,35.4,20.1,7.2,63.5,48.3,4,74.9,MODERATE,0.69,0.92,HIGH
10.5,25.6,44.5,68.8,120.3,33.8,68.0,1004.6,36.9,23.1,1.4,313.0,69.9,4,73.5,MODERATE,0.84,1.16,CRITICAL
8.6,18.3,34.1,53.5,77.0,33.6,63.8,1005.5,44.6,29.7,4.1,158.5,55.0,3,51.8,MODERATE,0.49,0.64,HIGH
1.9,3.6,7.0,12.3,16.1,31.9,63.1,1012.2,20.3,18.2,1.2,817.2,37.6,4,29.5,LOW,0.1,0.0,LOW
6.6,15.8,29.7,57.7,99.7,26.9,87.4,985.9,47.5,7.2,3.7,469.4,54.7,5,121.9,HIGH,0.92,1.96,CRITICAL
9.8,19.4,35.6,62.1,92.5,27.5,66.9,999.8,35.8,41.6,7.9,111.1,55.6,3,71.2,MODERATE,0.5,0.37,HIGH
4.3,10.5,19.1,34.1,50.0,30.8,67.5,1006.8,27.7,32.0,0.4,28.1,49.0,2,57.2,MODERATE,0.44,0.27,MODERATE
2.9,7.8,14.3,26.7,39.4,33.5,61.6,1015.2,19.4,5.1,15.1,146.1,47.3,4,2.0,LOW,0.18,0.0,LOW
9.5,25.4,45.9,71.4,107.6,29.3,68.3,1000.8,33.7,33.5,6.4,29.8,63.8,5,69.8,MODERATE,0.72,0.95,HIGH
17.8,37.1,69.8,132.3,197.1,23.0,78.3,989.0,45.4,66.8,5.3,72.9,96.1,0,121.3,HIGH,0.94,0.73,CRITICAL
1.6,4.2,8.9,14.7,23.2,34.6,65.5,1010.3,23.1,20.3,4.4,399.2,38.5,8,36.5,LOW,0.17,0.0,LOW
1.2,2.7,5.2,7.8,10.4,30.4,67.2,999.6,54.6,8.0,5.4,534.4,44.3,4,78.5,MODERATE,0.37,0.72,HIGH
3.7,9.6,19.3,31.1,55.5,28.4,78.3,994.9,39.0,18.8,18.6,254.8,51.3,3,75.1,MODERATE,0.38,0.59,MODERATE
5.6,14.1,27.0,41.8,73.9,32.1,68.3,999.7,34.6,9.5,5.4,363.5,55.9,5,52.9,MODERATE,0.6,1.27,CRITICAL
3.5,6.8,13.3,20.4,36.1,34.3,75.1,1003.4,31.3,22.3,1.8,79.4,49.6,5,73.5,MODERATE,0.54,0.71,HIGH
9.0,20.0,38.1,59.8,104.1,23.0,84.3,999.9,54.3,16.2,3.6,159.8,60.5,3,94.7,HIGH,0.89,1.65,CRITICAL
0.7,1.5,2.3,3.4,5.6,29.2,79.1,986.3,57.8,49.7,1.7,489.2,34.9,1,103.9,HIGH,0.15,0.0,LOW
3.3,8.4,18.4,33.1,46.7,28.2,65.1,1012.6,32.1,19.3,12.6,187.5,41.7,4,53.8,MODERATE,0.3,0.0,MODERATE
1.1,2.4,3.7,6.5,8.6,33.4,56.3,1015.8,17.2,6.3,8.4,178.0,42.0,4,19.0,LOW,0.19,0.0,LOW
4.5,10.9,19.4,34.7,46.8,31.8,69.3,1010.5,36.2,25.2,3.2,97.0,49.5,5,45.9,MODERATE,0.38,0.43,MODERATE
5.0,11.8,18.6,29.9,43.7,31.0,69.9,995.3,41.5,8.4,5.6,358.3,52.5,8,73.0,MODERATE,0.57,0.89,HIGH
2.6,7.0,11.0,20.5,31.8,29.2,72.3,1003.3,31.6,7.7,8.7,645.2,44.8,6,54.7,MODERATE,0.27,0.0,LOW
14.2,37.6,77.2,114.1,205.0,26.0,64.2,1004.9,34.3,10.9,1.3,255.9,95.5,5,72.3,MODERATE,0.98,1.94,CRITICAL
1.0,2.2,4.0,7.0,10.6,30.2,63.4,1010.1,36.0,2.2,3.3,61.7,34.2,8,41.6,MODERATE,0.38,0.81,HIGH
4.5,11.1,22.8,35.7,55.8,32.5,58.8,1010.7,33.6,64.6,2.6,707.5,55.3,0,55.8,MODERATE,0.07,0.0,LOW
25.1,64.4,109.0,187.0,308.2,32.4,77.6,998.8,51.4,15.7,5.5,43.1,88.0,4,69.8,MODERATE,0.98,1.78,CRITICAL
4.5,11.8,19.8,31.6,43.9,27.8,63.8,1005.7,47.7,28.7,2.0,257.5,47.1,4,71.1,MODERATE,0.41,0.31,MODERATE
12.5,24.3,40.8,76.5,135.1,33.8,68.2,1008.9,25.6,7.4,4.6,130.0,75.8,5,61.1,MODERATE,0.93,1.96,CRITICAL
0.3,0.6,1.2,2.3,3.7,30.7,57.0,1017.4,19.1,26.7,2.1,1061.5,47.6,2,19.7,LOW,0.05,0.0,LOW
3.1,6.8,14.1,25.9,37.3,32.4,63.2,1011.0,21.4,17.1,0.7,523.3,49.4,4,25.3,LOW,0.23,0.0,LOW
2.8,6.3,11.5,17.3,30.6,30.3,63.9,1011.7,37.4,11.9,0.7,332.5,48.0,4,25.0,LOW,0.29,0.0,MODERATE
0.0,0.1,0.2,0.3,0.4,31.2,64.1,1005.7,28.0,65.5,0.7,433.7,32.4,0,59.4,MODERATE,0.05,0.0,LOW
1.7,3.8,8.3,16.2,25.0,34.5,60.0,1017.0,30.9,14.3,0.4,304.1,42.7,5,32.1,LOW,0.28,0.0,MODERATE
3.2,7.8,12.4,20.5,32.7,28.1,73.4,1008.5,27.0,21.3,3.0,75.7,43.5,4,60.0,MODERATE,0.42,0.57,MODERATE
9.6,22.0,40.6,79.7,133.4,28.0,70.5,997.7,38.5,2.3,4.2,484.2,78.7,5,80.0,MODERATE,0.94,2.06,CRITICAL
10.4,25.2,45.0,73.6,101.4,32.8,64.9,1016.9,15.5,8.5,0.8,272.9,62.1,4,47.2,MODERATE,0.79,1.28,CRITICAL
0.5,1.1,1.7,3.3,5.7,37.5,71.3,1010.9,24.5,41.5,3.6,397.3,43.2,3,40.8,MODERATE,0.07,0.0,LOW
2.9,7.6,12.9,25.2,44.8,28.0,67.4,1001.2,48.8,27.6,3.5,32.6,40.8,3,66.1,MODERATE,0.43,0.34,MODERATE
4.1,10.8,16.4,29.4,46.6,35.2,64.5,1000.9,31.8,15.9,0.9,73.2,54.8,3,61.6,MODERATE,0.63,1.17,HIGH
3.8,9.0,19.1,26.8,44.0,36.0,68.0,1007.5,29.0,43.5,2.1,353.2,42.8,2,52.0,MODERATE,0.17,0.0,LOW
7.4,19.2,37.0,60.7,105.0,31.0,62.7,1008.9,23.6,14.0,5.2,248.7,68.2,5,64.8,MODERATE,0.81,1.54,CRITICAL
4.6,9.3,19.2,37.5,55.7,30.2,76.5,1006.7,29.4,17.0,0.4,112.8,46.0,3,49.7,MODERATE,0.55,0.93,HIGH
0.2,0.4,0.8,1.5,2.7,29.3,66.6,1007.6,26.2,10.7,0.9,119.7,38.8,5,25.6,LOW,0.24,0.0,LOW
1.3,2.6,5.1,7.6,12.5,32.5,53.0,1019.4,14.9,19.4,19.5,394.5,33.6,4,2.0,LOW,0.05,0.0,LOW
5.6,12.6,25.0,41.0,62.0,28.4,55.5,1014.1,34.9,8.9,4.9,38.1,57.2,8,42.1,MODERATE,0.63,1.09,HIGH
5.2,11.3,24.0,45.7,74.9,30.7,72.7,1006.6,30.3,10.8,2.5,231.5,59.8,4,60.7,MODERATE,0.73,1.26,CRITICAL
3.1,7.2,11.3,19.8,30.9,35.5,59.3,1013.0,21.8,63.0,3.8,296.4,40.5,0,14.5,LOW,0.05,0.0,LOW
1.8,3.8,6.5,12.5,16.9,28.0,75.7,996.2,43.5,4.1,6.9,155.0,42.5,5,85.2,MODERATE,0.58,1.24,CRITICAL
1.6,3.9,7.8,14.8,25.1,30.5,70.6,1008.4,25.2,4.0,6.8,667.8,46.6,6,48.8,MODERATE,0.27,0.0,LOW
0.3,0.6,1.3,2.6,4.0,28.5,53.9,1020.4,14.1,2.8,1.7,37.2,31.5,8,17.8,LOW,0.26,0.0,LOW
4.2,10.8,23.6,34.8,59.0,31.4,69.8,1003.1,35.6,8.9,2.7,778.2,46.1,6,75.9,MODERATE,0.52,1.09,HIGH
24.5,59.0,114.8,170.7,235.1,30.4,74.2,997.8,36.9,11.1,3.9,503.2,84.6,6,127.4,HIGH,0.98,1.89,CRITICAL
6.9,14.3,23.4,33.9,53.2,30.1,76.3,999.5,42.1,3.8,0.6,239.6,43.6,7,68.2,MODERATE,0.7,1.46,CRITICAL
2.3,4.9,7.7,15.2,25.5,28.9,78.8,995.7,42.3,16.3,10.5,996.6,36.6,3,65.6,MODERATE,0.12,0.0,LOW
2.8,7.1,15.4,26.0,46.6,29.0,72.7,998.3,46.0,17.8,2.3,475.4,52.4,4,86.4,MODERATE,0.57,0.81,HIGH
3.9,8.5,15.4,22.1,38.5,31.5,71.3,1001.9,54.3,27.0,1.9,1031.2,48.4,4,86.8,MODERATE,0.25,0.0,LOW
10.4,24.2,39.5,63.0,109.1,29.0,76.2,993.1,40.6,69.1,8.6,258.1,56.5,0,80.8,MODERATE,0.29,0.0,MODERATE
3.2,7.6,16.4,26.5,37.7,31.5,61.0,1005.1,30.5,19.4,0.7,244.2,42.8,5,36.3,LOW,0.31,0.24,MODERATE
2.2,4.8,7.5,14.1,24.2,32.3,63.7,1012.7,22.6,4.1,0.4,302.5,35.9,5,42.2,MODERATE,0.39,0.79,HIGH
9.3,19.9,40.0,73.6,101.9,32.4,84.1,997.3,36.6,3.7,4.3,40.7,67.3,8,114.8,HIGH,0.96,1.95,CRITICAL
0.4,1.0,1.9,3.4,4.7,34.1,53.8,1017.9,27.5,29.1,2.0,923.7,34.1,3,8.9,LOW,0.05,0.0,LOW
0.4,0.8,1.2,1.7,2.3,31.8,61.2,1009.3,34.4,20.9,5.4,433.7,27.9,5,44.4,MODERATE,0.11,0.0,LOW
0.1,0.2,0.3,0.5,0.9,35.7,57.2,1013.8,23.7,5.2,0.5,380.3,36.1,4,5.6,LOW,0.14,0.0,LOW
2.7,5.3,8.5,13.0,17.6,31.0,76.6,999.4,39.3,7.3,2.0,1006.8,42.9,6,76.4,MODERATE,0.28,0.0,MODERATE
0.5,1.0,1.9,3.3,4.5,34.9,65.0,1012.3,20.4,27.0,1.2,1936.8,31.5,3,36.7,LOW,0.05,0.0,LOW
4.1,8.7,16.0,23.1,32.8,30.9,75.1,995.7,43.4,17.0,5.0,82.8,42.7,5,103.6,HIGH,0.66,1.27,CRITICAL
5.0,13.3,19.9,28.9,45.9,27.1,57.9,1012.6,32.2,17.8,1.2,540.3,43.1,5,29.8,LOW,0.24,0.0,LOW
8.0,19.1,41.7,58.6,101.9,34.1,67.8,1006.5,32.7,6.2,2.4,344.6,69.2,4,69.0,MODERATE,0.86,1.73,CRITICAL
3.6,9.0,15.7,27.3,41.2,31.7,57.0,1009.7,25.0,19.9,6.3,249.9,44.2,3,29.3,LOW,0.23,0.0,LOW
19.9,38.6,64.9,115.3,181.4,29.2,77.2,995.0,46.4,28.5,8.9,1458.7,81.3,4,101.7,HIGH,0.78,1.17,CRITICAL
3.4,6.7,11.2,16.0,22.1,30.3,78.9,997.4,38.8,41.0,4.8,736.6,40.8,2,109.8,HIGH,0.2,0.0,LOW
8.5,21.6,34.9,54.9,78.6,30.5,58.2,1010.1,28.5,26.0,2.3,468.4,55.6,3,66.2,MODERATE,0.53,0.72,HIGH
4.2,10.1,22.1,42.3,57.8,30.2,67.3,996.9,41.0,17.5,3.3,198.3,54.3,4,99.3,HIGH,0.76,1.32,CRITICAL
3.5,7.2,12.3,18.0,27.1,29.7,73.3,1008.9,27.2,22.1,4.4,431.8,48.5,5,61.0,MODERATE,0.28,0.0,MODERATE
5.4,11.9,21.2,32.5,51.8,32.3,74.7,993.4,49.4,13.9,7.6,303.3,55.4,5,90.0,HIGH,0.64,1.2,CRITICAL
0.5,1.3,2.7,4.5,6.5,31.4,68.5,1012.2,37.2,6.6,8.0,124.0,34.9,7,50.2,MODERATE,0.29,0.0,MODERATE
38.3,98.5,192.0,365.9,630.4,28.3,76.1,994.5,38.1,40.5,9.7,242.4,91.5,1,124.4,HIGH,0.98,1.27,CRITICAL
0.8,1.5,2.6,4.0,7.1,29.0,64.0,1009.7,44.3,15.7,6.1,105.6,44.4,4,53.4,MODERATE,0.29,0.0,MODERATE
2.2,5.3,11.3,22.6,30.7,32.1,66.5,1010.3,27.7,18.2,0.9,278.7,51.1,6,38.0,LOW,0.32,0.34,MODERATE
3.1,7.7,15.6,25.1,32.8,30.3,68.8,999.1,43.1,85.1,5.1,499.1,39.7,2,64.5,MODERATE,0.05,0.0,LOW
0.4,1.1,1.8,2.9,5.0,32.3,65.2,1009.9,37.8,77.6,6.2,29.2,39.3,2,40.4,MODERATE,0.05,0.0,LOW
0.9,2.4,4.7,6.9,9.6,28.4,64.9,1007.2,30.2,17.9,7.7,565.9,39.8,3,62.8,MODERATE,0.17,0.0,LOW
0.3,0.7,1.5,2.7,4.0,26.1,65.6,1000.4,46.5,2.6,9.4,22.7,40.7,7,80.7,MODERATE,0.52,1.02,HIGH
3.5,8.6,15.9,24.6,36.9,31.1,77.0,996.4,37.7,11.1,2.8,291.8,51.4,4,123.2,HIGH,0.8,1.48,CRITICAL
24.9,62.6,126.0,224.0,393.9,32.1,80.5,988.3,45.8,51.8,4.0,338.8,84.8,1,128.7,HIGH,0.98,1.17,CRITICAL
2.3,5.8,12.7,19.4,31.6,28.5,65.4,1008.0,32.9,8.1,0.3,559.3,40.2,4,41.7,MODERATE,0.32,0.48,MODERATE
1.4,3.5,6.9,11.3,14.9,32.8,73.1,991.7,57.3,120.0,3.3,558.9,43.6,1,87.4,MODERATE,0.05,0.0,LOW
8.3,21.7,34.1,65.2,85.2,31.5,75.8,1005.8,44.4,3.6,2.5,220.3,59.2,5,72.4,MODERATE,0.85,1.86,CRITICAL
47.6,94.2,157.5,290.3,406.4,30.4,74.7,1002.8,37.9,17.1,11.8,41.1,78.9,5,119.9,HIGH,0.98,1.97,CRITICAL
1.5,3.0,5.7,8.5,12.4,30.5,68.8,1010.8,27.4,15.0,8.4,464.4,30.1,3,56.0,MODERATE,0.17,0.0,LOW
2.4,6.2,10.5,18.5,28.5,26.9,69.0,1002.4,33.2,7.3,5.9,286.8,46.1,4,48.4,MODERATE,0.38,0.66,HIGH
22.2,46.7,101.4,180.3,309.9,32.8,62.1,1002.2,61.5,55.4,0.5,168.9,94.2,0,80.0,MODERATE,0.98,0.82,CRITICAL
1.3,2.5,4.4,6.4,9.3,29.6,73.3,1011.2,24.1,19.4,2.1,116.7,30.8,3,32.1,LOW,0.18,0.0,LOW
4.1,9.2,16.7,28.0,41.7,29.1,66.0,1007.8,35.4,6.7,4.5,63.5,52.0,6,61.0,MODERATE,0.64,1.18,HIGH
1.4,3.6,7.3,11.3,16.5,33.5,62.6,1007.7,30.7,10.7,0.4,147.9,38.6,4,39.0,LOW,0.34,0.58,MODERATE
15.6,31.3,58.4,98.1,127.9,26.5,67.4,1009.0,30.8,25.0,1.2,248.1,65.1,5,52.5,MODERATE,0.78,1.4,CRITICAL
49.5,120.6,213.2,397.9,707.3,25.1,84.7,991.9,44.7,8.4,7.9,261.7,87.2,5,119.1,HIGH,0.98,2.05,CRITICAL
7.7,14.6,22.7,33.9,46.5,31.5,63.3,1011.4,47.6,40.1,0.8,347.1,41.7,2,59.8,MODERATE,0.23,0.0,LOW
2.3,4.6,8.9,13.1,18.9,32.1,70.8,1010.2,28.8,5.3,0.5,186.1,37.1,5,65.7,MODERATE,0.53,0.99,HIGH
5.6,12.2,25.6,40.0,54.6,30.7,80.8,996.4,58.4,7.5,3.3,974.3,40.7,6,88.0,MODERATE,0.47,0.76,HIGH
1.8,3.6,7.1,14.0,21.6,29.6,64.8,1002.9,29.6,4.8,10.5,275.3,40.6,5,55.5,MODERATE,0.33,0.61,HIGH
14.0,36.1,63.7,117.8,208.1,37.0,65.4,1004.7,34.5,4.0,6.6,224.4,92.9,6,62.2,MODERATE,0.98,2.01,CRITICAL
19.9,51.4,81.8,115.4,155.9,30.0,74.2,1003.9,38.7,8.4,13.2,33.8,71.1,6,82.1,MODERATE,0.95,1.84,CRITICAL
1.8,4.6,9.5,15.6,23.8,30.5,52.7,1007.8,35.4,120.0,5.2,362.3,41.6,0,29.2,LOW,0.05,0.0,LOW
2.6,5.5,11.8,18.4,24.1,30.3,58.1,1017.2,33.8,3.8,2.3,365.9,37.6,5,15.2,LOW,0.24,0.0,LOW
0.4,1.0,1.7,3.1,5.2,32.2,54.1,1014.2,18.0,6.3,10.6,347.6,39.8,5,39.5,LOW,0.18,0.0,LOW
5.9,12.0,24.1,40.4,65.5,30.7,75.0,993.8,38.8,7.7,2.2,845.6,41.4,4,57.2,MODERATE,0.42,0.73,HIGH
4.7,10.0,17.8,35.3,58.2,34.4,62.8,1010.3,27.1,19.4,1.8,561.9,54.6,4,50.5,MODERATE,0.4,0.49,MODERATE
1.2,2.9,5.3,8.2,12.6,28.5,57.7,1016.3,16.1,26.6,2.4,782.8,29.4,2,26.7,LOW,0.05,0.0,LOW
2.3,5.7,11.9,20.8,36.5,30.5,63.1,1008.3,53.4,27.1,6.2,38.3,44.0,2,74.4,MODERATE,0.42,0.34,MODERATE
0.0,0.0,0.0,0.0,0.0,33.1,55.7,1014.3,19.9,2.2,9.0,160.5,31.5,5,22.0,LOW,0.17,0.0,LOW
4.8,10.3,19.3,36.6,57.0,34.5,66.5,1022.0,15.1,21.0,1.8,160.8,48.9,4,20.2,LOW,0.33,0.15,MODERATE
12.0,31.8,52.4,86.2,142.1,31.9,70.9,1013.7,19.0,19.9,2.5,421.7,66.4,3,42.2,MODERATE,0.78,1.45,CRITICAL
17.5,39.4,68.4,123.9,193.4,32.3,61.0,1007.1,31.1,15.1,8.3,241.2,96.5,3,63.8,MODERATE,0.96,1.77,CRITICAL
6.5,17.3,33.8,53.5,74.6,29.9,69.4,1013.9,22.1,10.6,0.5,586.0,49.1,4,37.4,LOW,0.48,0.94,HIGH
4.8,12.9,19.6,32.6,47.5,34.7,65.5,1006.2,26.5,30.7,5.7,199.4,42.0,2,41.3,MODERATE,0.23,0.0,LOW
2.2,5.0,9.6,18.5,24.9,33.2,69.0,1005.2,30.4,9.6,2.4,110.2,50.8,4,49.7,MODERATE,0.48,0.95,HIGH
56.6,120.6,204.8,403.5,611.8,26.9,70.6,1002.0,34.4,6.7,2.0,145.7,91.6,4,95.8,HIGH,0.98,2.01,CRITICAL
1.4,3.6,7.1,13.0,20.8,29.8,54.7,1018.3,50.6,8.7,2.4,91.6,34.5,4,15.3,LOW,0.25,0.0,LOW
11.6,23.4,37.5,60.9,82.8,27.1,79.0,998.0,36.4,12.4,2.2,98.8,57.1,5,89.9,MODERATE,0.86,1.75,CRITICAL
2.7,5.8,11.6,22.0,35.6,34.2,58.8,1018.0,20.4,6.3,5.2,107.9,43.6,5,21.4,LOW,0.35,0.65,HIGH
9.2,23.1,45.2,63.9,111.6,28.0,62.8,1009.2,58.0,18.8,9.5,21.2,57.3,5,66.6,MODERATE,0.78,1.47,CRITICAL
0.1,0.2,0.5,0.7,1.0,28.2,71.5,993.1,52.1,40.8,2.7,493.5,31.5,1,88.2,MODERATE,0.13,0.0,LOW
1.2,2.5,5.4,9.7,13.7,32.2,61.6,1008.1,64.3,18.3,6.6,208.9,38.6,3,41.0,MODERATE,0.19,0.0,LOW
12.6,30.6,52.0,81.8,142.9,28.1,74.5,987.1,73.3,12.7,4.9,23.7,80.6,5,91.1,HIGH,0.96,1.82,CRITICAL
11.2,27.9,42.4,83.5,137.4,32.1,64.4,1010.3,27.3,30.7,1.7,190.6,71.8,2,39.6,LOW,0.75,1.13,CRITICAL
3.6,7.2,14.1,23.5,31.7,29.0,56.6,1012.5,29.2,26.8,3.4,910.9,43.2,5,43.2,MODERATE,0.1,0.0,LOW
4.4,9.4,18.1,30.0,45.1,31.5,71.2,1000.0,33.5,10.2,4.1,287.0,43.3,4,81.0,MODERATE,0.61,1.22,CRITICAL
3.4,7.2,10.9,19.6,32.2,29.3,74.5,1006.1,31.0,18.7,0.4,1658.1,49.3,4,75.3,MODERATE,0.13,0.0,LOW
2.8,6.2,9.9,18.4,29.2,32.1,61.3,1021.6,23.6,25.6,2.1,310.0,47.6,2,31.3,LOW,0.2,0.0,LOW
11.2,28.1,53.6,90.4,145.5,30.7,71.8,1000.7,37.4,7.1,17.5,1265.7,79.0,5,92.2,HIGH,0.75,1.53,CRITICAL
9.2,22.8,48.7,74.4,117.8,29.7,75.2,996.0,46.3,10.2,3.8,100.7,68.0,4,96.3,HIGH,0.94,1.79,CRITICAL
1.4,3.5,7.4,13.7,23.3,32.5,67.9,1017.6,25.5,4.0,1.7,145.1,33.4,6,55.9,MODERATE,0.49,0.94,HIGH
3.8,7.3,11.7,18.7,27.3,31.1,57.9,1021.7,12.7,81.1,1.3,472.5,47.9,1,18.3,LOW,0.05,0.0,LOW
5.2,10.5,18.6,28.0,46.3,29.9,66.9,1005.0,44.0,3.6,1.1,1660.1,48.0,6,86.7,MODERATE,0.3,0.0,MODERATE
4.0,8.2,12.6,22.5,40.3,31.9,54.6,1013.6,23.5,5.3,2.1,678.0,44.5,6,21.3,LOW,0.24,0.0,LOW
0.8,1.6,3.0,4.3,6.5,28.8,61.4,1016.4,17.6,13.8,1.1,321.6,39.0,5,19.0,LOW,0.16,0.0,LOW
4.1,8.3,16.8,33.3,56.5,28.7,77.7,998.7,49.9,38.1,0.8,48.8,51.7,2,83.0,MODERATE,0.54,0.53,HIGH
15.9,35.5,72.9,129.7,184.6,31.1,68.6,1000.9,35.9,9.9,1.9,187.2,80.4,7,77.4,MODERATE,0.98,2.01,CRITICAL
0.2,0.3,0.6,1.3,1.8,28.9,61.7,1015.5,27.8,28.3,3.6,49.3,33.9,2,27.4,LOW,0.11,0.0,LOW
1.1,2.7,4.2,6.8,12.0,35.5,55.3,1019.3,19.1,22.3,0.9,156.7,28.8,3,23.0,LOW,0.14,0.0,LOW
3.3,8.3,14.6,29.0,38.1,34.5,63.8,1009.8,26.3,20.3,0.5,128.8,45.9,4,44.2,MODERATE,0.4,0.44,MODERATE
10.0,23.5,50.7,75.4,106.2,26.5,62.0,997.5,48.3,35.6,0.4,201.9,70.9,1,69.2,MODERATE,0.74,0.8,HIGH
0.3,0.6,1.0,1.4,2.1,36.4,54.0,1021.9,17.1,2.3,1.4,705.0,26.6,7,4.8,LOW,0.09,0.0,LOW
2.3,6.0,10.3,14.6,22.0,29.7,77.0,1000.5,36.0,49.7,1.0,76.9,41.7,1,91.1,HIGH,0.27,0.0,LOW
18.8,50.4,101.9,171.1,276.2,31.3,67.6,1002.2,31.2,33.8,3.0,153.8,93.3,2,82.3,MODERATE,0.98,1.7,CRITICAL
5.0,10.2,20.6,29.8,41.7,29.8,66.5,1007.9,42.5,52.0,2.4,130.0,50.5,3,36.7,LOW,0.13,0.0,LOW
0.2,0.4,0.9,1.5,2.0,34.8,54.2,1018.2,14.2,30.4,1.7,148.4,31.8,3,33.2,LOW,0.11,0.0,LOW
1.0,2.5,4.5,7.2,10.7,32.7,64.6,1012.3,35.9,40.0,6.6,185.0,32.4,3,48.0,MODERATE,0.09,0.0,LOW
36.4,84.8,157.8,252.6,394.7,29.1,64.6,1008.5,27.3,6.1,2.8,121.4,87.1,4,83.2,MODERATE,0.98,2.0,CRITICAL
1.0,2.2,3.9,7.0,11.1,28.3,60.7,1008.9,31.5,8.9,0.6,1100.8,44.0,4,54.3,MODERATE,0.16,0.0,LOW
7.4,17.0,36.5,54.6,87.4,27.1,74.9,1005.4,47.4,8.8,1.5,222.1,50.5,6,85.2,MODERATE,0.85,1.55,CRITICAL
3.3,7.5,15.4,28.6,45.1,31.8,69.4,1009.7,23.9,4.1,13.0,61.0,41.3,7,39.1,LOW,0.4,0.93,HIGH
29.8,66.2,137.8,241.0,342.9,29.2,82.6,983.5,56.1,25.5,13.5,254.6,87.7,4,125.4,HIGH,0.98,1.75,CRITICAL
11.4,30.3,48.2,94.0,158.1,32.0,73.0,1002.5,41.5,4.6,1.3,92.5,73.6,5,108.1,HIGH,0.98,2.03,CRITICAL
6.0,14.9,30.7,49.6,66.7,30.7,69.6,1007.1,36.6,3.0,0.9,107.5,53.1,5,52.9,MODERATE,0.76,1.72,CRITICAL
0.1,0.2,0.4,0.9,1.2,26.5,79.5,995.2,43.4,28.9,2.7,142.5,42.4,3,92.8,HIGH,0.35,0.1,MODERATE
8.8,20.8,31.5,55.0,91.9,29.4,57.4,1008.3,31.9,44.3,2.6,65.6,54.3,1,67.2,MODERATE,0.53,0.26,HIGH
4.9,12.0,18.5,36.7,52.8,33.3,74.9,1003.3,40.5,28.0,2.1,500.2,48.8,4,67.9,MODERATE,0.37,0.27,MODERATE
3.0,6.0,11.8,16.8,25.9,31.5,53.8,1019.9,26.8,33.4,2.9,611.6,42.1,5,13.2,LOW,0.06,0.0,LOW
1.3,2.8,4.8,8.9,13.0,32.9,56.1,1018.4,25.2,18.3,1.2,205.5,36.9,4,31.9,LOW,0.2,0.0,LOW
12.5,32.8,69.2,130.8,203.3,27.5,84.9,1001.0,34.9,41.4,0.7,458.8,82.1,1,95.1,HIGH,0.95,1.32,CRITICAL
0.5,1.3,2.6,3.7,5.4,31.3,71.1,1003.7,74.5,14.4,3.3,202.2,33.3,4,80.9,MODERATE,0.39,0.52,MODERATE
9.1,18.9,28.7,50.2,90.1,29.5,67.1,1004.4,32.6,82.1,9.7,83.1,56.6,0,62.6,MODERATE,0.12,0.0,LOW
2.5,5.1,10.1,18.9,28.0,32.8,60.6,1001.2,31.5,4.0,0.8,207.3,45.9,8,51.0,MODERATE,0.53,1.21,CRITICAL
3.2,7.5,12.3,21.3,34.4,32.8,74.2,1006.7,29.3,31.8,4.6,324.4,46.5,2,57.7,MODERATE,0.23,0.0,LOW
1.0,2.3,4.2,6.0,10.4,28.6,66.9,998.6,35.1,20.5,2.3,30.9,30.1,3,82.5,MODERATE,0.41,0.61,HIGH
1.5,3.2,6.2,11.2,18.1,29.1,71.2,995.4,38.3,17.6,1.5,418.8,38.1,6,75.6,MODERATE,0.35,0.4,MODERATE
1.0,2.3,4.9,7.0,11.1,30.0,62.7,1010.3,24.6,25.3,7.0,530.7,35.5,4,45.9,MODERATE,0.1,0.0,LOW
2.5,4.8,8.8,16.7,26.4,27.9,71.3,1010.4,22.4,35.0,2.4,762.0,52.0,3,38.0,LOW,0.09,0.0,LOW
22.0,44.3,91.6,130.6,202.3,27.6,77.8,998.2,43.7,37.8,3.4,56.2,91.5,2,121.6,HIGH,0.98,1.53,CRITICAL
1.8,4.3,8.8,13.1,22.3,32.2,61.7,1012.6,20.2,5.5,2.3,15.0,35.8,5,39.1,LOW,0.43,0.79,HIGH
11.5,22.5,40.3,63.0,83.5,30.8,74.3,999.6,34.7,6.0,0.6,43.9,54.1,4,84.8,MODERATE,0.89,1.87,CRITICAL
0.5,1.2,2.3,4.1,7.1,31.3,63.8,1007.2,26.0,2.3,3.5,994.9,35.1,6,58.5,MODERATE,0.18,0.0,LOW
4.0,8.1,16.2,32.1,51.2,30.9,63.7,1012.0,20.8,4.5,2.2,566.2,50.9,6,34.1,LOW,0.41,0.63,HIGH
4.6,11.2,17.0,25.0,43.2,33.0,69.1,1004.7,30.2,7.5,0.6,700.7,49.3,4,75.9,MODERATE,0.53,0.91,HIGH
24.2,53.5,113.6,168.8,220.4,31.4,70.3,1008.9,30.2,25.0,3.5,291.6,91.0,6,52.3,MODERATE,0.96,1.71,CRITICAL
17.2,38.3,78.0,126.5,219.4,31.8,76.9,1000.6,58.6,13.6,0.3,299.3,89.0,5,86.9,MODERATE,0.98,1.88,CRITICAL
4.8,11.9,20.0,38.0,51.7,26.0,72.3,1003.3,45.8,27.5,1.1,149.7,48.5,3,62.4,MODERATE,0.47,0.59,MODERATE
10.6,24.3,53.2,89.5,148.5,20.6,68.1,1003.3,45.9,14.0,5.6,718.0,75.2,5,49.8,MODERATE,0.79,1.57,CRITICAL
2.1,5.2,8.4,13.3,20.1,30.5,77.3,998.7,35.4,16.6,0.4,687.8,31.6,3,73.2,MODERATE,0.27,0.0,LOW
6.0,13.8,29.5,51.3,84.2,26.9,69.3,1003.5,31.4,4.1,3.9,204.2,57.8,7,64.4,MODERATE,0.81,1.86,CRITICAL
0.8,1.9,3.3,5.2,8.3,28.4,73.6,991.8,41.5,29.0,10.8,166.8,34.4,2,75.0,MODERATE,0.18,0.0,LOW
3.4,8.5,17.2,28.3,39.1,29.4,69.8,1000.8,43.7,27.5,1.0,524.5,37.5,5,57.2,MODERATE,0.24,0.0,LOW
2.0,4.7,8.6,13.7,21.4,34.3,70.9,1002.6,30.4,8.6,2.2,25.1,53.0,4,65.3,MODERATE,0.6,1.24,CRITICAL
10.6,25.5,51.3,96.6,139.0,31.4,74.8,1002.8,36.1,9.2,3.3,762.0,74.8,4,76.3,MODERATE,0.88,1.76,CRITICAL
5.0,12.5,20.2,39.5,62.4,30.8,69.2,1002.9,31.8,6.5,2.4,239.6,52.2,6,62.4,MODERATE,0.7,1.42,CRITICAL
8.2,21.8,36.9,68.4,114.2,32.7,62.9,1004.5,30.2,32.3,3.7,236.2,64.6,3,44.3,MODERATE,0.6,0.71,HIGH
3.9,8.7,13.6,22.7,30.4,32.2,65.6,1009.1,60.7,26.7,2.1,435.2,47.0,5,54.1,MODERATE,0.24,0.0,LOW
0.4,0.9,1.9,3.3,5.2,30.6,63.2,1012.4,31.1,18.9,0.9,409.3,30.6,4,31.1,LOW,0.13,0.0,LOW
11.8,23.3,39.8,58.7,94.4,32.6,73.8,999.5,47.5,6.9,0.6,132.5,59.4,5,85.7,MODERATE,0.91,1.82,CRITICAL
20.1,43.9,87.1,161.0,233.0,26.5,81.3,994.8,44.6,5.4,5.1,1105.4,85.2,6,99.7,HIGH,0.98,2.01,CRITICAL
25.3,56.4,116.9,205.5,365.0,30.3,80.7,996.1,52.8,2.9,1.3,1646.2,93.6,6,109.8,HIGH,0.98,2.22,CRITICAL
6.5,16.8,35.8,69.6,108.6,26.2,68.8,1000.9,39.9,2.8,6.9,298.7,60.7,7,57.0,MODERATE,0.82,1.59,CRITICAL
10.2,23.6,37.2,56.5,78.7,30.8,67.8,1002.0,53.8,5.7,5.1,328.2,62.1,5,59.5,MODERATE,0.73,1.44,CRITICAL
11.4,28.2,60.0,111.4,150.8,30.3,68.5,998.5,36.7,3.9,0.5,322.1,76.0,5,86.3,MODERATE,0.97,2.02,CRITICAL
1.9,3.7,6.0,10.8,17.0,33.4,80.8,994.0,45.9,16.6,1.1,267.7,43.6,3,102.8,HIGH,0.58,0.92,HIGH
1.7,3.9,7.8,12.1,18.0,26.2,78.9,1001.1,40.7,10.0,1.5,1118.5,42.0,4,73.3,MODERATE,0.22,0.0,LOW
0.4,1.2,2.3,4.2,5.8,29.4,65.7,1006.5,29.8,12.6,3.5,121.7,41.9,6,51.7,MODERATE,0.32,0.32,MODERATE
1.9,3.9,5.8,11.4,15.0,33.4,63.3,1010.1,39.2,18.2,6.1,58.4,34.5,5,41.4,MODERATE,0.23,0.0,LOW
6.3,12.1,20.0,39.0,61.7,30.9,79.6,1000.3,63.4,21.4,0.5,1023.1,56.5,3,103.1,HIGH,0.53,0.83,HIGH
52.3,117.6,216.8,397.1,635.1,30.7,73.8,1001.5,36.4,20.8,1.3,106.0,80.7,5,108.4,HIGH,0.98,1.81,CRITICAL
5.6,13.8,24.8,35.4,48.5,27.2,77.0,997.1,39.4,7.4,2.0,540.5,48.6,4,80.0,MODERATE,0.61,1.17,HIGH
7.6,17.1,36.7,70.5,112.9,29.2,62.8,1004.7,32.8,31.9,1.0,101.6,63.3,3,69.6,MODERATE,0.78,1.01,CRITICAL
11.7,26.6,46.6,83.7,148.7,32.8,77.7,997.8,50.1,47.0,3.1,1239.9,68.9,1,84.0,MODERATE,0.49,0.11,MODERATE
1.0,2.4,5.1,8.2,14.6,31.2,60.0,1009.9,30.7,8.8,2.6,610.1,34.5,5,42.6,MODERATE,0.2,0.0,LOW
0.7,1.4,2.6,3.9,6.7,29.6,74.9,989.8,43.3,2.3,1.6,968.7,33.7,6,80.7,MODERATE,0.29,0.0,MODERATE
6.0,14.9,32.5,47.8,81.3,30.0,69.2,1001.9,36.8,43.3,2.8,1160.9,56.4,1,77.6,MODERATE,0.21,0.0,LOW
6.5,13.1,26.5,37.9,53.2,28.1,63.6,1007.6,24.9,48.3,1.8,48.5,47.0,1,60.0,MODERATE,0.28,0.0,MODERATE
38.5,85.4,177.7,329.2,453.7,33.2,66.2,1006.6,37.8,2.9,1.8,230.9,90.4,8,68.3,MODERATE,0.98,2.05,CRITICAL
0.4,1.0,1.5,2.4,3.6,34.3,47.8,1022.0,13.2,2.1,1.4,411.9,31.8,7,2.0,LOW,0.13,0.0,LOW
15.1,38.6,73.7,104.2,167.8,36.9,71.0,1008.0,29.5,32.5,3.0,631.3,78.8,3,70.7,MODERATE,0.84,1.17,CRITICAL
5.2,13.2,21.0,34.5,59.5,27.0,80.9,996.5,48.9,8.5,2.4,120.0,49.9,7,117.1,HIGH,0.88,1.79,CRITICAL
6.2,15.5,26.4,44.7,63.2,32.6,59.4,1004.2,28.6,46.3,1.1,950.0,53.3,2,64.4,MODERATE,0.15,0.0,LOW
11.8,25.8,50.0,75.1,115.6,25.3,85.4,989.9,44.2,6.4,0.3,109.9,71.0,6,109.9,HIGH,0.97,2.05,CRITICAL
0.3,0.7,1.4,2.0,3.2,31.0,65.0,1004.3,32.1,37.5,0.9,779.3,40.1,1,44.8,MODERATE,0.06,0.0,LOW
0.8,1.7,2.6,3.9,6.0,32.2,78.4,997.9,36.7,3.3,0.5,288.2,37.8,7,66.5,MODERATE,0.46,1.0,HIGH
0.1,0.2,0.4,0.7,1.1,26.6,62.0,1012.8,22.7,7.4,2.3,290.3,37.5,5,43.2,MODERATE,0.26,0.0,LOW
3.9,10.1,19.2,27.9,39.3,29.5,72.4,1000.3,82.6,67.1,1.2,193.0,47.4,1,98.7,HIGH,0.21,0.0,LOW
9.6,25.5,39.6,68.7,123.1,29.1,68.4,1004.0,42.4,6.7,2.2,56.5,67.3,6,63.1,MODERATE,0.92,1.8,CRITICAL
1.9,3.6,6.7,10.0,15.4,28.2,78.9,999.6,50.1,4.6,1.7,177.0,43.7,8,80.4,MODERATE,0.61,1.28,CRITICAL
0.8,2.0,3.9,5.9,9.3,33.7,50.6,1019.8,34.4,37.0,3.0,226.4,33.0,2,15.9,LOW,0.06,0.0,LOW
2.8,6.8,10.5,17.2,24.3,33.1,73.7,1002.3,33.5,4.3,4.8,262.8,31.4,5,91.6,HIGH,0.58,1.12,HIGH
3.8,9.4,19.1,27.9,43.4,32.5,61.6,1020.6,14.3,3.8,2.6,525.6,41.7,5,22.4,LOW,0.3,0.0,MODERATE
8.1,19.5,37.2,55.9,79.8,32.1,66.6,1011.9,22.4,9.0,0.5,179.9,64.0,5,35.6,LOW,0.7,1.49,CRITICAL
11.2,28.1,58.5,94.2,132.0,31.5,76.9,1009.1,37.4,20.2,0.4,213.3,69.8,3,56.0,MODERATE,0.86,1.5,CRITICAL
3.9,8.5,14.1,22.5,32.4,31.1,63.4,1008.1,33.3,24.3,1.1,913.9,45.3,7,39.1,LOW,0.12,0.0,LOW
2.2,4.5,9.3,17.2,22.3,28.4,70.6,1008.3,26.1,40.4,2.2,545.7,39.8,2,68.5,MODERATE,0.14,0.0,LOW
20.6,42.5,66.5,96.1,152.3,31.2,81.0,988.6,47.9,16.0,0.5,23.8,79.7,4,123.3,HIGH,0.98,1.78,CRITICAL
1.8,3.4,6.1,11.7,17.5,31.1,76.6,1002.6,35.5,11.0,1.7,650.3,40.2,4,67.3,MODERATE,0.31,0.34,MODERATE
1.5,3.2,5.3,10.0,17.4,32.6,62.8,1012.2,26.0,10.0,7.9,1762.8,39.4,4,3.3,LOW,0.05,0.0,LOW
1.3,2.7,5.6,10.4,13.8,28.6,66.9,1004.6,45.4,35.8,0.6,1082.6,41.9,3,50.9,MODERATE,0.06,0.0,LOW
13.6,29.4,58.5,92.8,122.7,27.9,84.6,993.1,43.4,25.2,10.7,701.9,66.4,3,111.3,HIGH,0.78,1.29,CRITICAL
7.6,18.2,27.6,52.2,91.0,30.2,66.4,1004.6,47.0,44.5,7.1,392.0,61.9,3,70.8,MODERATE,0.4,0.1,MODERATE
1.0,2.5,3.7,5.7,7.7,28.8,49.9,1019.5,17.2,61.9,6.5,138.9,36.2,0,14.4,LOW,0.05,0.0,LOW
1.4,3.7,6.3,9.2,12.0,27.9,57.5,1015.6,27.5,8.4,7.3,418.8,37.8,5,11.8,LOW,0.12,0.0,LOW
0.8,1.7,2.7,3.8,5.3,29.1,72.0,1004.5,49.2,15.6,0.6,467.0,32.4,3,69.4,MODERATE,0.27,0.0,LOW
12.7,25.5,49.5,97.3,166.5,33.1,69.0,1013.1,38.2,20.0,0.9,140.7,79.7,3,42.9,MODERATE,0.92,1.5,CRITICAL
5.7,11.6,22.9,36.2,61.7,28.6,71.6,1001.9,31.0,5.2,0.8,127.0,49.3,5,69.3,MODERATE,0.77,1.57,CRITICAL
6.8,18.2,39.4,76.8,112.9,26.2,86.6,990.5,44.0,3.0,0.7,207.2,71.7,7,100.7,HIGH,0.96,2.11,CRITICAL
7.4,17.3,37.5,58.6,95.8,27.6,68.0,997.1,40.6,38.4,1.7,404.4,52.9,2,91.4,HIGH,0.62,0.55,HIGH
0.4,0.8,1.5,3.0,4.7,31.4,55.7,1018.3,18.3,15.8,6.5,146.8,40.7,5,21.9,LOW,0.15,0.0,LOW
1.0,2.7,4.1,7.9,13.8,29.5,68.9,1002.7,38.0,17.2,1.3,323.2,30.1,5,62.5,MODERATE,0.28,0.0,MODERATE
3.9,8.6,15.0,29.3,38.9,35.8,69.6,1002.9,52.7,16.6,1.3,887.1,48.4,3,87.5,MODERATE,0.4,0.46,MODERATE
2.0,5.2,9.8,16.6,28.3,33.0,71.0,1002.5,30.9,27.3,4.2,147.9,38.6,3,60.9,MODERATE,0.29,0.0,MODERATE
0.5,1.1,2.0,3.8,5.2,35.5,59.1,1021.2,15.6,4.8,0.7,1299.6,39.3,7,2.0,LOW,0.05,0.0,LOW
3.6,7.9,15.2,30.0,44.9,35.5,55.3,1018.8,15.0,19.1,1.9,258.7,46.7,6,30.7,LOW,0.31,0.42,MODERATE
0.8,1.8,3.9,6.2,8.6,30.5,55.7,1022.0,28.0,13.4,1.5,55.4,30.2,7,17.7,LOW,0.19,0.0,LOW
4.8,12.5,26.5,43.8,72.3,27.4,69.4,1003.6,55.5,42.9,6.9,36.5,61.7,4,67.9,MODERATE,0.44,0.1,MODERATE
6.0,15.5,24.4,44.7,73.3,28.3,61.9,1007.5,30.0,15.2,2.8,172.1,59.0,4,43.3,MODERATE,0.61,0.96,HIGH
33.9,79.9,134.8,213.0,335.2,32.3,78.2,992.1,41.4,53.5,3.9,128.8,92.5,0,125.7,HIGH,0.98,0.94,CRITICAL
0.3,0.6,1.2,2.2,3.6,31.0,57.8,1017.6,26.9,9.8,0.8,720.3,32.8,6,33.4,LOW,0.13,0.0,LOW
18.1,40.3,83.7,120.9,195.9,26.2,75.6,995.1,47.1,63.3,9.6,523.5,92.9,1,90.5,HIGH,0.79,0.39,CRITICAL
5.4,14.6,24.7,42.3,71.4,29.9,67.2,1006.8,29.0,39.5,1.7,835.4,48.2,3,63.6,MODERATE,0.22,0.0,LOW
1.6,3.8,7.7,11.3,16.1,28.8,76.3,995.7,54.4,17.8,4.6,353.1,28.3,3,91.9,HIGH,0.36,0.39,MODERATE
2.9,7.3,14.3,22.6,34.2,30.7,70.3,1000.0,62.3,9.9,11.1,232.3,36.6,7,69.1,MODERATE,0.39,0.54,MODERATE
6.9,15.5,28.4,44.2,60.8,30.3,80.5,997.9,41.2,10.5,2.8,134.9,47.1,5,89.5,MODERATE,0.78,1.61,CRITICAL
8.9,20.6,33.9,64.5,97.7,27.9,66.8,999.8,39.3,28.7,2.8,347.5,58.1,2,67.0,MODERATE,0.63,0.88,HIGH
2.2,4.8,10.3,15.6,25.7,31.8,68.6,1000.4,34.9,17.6,0.7,380.7,39.9,4,82.4,MODERATE,0.45,0.63,HIGH
8.4,20.6,40.7,76.7,126.2,28.4,86.1,1000.3,39.2,11.2,2.0,204.7,67.8,4,84.2,MODERATE,0.93,2.06,CRITICAL
3.9,10.2,16.5,30.9,51.1,31.3,57.7,1012.1,24.8,20.2,7.0,1063.1,45.8,4,53.7,MODERATE,0.16,0.0,LOW
5.3,12.2,24.2,41.2,59.9,31.1,69.2,995.6,39.9,25.8,0.8,403.2,40.9,3,82.0,MODERATE,0.51,0.56,HIGH
13.6,31.0,62.5,96.3,157.1,29.3,70.7,1006.9,26.0,2.4,9.0,705.4,79.2,6,44.2,MODERATE,0.85,2.01,CRITICAL
2.7,5.9,12.6,19.3,28.7,30.7,49.9,1015.4,19.1,3.7,4.2,383.1,41.6,6,2.0,LOW,0.19,0.0,LOW
5.2,10.5,17.5,29.3,51.9,31.6,70.8,1000.6,33.6,3.8,2.2,159.6,45.8,8,68.5,MODERATE,0.71,1.65,CRITICAL
39.2,104.0,227.9,320.3,471.3,27.7,84.1,998.9,39.9,6.7,3.1,522.0,97.0,5,137.8,HIGH,0.98,2.02,CRITICAL
0.5,1.0,1.7,2.9,4.6,29.5,62.4,1003.0,36.8,12.0,0.9,114.4,35.0,4,70.8,MODERATE,0.43,0.4,MODERATE
0.0,0.0,0.0,0.0,0.1,33.4,50.6,1015.0,24.6,31.3,1.2,360.0,35.3,3,21.9,LOW,0.07,0.0,LOW
2.3,5.8,11.3,16.9,29.7,36.0,59.7,1006.6,29.6,9.8,1.5,210.6,47.1,5,37.9,LOW,0.4,0.79,HIGH
8.4,21.4,38.4,66.9,101.6,31.6,76.6,1000.5,36.4,2.3,2.0,76.7,55.5,5,76.7,MODERATE,0.91,1.9,CRITICAL
6.3,16.8,30.8,60.9,90.1,32.4,70.9,1009.1,37.6,13.9,8.9,217.6,59.7,5,62.5,MODERATE,0.69,1.27,CRITICAL
6.2,14.9,31.7,60.7,92.0,30.7,73.4,995.6,42.1,104.5,1.9,156.2,64.2,1,99.3,HIGH,0.16,0.0,LOW
0.7,1.9,3.7,7.0,10.3,28.8,67.3,1010.8,56.7,9.7,2.9,60.2,37.4,4,60.9,MODERATE,0.43,0.77,HIGH
1.3,2.6,4.8,9.1,14.8,31.4,72.7,1008.5,28.5,60.5,0.9,674.8,32.6,1,66.8,MODERATE,0.05,0.0,LOW
17.8,42.8,68.1,107.9,190.7,30.3,79.5,1002.4,38.5,3.9,5.0,277.3,85.0,8,97.2,HIGH,0.98,2.08,CRITICAL
18.4,46.2,69.6,134.6,183.4,30.5,73.0,997.9,35.1,5.4,3.2,176.6,86.4,4,102.1,HIGH,0.98,2.06,CRITICAL
8.2,17.5,27.7,54.5,86.1,29.9,63.0,997.5,43.6,25.2,2.3,282.2,48.1,3,46.9,MODERATE,0.5,0.56,HIGH
4.9,12.2,26.5,45.0,78.7,32.3,60.8,1009.5,38.0,14.5,10.6,548.8,49.9,5,37.0,LOW,0.33,0.3,MODERATE
2.5,6.4,13.1,21.1,28.4,31.3,58.1,1015.4,39.5,28.1,8.0,22.0,52.7,2,20.1,LOW,0.17,0.0,LOW
1.9,4.9,10.7,17.7,27.3,30.1,71.5,999.6,80.3,37.9,4.1,315.7,44.9,3,71.2,MODERATE,0.22,0.0,LOW
3.0,6.4,9.7,15.5,26.9,28.1,64.5,1008.9,26.1,7.2,9.2,262.9,49.8,4,46.9,MODERATE,0.35,0.48,MODERATE
16.6,40.7,80.5,122.9,215.1,27.5,88.2,987.3,52.4,22.7,3.2,864.5,94.3,4,110.0,HIGH,0.98,1.61,CRITICAL
7.5,16.0,24.5,43.4,67.5,33.5,78.8,1000.0,37.3,18.8,6.4,323.5,55.5,4,71.7,MODERATE,0.58,0.83,HIGH
0.1,0.3,0.6,1.1,1.5,31.4,67.9,1004.7,34.3,37.6,2.1,71.1,33.9,2,56.5,MODERATE,0.14,0.0,LOW
32.2,73.1,129.1,216.6,293.1,29.6,80.2,997.3,36.7,12.1,0.6,202.0,91.9,7,89.7,MODERATE,0.98,1.93,CRITICAL
18.4,43.9,68.7,100.2,159.6,34.3,76.6,997.0,51.0,3.0,18.3,383.8,86.2,5,94.0,HIGH,0.95,2.05,CRITICAL
2.7,6.0,11.3,21.2,28.9,26.5,73.4,999.3,52.4,17.4,0.9,32.9,47.1,5,87.5,MODERATE,0.65,1.03,HIGH
6.5,13.2,22.3,33.6,46.2,28.2,71.1,1007.5,29.6,59.4,1.3,835.7,48.5,3,44.6,MODERATE,0.05,0.0,LOW
19.1,39.0,76.4,112.2,189.2,34.7,70.2,1003.4,31.6,2.3,0.9,41.7,86.2,8,84.5,MODERATE,0.98,2.15,CRITICAL
1.5,3.0,5.9,10.5,17.6,28.2,93.9,986.0,48.1,6.9,1.7,26.8,42.3,5,111.2,HIGH,0.77,1.61,CRITICAL
8.2,19.7,39.3,64.5,111.0,27.6,75.7,987.0,55.0,8.8,1.5,15.8,62.9,4,112.0,HIGH,0.96,1.95,CRITICAL
5.0,12.8,28.1,40.3,54.5,27.0,70.1,999.8,35.7,28.1,3.5,452.5,52.5,2,59.7,MODERATE,0.34,0.19,MODERATE
2.8,5.4,9.6,15.5,21.6,32.3,64.8,1008.9,42.6,9.0,20.1,246.3,37.5,4,57.3,MODERATE,0.2,0.0,LOW
27.7,54.0,98.7,183.8,315.5,28.9,89.3,981.6,60.2,6.9,0.5,56.2,88.2,6,141.4,HIGH,0.98,2.01,CRITICAL
4.5,10.2,21.1,37.4,62.0,27.4,78.2,1000.8,40.0,20.8,5.6,752.0,46.9,4,85.6,MODERATE,0.43,0.44,MODERATE
0.5,1.4,2.6,4.2,7.2,29.7,72.0,1000.5,38.5,2.9,0.8,101.1,34.8,5,64.1,MODERATE,0.51,1.06,HIGH
0.1,0.2,0.3,0.5,0.8,31.5,52.0,1016.8,15.7,5.4,0.4,165.1,31.8,5,22.3,LOW,0.23,0.0,LOW
0.4,0.8,1.7,3.0,5.2,30.9,75.3,1001.7,52.2,11.4,3.9,89.4,44.9,5,86.0,MODERATE,0.53,0.93,HIGH
3.3,7.0,10.7,20.7,32.3,28.3,69.7,1008.3,32.0,9.9,7.5,1008.3,39.4,5,56.6,MODERATE,0.17,0.0,LOW
5.9,13.1,21.2,37.8,55.1,34.0,57.9,1006.2,67.2,9.7,1.0,554.3,52.1,4,53.8,MODERATE,0.5,0.79,HIGH
3.0,6.2,9.8,18.4,29.2,30.5,82.9,986.9,52.1,4.1,1.8,504.1,38.3,6,107.7,HIGH,0.68,1.43,CRITICAL
3.2,7.1,11.0,18.8,30.4,30.7,55.4,1011.5,30.6,10.1,0.9,32.1,43.6,4,19.7,LOW,0.36,0.47,MODERATE
6.5,16.1,24.4,44.7,65.6,30.4,63.7,1006.8,26.0,30.8,8.6,296.1,54.5,2,55.5,MODERATE,0.34,0.1,MODERATE
1.3,3.2,4.9,9.4,15.9,30.9,60.6,1009.3,31.0,11.6,1.4,340.6,30.1,4,50.1,MODERATE,0.28,0.0,MODERATE
1.5,2.9,5.3,9.9,13.3,31.1,59.0,1022.0,21.6,17.9,2.4,198.2,31.7,4,35.3,LOW,0.2,0.0,LOW
15.1,36.4,61.0,118.8,200.7,27.2,83.2,987.3,57.6,5.2,8.2,162.5,85.2,4,138.1,HIGH,0.98,2.07,CRITICAL
0.6,1.3,2.1,3.4,4.5,32.0,50.4,1019.7,24.2,3.3,3.1,740.9,29.7,6,2.0,LOW,0.08,0.0,LOW
3.5,9.2,18.0,35.0,54.2,34.4,74.9,1002.6,31.9,40.2,9.8,23.8,50.3,3,73.4,MODERATE,0.34,0.1,MODERATE
4.5,9.6,15.9,28.3,48.9,33.4,59.4,1007.4,54.5,9.2,9.4,388.1,49.7,5,52.4,MODERATE,0.4,0.49,MODERATE
27.6,68.5,103.6,199.1,267.5,33.0,70.5,1004.6,70.5,9.8,2.5,205.5,84.7,6,109.8,HIGH,0.98,1.96,CRITICAL
4.1,10.1,18.2,25.9,40.3,31.1,67.3,1001.4,31.7,39.8,3.4,431.7,46.7,1,57.0,MODERATE,0.18,0.0,LOW
4.1,8.4,14.5,26.0,35.9,27.2,70.5,1000.2,54.4,24.1,1.2,98.8,42.7,5,87.6,MODERATE,0.56,0.8,HIGH
3.9,10.3,17.7,33.9,59.2,31.0,68.8,1007.8,27.3,27.4,16.6,118.6,50.8,4,43.0,MODERATE,0.23,0.0,LOW
0.9,2.1,3.9,5.8,10.0,31.3,81.4,992.1,49.9,22.6,1.4,350.9,34.6,4,96.8,HIGH,0.39,0.28,MODERATE
4.7,11.4,22.5,40.3,71.3,28.4,70.1,1011.4,24.2,4.0,5.7,1500.4,57.0,6,38.9,LOW,0.21,0.0,LOW
3.2,6.4,12.4,23.4,40.7,31.8,70.9,1001.5,58.5,59.1,1.6,1412.0,54.4,1,52.1,MODERATE,0.05,0.0,LOW
1.3,2.8,6.1,9.6,16.1,35.2,77.7,995.4,38.1,45.2,1.6,123.8,43.3,1,74.6,MODERATE,0.21,0.0,LOW
4.9,11.5,21.5,35.3,49.1,32.8,69.4,1001.2,36.8,6.9,0.7,56.0,55.5,7,66.9,MODERATE,0.75,1.6,CRITICAL
0.0,0.0,0.0,0.1,0.1,35.7,60.9,1015.7,20.9,31.3,3.2,354.1,28.0,3,45.1,MODERATE,0.09,0.0,LOW
4.5,10.4,17.1,29.3,45.4,30.6,74.3,1000.4,35.2,11.5,1.3,222.0,44.1,4,62.2,MODERATE,0.57,1.07,HIGH
0.6,1.4,2.8,4.0,6.4,33.5,65.6,1008.0,32.6,22.7,0.9,560.0,39.6,4,42.4,MODERATE,0.13,0.0,LOW
0.2,0.4,0.7,1.0,1.7,28.0,64.4,998.8,34.9,5.3,1.2,300.3,43.0,6,47.3,MODERATE,0.33,0.59,MODERATE
8.5,19.4,35.8,52.2,73.8,33.5,65.1,1011.4,30.9,15.9,1.3,286.5,58.6,5,63.0,MODERATE,0.68,1.24,CRITICAL
12.7,24.1,43.3,67.5,92.1,33.1,65.7,1010.8,53.0,4.4,2.8,410.1,55.2,7,53.6,MODERATE,0.74,1.51,CRITICAL
0.2,0.5,1.0,1.5,2.4,33.5,52.6,1020.7,24.4,15.8,2.0,66.4,33.5,6,8.2,LOW,0.13,0.0,LOW
4.8,10.7,22.9,42.3,58.4,33.8,63.3,1003.5,44.6,7.0,0.6,444.6,52.7,6,57.8,MODERATE,0.61,1.35,CRITICAL
2.0,4.4,9.4,16.4,27.1,30.1,71.4,1010.7,25.1,12.8,3.0,269.8,41.6,5,26.3,LOW,0.25,0.0,LOW
4.7,9.4,15.1,28.1,44.7,30.3,70.3,1005.8,29.7,21.8,5.7,666.9,43.3,4,42.5,MODERATE,0.18,0.0,LOW
1.6,3.3,5.6,8.0,13.4,32.4,58.6,1016.0,21.9,39.7,3.3,71.7,37.2,2,15.1,LOW,0.07,0.0,LOW
2.5,5.2,10.7,18.0,24.0,27.3,67.7,998.9,34.0,5.3,13.1,150.9,41.5,7,76.5,MODERATE,0.46,0.92,HIGH
4.7,12.4,23.0,36.7,65.4,32.1,59.4,1011.3,44.2,42.3,0.7,1155.3,47.6,1,15.1,LOW,0.05,0.0,LOW
1.2,2.6,4.7,9.0,11.7,26.2,76.4,1003.3,30.3,10.9,6.3,321.0,43.1,4,74.7,MODERATE,0.38,0.63,HIGH
0.4,0.8,1.5,2.7,4.0,33.2,69.6,1004.5,46.6,35.4,2.8,1021.7,33.9,2,67.9,MODERATE,0.06,0.0,LOW
8.8,17.7,34.1,65.5,107.4,30.9,65.1,1005.8,27.3,14.9,2.9,458.9,64.2,5,35.4,LOW,0.64,1.16,HIGH
7.2,14.0,30.6,43.7,57.8,29.7,69.4,1007.1,39.0,37.7,2.9,1006.6,56.1,1,57.5,MODERATE,0.15,0.0,LOW
4.4,10.5,20.1,36.8,49.3,28.5,65.2,1004.0,29.7,21.6,1.7,160.3,47.9,3,72.5,MODERATE,0.56,0.54,HIGH
4.7,9.7,17.8,30.6,41.0,30.3,74.6,1006.8,25.8,14.8,1.7,51.1,51.2,5,48.7,MODERATE,0.53,0.89,HIGH
2.3,5.3,10.0,19.0,30.2,34.2,64.6,1018.4,23.8,8.7,3.8,630.9,38.1,4,23.1,LOW,0.17,0.0,LOW
2.0,4.4,9.1,15.5,27.0,33.2,59.5,1013.4,21.5,64.5,0.5,635.2,44.6,0,65.3,MODERATE,0.06,0.0,LOW
1.8,4.7,9.0,15.5,24.5,29.9,59.5,1012.4,29.9,31.1,3.4,381.5,45.9,4,40.4,MODERATE,0.15,0.0,LOW
4.0,8.7,16.9,24.2,38.8,28.0,58.5,1001.1,37.8,10.6,4.8,344.3,41.5,5,55.4,MODERATE,0.4,0.7,HIGH
6.1,13.8,30.1,54.2,79.9,31.3,67.1,997.4,36.0,5.3,1.8,951.3,56.1,4,68.9,MODERATE,0.61,1.28,CRITICAL
3.3,8.1,15.7,24.5,32.1,30.0,55.4,1013.1,40.6,29.2,1.2,88.8,43.0,3,40.0,MODERATE,0.26,0.0,LOW
5.4,12.1,21.4,30.2,39.6,31.8,63.3,1012.4,24.6,84.8,1.1,379.2,46.9,3,49.4,MODERATE,0.05,0.0,LOW
1.0,2.6,5.2,7.4,13.0,32.7,56.9,1017.5,25.2,7.9,0.6,34.4,40.9,4,2.0,LOW,0.23,0.0,LOW
3.9,9.6,18.8,37.1,50.1,30.8,65.9,999.9,38.2,46.6,0.6,72.7,44.2,0,41.6,MODERATE,0.21,0.0,LOW
3.4,7.5,11.4,18.3,33.0,32.6,68.7,1003.0,36.8,4.4,0.9,233.5,43.8,6,52.7,MODERATE,0.53,0.99,HIGH
9.3,21.5,39.2,75.3,104.1,25.6,82.1,991.1,44.5,56.7,0.4,669.2,71.6,0,103.9,HIGH,0.54,0.1,HIGH
5.1,13.6,27.6,54.4,89.1,25.4,73.8,1001.7,32.6,26.6,1.4,517.0,64.8,2,73.9,MODERATE,0.64,0.98,HIGH
4.8,11.5,21.3,42.0,74.5,30.4,52.3,1013.5,25.0,9.7,1.6,1402.8,59.4,4,7.9,LOW,0.15,0.0,LOW
9.6,25.3,51.7,99.7,147.6,34.6,71.0,1001.0,36.1,8.5,19.0,32.4,74.6,8,74.0,MODERATE,0.91,1.93,CRITICAL
8.4,17.2,31.2,60.4,100.7,36.5,57.3,1010.4,25.8,20.6,17.1,197.5,73.3,3,39.9,LOW,0.51,0.56,HIGH
10.1,23.1,50.6,79.6,117.4,35.0,74.3,1003.4,38.0,18.2,1.0,80.7,72.4,3,65.3,MODERATE,0.89,1.62,CRITICAL
23.2,61.0,104.0,155.1,225.2,30.6,70.3,1007.8,34.0,47.2,1.1,29.3,90.2,0,69.7,MODERATE,0.96,1.09,CRITICAL
9.5,20.5,32.0,57.1,80.0,24.9,71.8,995.2,37.7,28.2,2.7,131.7,58.1,4,77.2,MODERATE,0.69,1.01,HIGH
19.4,52.0,93.6,158.5,271.1,24.9,64.1,1005.7,30.0,16.0,0.9,121.5,87.7,5,74.6,MODERATE,0.98,1.81,CRITICAL
2.6,5.2,9.7,14.2,20.3,25.7,86.4,979.6,57.6,49.3,2.8,222.0,42.6,2,127.9,HIGH,0.38,0.1,MODERATE
0.3,0.8,1.3,2.4,3.4,30.0,58.5,1003.4,29.8,18.2,2.1,72.3,38.9,3,35.7,LOW,0.22,0.0,LOW
10.3,23.3,38.9,67.6,121.6,32.0,81.2,991.1,43.7,36.1,1.7,269.8,72.0,1,116.6,HIGH,0.89,1.23,CRITICAL
12.3,24.1,47.5,91.2,133.5,34.2,59.0,1015.3,17.3,35.1,6.4,975.2,70.8,2,17.7,LOW,0.27,0.0,LOW
2.9,7.6,13.4,23.6,35.7,32.2,68.1,1011.6,65.3,47.3,6.5,539.0,37.4,1,37.5,LOW,0.06,0.0,LOW
1.1,2.2,4.3,7.5,13.5,29.0,59.9,1009.0,34.0,3.3,15.7,716.6,39.9,6,40.1,MODERATE,0.12,0.0,LOW
1.3,2.5,5.1,8.5,12.6,30.0,55.1,1017.9,14.9,17.8,1.2,635.7,42.0,3,14.4,LOW,0.1,0.0,LOW
8.6,17.4,35.3,59.2,87.8,30.2,67.4,996.9,35.8,13.4,8.0,202.6,54.3,5,77.8,MODERATE,0.75,1.37,CRITICAL
0.3,0.8,1.5,2.9,4.9,34.4,51.7,1019.9,22.4,14.1,3.0,484.0,35.9,4,2.0,LOW,0.08,0.0,LOW
3.8,10.1,19.1,28.3,41.3,32.7,56.3,1012.9,23.9,13.1,3.4,548.3,53.1,7,43.2,MODERATE,0.33,0.41,MODERATE
31.1,61.8,112.1,186.9,264.9,27.8,75.1,1003.0,41.8,34.7,8.2,102.5,84.0,2,112.2,HIGH,0.98,1.27,CRITICAL
6.4,14.6,30.8,55.2,83.4,33.6,57.4,1014.7,38.1,8.9,10.3,762.8,56.5,8,36.1,LOW,0.36,0.59,MODERATE
3.5,7.2,15.2,25.2,41.6,30.5,76.6,995.6,44.3,13.2,4.8,247.6,53.9,5,91.2,HIGH,0.66,1.24,CRITICAL
3.5,8.8,15.3,24.0,31.8,27.0,72.2,998.0,36.2,6.0,1.8,21.3,44.5,5,51.7,MODERATE,0.57,1.15,HIGH
3.5,6.9,10.8,17.0,25.3,28.0,66.3,999.8,44.9,7.2,2.7,406.8,39.3,5,64.7,MODERATE,0.43,0.94,HIGH
4.1,8.6,14.0,21.5,31.7,31.8,71.3,1000.5,56.9,21.4,3.6,444.2,43.7,3,69.7,MODERATE,0.33,0.43,MODERATE
1.1,2.3,4.0,6.4,9.1,28.9,78.7,996.0,43.5,4.2,6.5,319.9,41.6,6,76.5,MODERATE,0.44,0.91,HIGH
3.0,7.1,13.4,25.8,42.0,36.1,54.2,1015.4,25.9,5.7,4.1,105.7,45.5,5,17.8,LOW,0.38,0.48,MODERATE
3.8,9.8,19.2,32.7,47.3,31.6,74.3,1002.8,32.9,15.5,1.9,265.2,51.0,4,63.7,MODERATE,0.55,0.97,HIGH
10.6,24.5,42.4,65.5,105.0,29.9,61.9,1008.0,28.2,2.8,2.2,209.2,65.0,6,35.3,LOW,0.81,1.65,CRITICAL
21.1,41.1,80.8,131.7,204.5,30.0,70.0,1000.2,43.0,4.4,0.5,1412.0,91.6,6,78.6,MODERATE,0.95,2.09,CRITICAL
0.3,0.7,1.6,2.3,3.3,28.7,83.5,989.5,64.2,37.8,9.3,676.6,39.2,1,95.9,HIGH,0.11,0.0,LOW
24.2,61.4,120.1,233.3,334.3,29.2,63.4,1007.3,33.0,35.7,0.6,560.3,88.5,1,79.3,MODERATE,0.98,1.51,CRITICAL
15.5,31.0,50.0,82.2,113.9,26.2,81.6,988.7,56.5,9.7,3.3,90.9,61.6,6,120.1,HIGH,0.96,1.97,CRITICAL
4.9,9.7,18.5,36.7,48.7,32.4,67.4,1004.4,29.5,9.7,7.5,167.8,50.8,4,63.6,MODERATE,0.57,1.3,CRITICAL
5.4,11.1,20.9,33.6,54.0,31.2,78.4,993.4,41.2,51.6,2.2,196.5,49.2,0,105.2,HIGH,0.42,0.1,MODERATE
0.7,1.6,3.5,6.6,10.8,34.5,43.2,1021.9,16.2,2.5,5.9,272.8,35.7,5,2.0,LOW,0.15,0.0,LOW
1.0,2.3,4.0,6.2,8.6,35.5,53.2,1012.7,21.0,17.6,6.0,26.7,40.0,3,29.3,LOW,0.19,0.0,LOW
6.9,16.0,28.8,41.6,66.9,29.4,70.9,1005.9,34.5,18.4,0.5,356.6,59.8,4,77.1,MODERATE,0.69,1.11,HIGH
0.4,0.8,1.6,2.2,4.0,36.3,65.2,1015.7,19.2,29.9,2.2,183.3,35.3,4,21.1,LOW,0.09,0.0,LOW
8.2,17.9,33.3,58.8,78.6,27.4,69.7,997.8,47.3,56.6,4.4,328.4,56.7,3,57.0,MODERATE,0.22,0.0,LOW
1.6,4.3,8.6,13.6,21.1,28.8,63.6,1009.6,35.9,9.9,2.2,18.4,34.9,8,38.7,LOW,0.37,0.68,HIGH
0.1,0.2,0.4,0.6,1.0,26.5,68.6,1006.7,30.6,12.4,3.1,162.4,34.2,4,65.5,MODERATE,0.33,0.35,MODERATE
5.4,14.0,26.6,50.3,66.5,29.9,70.2,1007.2,26.7,22.0,3.5,571.3,54.4,4,46.8,MODERATE,0.36,0.31,MODERATE
1.1,2.5,4.0,6.1,10.4,30.9,49.8,1015.8,24.7,63.6,0.9,279.2,37.8,0,13.0,LOW,0.05,0.0,LOW
2.1,4.3,7.4,11.7,20.9,32.8,59.1,1011.2,60.5,41.9,2.2,606.0,38.9,1,37.8,LOW,0.06,0.0,LOW
0.4,1.0,1.9,3.6,4.9,31.6,64.9,1007.5,32.7,21.8,0.4,471.2,40.0,4,47.6,MODERATE,0.17,0.0,LOW
27.6,73.4,118.2,200.4,342.9,25.8,83.2,990.9,42.1,37.0,0.9,748.6,90.3,4,111.9,HIGH,0.98,1.39,CRITICAL
11.2,25.1,43.1,81.8,121.8,28.6,87.5,996.8,35.9,3.6,2.8,17.8,81.4,6,82.2,MODERATE,0.96,1.92,CRITICAL
0.9,2.2,4.4,7.2,9.9,29.6,68.2,1004.0,31.5,10.5,3.3,130.1,38.7,6,53.9,MODERATE,0.36,0.46,MODERATE
3.8,7.9,15.5,25.4,39.3,26.4,60.9,1005.8,28.3,2.2,0.9,317.4,32.1,5,46.5,MODERATE,0.47,1.01,HIGH
7.2,17.0,26.6,40.0,53.4,26.9,78.2,995.4,50.6,5.5,5.2,1090.6,44.1,5,108.1,HIGH,0.54,1.15,HIGH
0.1,0.3,0.6,1.2,1.9,31.1,61.6,1022.0,24.9,19.9,1.9,447.7,38.2,3,20.0,LOW,0.1,0.0,LOW
2.3,6.0,9.6,18.6,24.3,36.0,58.8,1017.9,16.6,41.0,9.2,246.8,38.5,2,8.8,LOW,0.05,0.0,LOW
7.0,15.9,26.7,53.2,88.5,31.9,59.9,1010.1,25.3,20.0,2.0,68.0,56.4,5,34.6,LOW,0.62,1.1,HIGH
10.3,24.9,45.3,74.4,114.8,32.4,72.8,1005.6,28.9,21.6,0.9,273.3,60.4,5,76.7,MODERATE,0.83,1.46,CRITICAL
1.8,3.5,5.5,10.3,15.8,26.7,73.3,1003.2,48.4,4.0,5.3,236.1,37.0,6,66.0,MODERATE,0.44,1.05,HIGH
17.3,36.3,79.6,131.3,183.6,32.6,69.8,996.9,41.2,21.7,3.2,587.7,86.5,3,74.6,MODERATE,0.94,1.67,CRITICAL
2.9,6.2,10.0,16.7,24.7,34.0,69.9,1005.7,35.3,12.9,2.0,217.7,43.7,4,61.5,MODERATE,0.44,0.75,HIGH
20.3,40.2,82.2,156.1,217.1,26.0,71.8,1007.2,29.4,21.0,1.8,160.9,84.9,5,60.4,MODERATE,0.98,1.77,CRITICAL
0.9,1.8,3.8,5.7,9.5,27.5,82.8,994.4,46.2,9.1,0.9,50.7,41.7,4,100.0,HIGH,0.68,1.45,CRITICAL
3.8,8.3,18.2,27.9,39.0,32.3,65.9,1007.8,28.4,17.7,1.8,33.1,39.8,3,55.8,MODERATE,0.48,0.76,HIGH
6.3,16.9,30.4,48.3,77.7,32.1,67.8,1003.7,32.1,11.9,0.4,234.7,58.6,5,50.8,MODERATE,0.7,1.25,CRITICAL
3.9,9.4,19.8,37.1,53.5,26.8,87.6,988.8,52.0,16.7,2.7,176.9,51.4,5,134.5,HIGH,0.86,1.6,CRITICAL
12.2,27.3,59.3,96.3,156.8,28.9,68.3,997.7,42.0,4.9,8.2,323.0,73.5,6,80.4,MODERATE,0.95,2.04,CRITICAL
8.3,22.4,36.2,58.5,91.9,28.7,73.5,1001.5,33.8,11.1,5.9,487.9,55.0,4,44.5,MODERATE,0.57,1.01,HIGH
0.0,0.0,0.1,0.1,0.2,33.1,48.9,1021.0,12.3,10.4,0.4,30.5,37.0,6,8.8,LOW,0.19,0.0,LOW
5.7,13.1,20.2,32.9,53.9,34.3,70.1,1009.7,26.2,26.0,7.8,275.5,47.0,4,22.3,LOW,0.19,0.0,LOW
7.1,17.2,33.3,51.6,77.7,27.2,76.3,993.6,43.3,24.1,2.4,767.5,55.4,4,106.1,HIGH,0.65,1.02,HIGH
1.4,2.8,5.3,9.4,16.0,33.7,71.6,1009.1,31.1,45.1,1.0,245.8,42.8,1,54.5,MODERATE,0.13,0.0,LOW
64.6,159.7,262.4,493.7,821.9,26.9,81.4,991.8,60.5,20.0,5.2,294.9,92.4,3,155.1,EXTREME,0.98,1.68,CRITICAL
5.7,11.3,23.3,33.6,52.7,29.8,55.1,1014.2,18.3,8.8,1.7,268.5,44.9,5,26.8,LOW,0.42,0.65,HIGH
3.3,6.6,10.1,17.9,31.0,32.2,78.8,1001.0,33.7,29.5,1.3,202.7,43.3,2,83.1,MODERATE,0.42,0.26,MODERATE
6.6,13.4,27.7,39.3,67.4,32.9,76.9,1004.2,29.9,14.4,0.9,59.3,48.9,6,64.1,MODERATE,0.71,1.27,CRITICAL
1.4,3.7,5.6,9.7,15.1,34.3,64.0,1016.3,21.4,5.9,2.6,66.3,43.5,6,30.3,LOW,0.36,0.83,HIGH
14.8,36.3,71.1,110.5,147.5,25.9,73.4,994.1,43.1,26.8,0.6,90.0,83.2,3,97.1,HIGH,0.96,1.57,CRITICAL
28.4,68.9,107.1,169.7,268.6,27.9,76.4,993.1,50.0,4.6,5.7,612.7,85.8,6,79.2,MODERATE,0.98,2.1,CRITICAL
3.9,9.0,15.1,25.4,37.6,32.1,73.2,1000.0,34.7,5.5,2.5,137.4,45.2,4,80.3,MODERATE,0.7,1.52,CRITICAL
5.1,10.9,21.8,42.6,66.9,32.0,58.0,1013.8,25.6,27.6,2.4,1139.4,58.0,2,41.5,MODERATE,0.17,0.0,LOW
8.8,21.2,36.0,65.7,106.7,26.2,87.3,992.1,57.8,28.5,0.3,646.4,64.5,3,117.4,HIGH,0.84,1.24,CRITICAL
7.7,17.2,32.0,62.8,101.9,28.5,88.4,980.9,71.3,30.2,6.3,453.4,65.8,6,139.4,HIGH,0.87,1.42,CRITICAL
15.9,32.1,68.7,123.4,202.0,28.4,58.1,1001.2,56.8,8.2,2.7,499.3,90.3,6,90.0,HIGH,0.98,2.05,CRITICAL
3.9,9.6,14.7,20.7,33.9,35.8,66.5,1009.7,34.5,38.3,2.3,33.5,39.1,1,49.6,MODERATE,0.22,0.0,LOW
1.9,3.7,7.7,12.0,16.3,35.9,58.7,1015.2,35.9,25.1,5.3,334.3,40.1,4,31.2,LOW,0.12,0.0,LOW
9.1,18.6,28.7,55.8,77.9,31.7,71.3,1001.1,33.6,34.3,0.5,1090.8,62.1,4,64.7,MODERATE,0.28,0.0,MODERATE
2.3,6.0,9.5,16.9,27.3,33.6,69.5,1001.5,32.7,24.2,1.9,30.2,44.1,5,42.3,MODERATE,0.31,0.23,MODERATE
1.6,3.9,6.2,12.4,18.6,32.2,64.8,1014.8,17.4,17.6,3.3,145.7,48.2,6,38.1,LOW,0.28,0.0,MODERATE
35.9,86.3,189.5,283.0,475.9,30.4,86.8,989.1,53.5,4.1,2.5,35.1,81.1,6,131.5,HIGH,0.98,2.13,CRITICAL
9.3,20.8,33.9,53.5,72.8,33.9,72.6,1001.7,52.9,24.3,1.0,335.5,56.9,4,56.2,MODERATE,0.54,0.6,HIGH
10.4,23.1,49.1,79.5,110.9,31.5,65.5,1006.6,27.4,23.1,1.5,61.9,62.3,3,56.1,MODERATE,0.79,1.2,CRITICAL
1.7,4.2,9.3,14.8,23.4,30.6,65.3,1008.8,31.6,8.7,1.5,262.9,37.0,4,46.4,MODERATE,0.37,0.67,HIGH
6.5,16.3,28.8,44.7,69.3,25.8,72.1,1000.7,42.8,26.0,17.2,498.7,60.7,4,73.2,MODERATE,0.33,0.22,MODERATE
21.3,49.1,95.4,158.9,227.7,30.5,64.3,1005.3,48.1,16.4,1.7,83.3,88.7,6,75.0,MODERATE,0.98,1.74,CRITICAL
5.6,15.1,30.8,55.1,82.8,29.9,88.2,983.8,57.3,16.8,1.1,550.0,56.0,3,106.0,HIGH,0.8,1.53,CRITICAL
1.6,4.3,7.6,12.0,15.9,32.3,75.3,999.4,61.2,10.2,6.4,38.6,41.1,4,94.5,HIGH,0.6,0.89,HIGH
4.9,10.9,17.6,25.5,33.7,32.5,73.2,1008.9,26.8,4.2,2.2,76.6,33.5,5,61.6,MODERATE,0.58,1.22,CRITICAL
5.3,13.6,24.5,44.8,60.3,28.2,81.4,996.7,39.4,6.4,2.4,139.9,58.4,4,105.1,HIGH,0.88,1.65,CRITICAL
1.0,2.4,5.0,8.4,13.3,25.8,64.7,1005.5,33.1,28.4,3.1,619.2,48.2,3,45.9,MODERATE,0.12,0.0,LOW
13.7,31.6,64.6,112.0,194.0,30.0,69.6,1008.8,27.4,7.7,3.5,736.3,92.9,5,65.5,MODERATE,0.96,1.93,CRITICAL
32.6,63.4,105.3,176.2,252.0,29.5,66.1,1002.1,30.4,2.0,3.4,109.6,92.1,8,57.9,MODERATE,0.98,2.19,CRITICAL
5.8,13.8,22.3,43.2,56.8,30.1,70.8,1006.4,36.4,106.7,0.4,53.3,49.5,1,52.1,MODERATE,0.05,0.0,LOW
13.7,35.9,77.0,133.6,221.0,31.1,72.4,996.8,46.9,6.3,6.3,730.8,84.6,5,74.5,MODERATE,0.97,2.14,CRITICAL
12.7,32.2,49.2,96.2,166.1,35.4,64.8,1003.2,40.2,21.2,1.1,413.2,86.7,4,72.2,MODERATE,0.94,1.46,CRITICAL
6.3,16.1,32.3,55.2,75.6,31.7,65.8,1010.2,25.5,49.1,1.5,80.3,60.4,1,34.9,LOW,0.29,0.0,MODERATE
0.2,0.4,0.6,0.9,1.3,30.3,54.1,1006.3,31.9,18.5,1.0,325.0,37.6,4,34.2,LOW,0.16,0.0,LOW
1.2,2.6,5.5,8.8,12.1,29.4,63.7,1000.0,36.1,30.9,5.4,797.3,40.0,3,61.9,MODERATE,0.09,0.0,LOW
0.4,0.9,2.0,3.4,4.6,31.3,66.1,1006.9,25.6,69.4,3.4,42.4,37.8,1,43.9,MODERATE,0.05,0.0,LOW
0.0,0.1,0.2,0.3,0.5,29.4,64.1,1011.1,27.8,37.4,5.2,48.2,32.5,2,24.3,LOW,0.07,0.0,LOW
4.6,10.8,16.8,30.4,54.3,28.6,80.5,987.6,46.3,16.7,4.0,136.5,62.4,4,125.6,HIGH,0.86,1.66,CRITICAL
1.0,2.1,3.9,6.0,9.9,33.2,52.8,1014.9,18.0,10.1,0.7,416.4,36.3,7,21.5,LOW,0.17,0.0,LOW
1.9,4.6,7.8,14.0,25.2,30.8,66.7,1002.1,41.6,13.9,1.6,89.5,39.8,5,83.5,MODERATE,0.59,1.03,HIGH
0.4,0.9,1.6,3.0,4.5,32.3,67.6,1008.6,23.8,35.2,2.8,659.0,41.8,2,34.5,LOW,0.06,0.0,LOW
2.9,6.1,12.0,21.7,37.9,33.2,63.3,1015.2,42.5,36.6,1.6,542.4,45.3,2,34.3,LOW,0.12,0.0,LOW
3.5,6.8,11.3,19.0,26.7,24.7,77.7,993.3,45.1,35.7,1.1,327.8,42.3,2,92.5,HIGH,0.35,0.14,MODERATE
15.8,41.3,72.3,144.3,196.1,31.5,79.1,999.0,66.2,18.4,7.4,61.9,96.0,5,120.0,HIGH,0.98,1.74,CRITICAL
0.1,0.1,0.3,0.4,0.7,28.7,72.5,1002.5,30.4,13.7,5.1,1702.7,38.6,5,83.5,MODERATE,0.07,0.0,LOW
15.6,29.7,58.0,84.9,126.1,27.0,70.1,998.3,41.2,8.7,1.8,270.9,73.3,6,77.0,MODERATE,0.93,1.93,CRITICAL
4.4,11.3,19.6,37.1,54.2,29.9,55.4,1019.7,15.7,2.1,5.4,243.6,42.8,7,8.1,LOW,0.35,0.71,HIGH
10.2,27.4,53.9,82.4,134.7,30.8,67.3,997.7,49.7,28.0,3.8,2074.3,74.1,3,82.1,MODERATE,0.34,0.37,MODERATE
11.1,27.4,55.8,102.1,149.7,29.5,71.7,1000.3,35.8,7.8,0.3,772.8,71.1,4,92.5,HIGH,0.94,1.96,CRITICAL
19.5,37.4,71.6,107.9,171.1,26.7,72.7,1006.7,28.0,9.2,2.0,246.6,79.8,5,70.8,MODERATE,0.97,1.97,CRITICAL
2.6,5.4,8.9,12.6,18.3,30.5,80.1,994.8,53.4,35.4,1.5,221.2,40.9,1,97.2,HIGH,0.36,0.14,MODERATE
48.2,129.1,193.6,289.6,490.0,26.6,78.2,1001.6,34.6,3.0,1.2,53.3,89.8,7,131.7,HIGH,0.98,2.09,CRITICAL
8.3,21.2,43.7,71.0,103.4,31.4,64.9,1007.7,24.8,49.3,1.3,1007.0,66.7,0,65.4,MODERATE,0.27,0.0,LOW
11.7,27.5,57.1,83.5,130.9,30.9,77.5,1002.2,34.2,2.0,10.3,720.5,74.9,5,93.0,HIGH,0.9,1.94,CRITICAL
3.1,6.5,12.9,19.5,25.6,32.8,68.2,1004.2,36.7,52.4,2.6,156.0,46.3,1,69.3,MODERATE,0.16,0.0,LOW
7.7,14.6,22.7,42.3,71.7,34.5,79.5,1000.5,34.3,12.9,6.9,546.9,48.0,4,97.8,HIGH,0.67,1.11,HIGH
12.0,22.9,43.8,81.5,131.2,25.5,78.7,992.1,45.1,3.9,1.1,561.7,82.9,8,86.5,MODERATE,0.95,1.83,CRITICAL
6.3,15.0,31.2,59.0,82.3,30.9,69.9,1007.7,25.1,22.2,1.0,113.3,57.5,3,84.0,MODERATE,0.79,1.33,CRITICAL
3.6,6.9,12.2,23.3,32.8,32.0,64.0,1019.9,19.2,42.7,8.0,376.4,50.1,1,38.5,LOW,0.09,0.0,LOW
0.6,1.5,2.5,4.1,5.9,31.8,67.4,1005.2,38.5,12.4,2.7,126.9,24.1,5,56.3,MODERATE,0.29,0.0,MODERATE
2.8,5.7,10.9,20.9,33.3,31.5,68.1,1006.9,29.7,23.2,8.2,607.8,42.8,3,68.0,MODERATE,0.21,0.0,LOW
3.4,8.3,17.3,29.7,46.7,30.6,70.3,1010.9,25.7,71.9,0.5,78.5,40.5,0,45.7,MODERATE,0.08,0.0,LOW
3.2,6.4,9.8,16.5,23.7,28.1,76.4,994.2,39.2,7.0,9.0,435.0,37.2,7,93.5,HIGH,0.47,0.91,HIGH
0.2,0.4,0.8,1.4,2.3,29.9,50.4,1019.5,14.4,32.9,2.2,164.9,35.9,4,16.3,LOW,0.07,0.0,LOW
1.2,2.4,4.7,7.1,12.4,33.4,77.9,1006.7,27.0,8.3,0.9,29.0,36.7,5,73.2,MODERATE,0.55,0.9,HIGH
0.7,1.8,3.4,6.5,8.5,33.7,55.1,1018.9,18.5,12.0,4.3,65.2,43.9,6,11.1,LOW,0.19,0.0,LOW
6.2,14.7,28.7,47.6,71.8,32.1,74.3,998.8,39.8,8.0,5.9,419.3,63.6,4,91.5,HIGH,0.79,1.62,CRITICAL
0.2,0.3,0.6,0.9,1.5,32.0,62.0,1020.5,35.4,12.6,0.5,119.2,30.6,5,20.1,LOW,0.18,0.0,LOW
11.6,30.0,47.7,70.2,111.9,29.9,60.2,1011.6,21.3,2.1,15.6,393.9,63.3,7,53.6,MODERATE,0.72,1.57,CRITICAL
6.2,14.5,24.1,36.1,47.3,28.6,59.7,1009.7,29.9,8.5,4.5,218.6,42.8,5,44.5,MODERATE,0.46,0.7,HIGH
8.3,22.0,42.5,82.2,115.5,31.9,68.2,1007.0,31.3,12.6,1.7,463.4,72.5,4,39.0,LOW,0.75,1.43,CRITICAL
1.1,3.0,4.5,8.9,11.9,27.8,61.2,1002.9,35.4,20.0,0.9,273.1,39.1,5,46.6,MODERATE,0.24,0.0,LOW
2.8,7.3,14.3,23.0,36.5,36.7,59.0,1015.2,33.5,20.3,2.0,155.2,45.2,4,43.3,MODERATE,0.35,0.3,MODERATE
5.0,9.8,19.3,30.3,49.2,27.6,68.8,1006.2,28.0,17.8,1.2,74.9,50.1,3,53.9,MODERATE,0.55,0.86,HIGH
50.1,100.0,166.7,255.3,352.3,29.1,80.5,988.3,44.8,8.2,2.7,173.5,88.4,5,151.0,EXTREME,0.98,1.96,CRITICAL
12.0,32.3,62.0,117.5,172.3,33.3,68.4,995.5,46.0,55.0,5.6,397.9,78.1,1,74.1,MODERATE,0.74,0.5,HIGH
7.5,17.3,32.4,49.4,72.3,32.0,77.8,1003.4,32.4,11.0,4.1,527.6,55.1,6,83.5,MODERATE,0.7,1.43,CRITICAL
11.4,23.8,40.1,78.3,133.9,31.5,66.9,1007.6,24.8,6.4,2.3,81.4,70.5,5,56.6,MODERATE,0.93,1.9,CRITICAL
1.4,3.5,6.4,11.5,16.1,28.2,76.1,1004.5,30.2,16.6,0.7,429.8,41.2,5,63.2,MODERATE,0.32,0.33,MODERATE
0.0,0.1,0.2,0.4,0.6,28.6,59.0,1015.4,19.8,26.9,11.3,90.1,27.0,3,12.1,LOW,0.05,0.0,LOW
13.8,34.3,61.7,106.8,180.7,30.3,77.3,988.4,52.0,2.2,1.4,110.3,85.6,5,114.7,HIGH,0.98,2.0,CRITICAL
0.7,1.8,3.4,6.2,10.6,34.6,68.9,1006.2,27.7,7.8,1.4,303.0,34.5,5,42.6,MODERATE,0.29,0.0,MODERATE
1.5,3.7,5.7,10.0,16.4,27.5,79.7,989.5,47.5,33.4,3.9,144.7,40.3,4,93.0,HIGH,0.34,0.15,MODERATE
4.8,10.1,15.8,29.9,43.4,28.7,57.5,1011.5,26.1,14.7,5.5,426.7,51.5,4,35.1,LOW,0.29,0.0,MODERATE
2.7,5.9,9.2,17.5,29.9,24.4,76.5,1004.2,33.1,11.5,14.8,1200.0,40.4,5,64.5,MODERATE,0.1,0.0,LOW
5.0,11.1,22.6,39.7,66.4,28.7,62.6,1008.6,52.9,50.1,12.5,76.3,59.2,1,67.6,MODERATE,0.26,0.0,LOW
19.2,44.1,76.9,136.9,226.2,29.4,65.2,997.7,35.3,3.7,8.9,336.2,81.3,6,51.6,MODERATE,0.98,2.03,CRITICAL
1.6,3.3,5.4,10.6,14.1,36.2,66.5,1015.9,40.4,19.2,2.3,990.8,46.6,4,38.1,LOW,0.09,0.0,LOW
0.8,1.8,3.7,7.2,9.5,33.6,59.0,1013.9,25.3,9.5,0.9,88.8,43.8,4,26.7,LOW,0.3,0.0,MODERATE
0.5,1.2,1.9,3.4,5.7,32.1,61.5,1010.0,35.0,3.3,3.4,188.7,32.1,5,42.9,MODERATE,0.31,0.59,MODERATE
0.8,1.8,3.0,4.3,7.6,29.5,60.6,1003.9,33.0,6.3,0.4,65.1,32.7,5,45.4,MODERATE,0.38,0.77,HIGH
0.4,1.1,2.0,2.9,4.9,29.9,73.3,1009.9,27.2,19.8,1.1,405.4,28.9,3,64.7,MODERATE,0.22,0.0,LOW
0.7,1.6,2.8,5.4,9.3,33.4,66.9,999.0,50.4,2.5,0.3,435.3,42.2,5,68.7,MODERATE,0.46,0.89,HIGH
2.5,5.1,9.8,14.2,22.3,32.2,63.0,1012.3,38.1,18.1,1.0,429.7,39.5,6,44.4,MODERATE,0.24,0.0,LOW
1.1,2.6,4.5,6.9,10.0,27.3,61.9,1019.0,15.2,58.6,2.6,311.8,35.7,0,33.2,LOW,0.05,0.0,LOW
4.9,12.5,22.2,34.2,56.1,30.2,63.4,1014.1,19.9,30.5,2.0,536.2,44.8,3,37.8,LOW,0.2,0.0,LOW
18.2,39.2,82.6,145.3,240.6,27.7,73.2,998.8,39.2,9.6,1.9,28.9,99.0,6,73.0,MODERATE,0.98,1.9,CRITICAL
6.5,15.6,33.1,57.8,94.7,29.7,57.6,1008.1,42.7,4.7,6.5,1215.3,56.2,7,44.5,MODERATE,0.39,0.79,HIGH
7.5,15.1,31.4,49.5,87.7,30.6,73.2,994.0,41.7,13.3,4.2,110.4,59.2,5,87.3,MODERATE,0.85,1.62,CRITICAL
0.6,1.2,2.6,4.0,5.9,31.1,65.6,1009.9,30.9,11.0,9.9,64.3,37.7,6,26.2,LOW,0.17,0.0,LOW
5.9,15.5,29.4,54.7,72.2,31.0,61.5,1008.8,33.3,66.2,2.4,1091.4,52.9,2,40.9,MODERATE,0.05,0.0,LOW
5.6,14.8,29.0,56.8,99.7,31.8,82.2,989.1,55.7,84.7,1.4,689.3,59.4,0,109.3,HIGH,0.21,0.0,LOW
1.0,2.3,4.3,6.2,8.6,27.6,79.8,995.1,44.1,11.5,0.8,565.1,35.5,5,113.8,HIGH,0.52,0.8,HIGH
15.7,38.7,79.4,117.5,193.8,35.0,75.2,1002.6,34.0,4.9,4.2,57.0,91.1,5,86.5,MODERATE,0.98,2.07,CRITICAL
2.7,7.0,13.3,23.7,41.1,28.7,64.4,1002.4,57.3,45.5,6.8,641.2,44.6,3,69.3,MODERATE,0.12,0.0,LOW
3.0,8.1,12.8,24.1,35.1,29.5,87.7,994.7,45.5,30.4,1.0,371.9,52.8,4,121.0,HIGH,0.62,0.81,HIGH
13.0,29.9,61.7,115.7,198.5,30.4,69.7,1008.3,34.4,14.9,7.7,515.2,85.7,8,70.9,MODERATE,0.95,1.84,CRITICAL
14.1,33.1,67.3,123.3,180.8,31.3,66.8,1007.1,28.6,10.2,2.9,1466.6,88.5,4,71.1,MODERATE,0.86,1.64,CRITICAL
3.5,7.7,16.0,31.0,52.6,31.6,75.3,1003.3,37.9,12.7,0.8,97.2,40.7,4,66.3,MODERATE,0.64,1.17,HIGH
4.9,9.6,15.7,24.0,32.0,30.9,85.5,998.6,36.3,43.8,3.9,281.7,39.9,1,74.5,MODERATE,0.2,0.0,LOW
2.1,4.7,7.9,11.6,18.9,30.0,54.2,1013.9,20.5,5.7,2.9,546.9,36.1,4,29.0,LOW,0.2,0.0,LOW
2.3,5.7,9.8,17.4,28.4,29.8,56.2,1019.1,23.0,31.6,0.4,231.1,37.3,2,42.0,MODERATE,0.19,0.0,LOW
0.4,1.0,1.9,3.6,5.5,36.4,59.9,1000.9,37.5,2.3,2.1,36.4,37.9,5,75.6,MODERATE,0.58,1.05,HIGH
7.9,20.7,33.0,57.7,94.8,28.8,73.6,999.8,41.9,47.6,5.7,59.9,60.5,1,89.2,MODERATE,0.61,0.56,HIGH
17.4,33.7,59.7,118.0,207.9,33.0,67.0,1009.2,25.6,14.5,3.1,365.2,78.6,6,50.1,MODERATE,0.96,1.69,CRITICAL
2.4,5.5,9.0,16.9,28.2,26.2,70.7,1002.0,37.8,6.6,1.5,142.5,52.7,4,49.6,MODERATE,0.54,1.24,CRITICAL
15.9,31.6,53.2,96.8,172.4,29.8,66.2,1003.8,33.3,2.1,9.5,71.4,83.3,5,58.4,MODERATE,0.96,1.99,CRITICAL
8.3,17.2,34.3,49.2,75.0,31.2,53.3,1011.3,28.2,16.8,1.3,172.8,55.6,3,38.6,LOW,0.58,0.86,HIGH
4.0,10.5,22.1,32.3,50.5,29.7,83.3,988.8,46.7,7.0,1.3,100.3,55.4,8,102.0,HIGH,0.85,1.69,CRITICAL
5.9,13.6,20.6,38.6,55.3,25.4,66.9,1016.2,26.0,20.0,1.8,24.2,55.2,6,51.3,MODERATE,0.57,0.81,HIGH
1.7,4.1,7.9,11.9,21.4,31.2,65.1,1005.6,39.9,7.9,8.2,77.6,39.4,5,38.5,LOW,0.31,0.46,MODERATE
11.3,22.0,33.5,47.5,63.1,27.3,73.5,1001.5,33.4,3.7,2.8,830.6,42.6,5,74.6,MODERATE,0.55,1.1,HIGH
9.0,20.2,31.5,61.3,90.7,31.4,61.3,1004.2,31.0,14.7,4.3,19.6,62.8,5,48.7,MODERATE,0.75,1.37,CRITICAL
2.1,5.1,10.1,19.6,28.4,28.0,71.1,1004.7,36.4,17.0,13.4,579.9,38.0,4,75.2,MODERATE,0.21,0.0,LOW
14.6,29.2,58.9,90.2,134.6,26.5,78.3,990.3,52.0,12.8,5.7,547.1,78.2,4,114.6,HIGH,0.94,1.9,CRITICAL
2.9,6.2,12.8,23.8,41.9,31.7,54.6,1017.7,24.1,13.0,1.0,330.7,42.6,4,11.3,LOW,0.25,0.0,LOW
2.7,5.2,9.5,13.6,20.2,28.1,64.4,1005.4,36.2,18.0,5.7,103.8,38.3,7,65.8,MODERATE,0.36,0.24,MODERATE
0.9,2.3,4.8,7.6,13.3,30.0,63.6,1008.8,27.5,15.5,5.1,814.6,31.9,3,25.7,LOW,0.07,0.0,LOW
0.4,1.1,1.8,3.2,4.9,28.8,64.0,1013.1,23.1,4.6,1.2,259.9,30.0,5,15.1,LOW,0.19,0.0,LOW
7.4,19.0,31.8,59.0,102.0,24.9,68.9,996.3,38.6,6.0,1.7,87.3,62.5,5,70.2,MODERATE,0.9,1.89,CRITICAL
19.3,51.8,82.5,116.0,181.1,33.8,63.3,1009.0,24.6,4.8,4.6,228.0,83.8,5,37.2,LOW,0.95,1.94,CRITICAL
13.1,33.7,69.5,110.8,161.3,27.1,70.1,1002.7,39.1,23.3,1.3,97.4,77.0,3,75.2,MODERATE,0.95,1.64,CRITICAL
1.9,4.9,8.2,12.5,19.0,31.2,57.3,1012.2,20.8,15.5,1.1,194.2,50.5,6,31.0,LOW,0.29,0.0,MODERATE
11.3,26.7,43.0,86.0,130.0,30.1,91.9,986.9,68.1,12.1,4.6,275.9,73.8,7,126.6,HIGH,0.97,2.15,CRITICAL
2.1,4.8,9.3,16.8,24.0,29.0,64.9,1004.2,42.3,30.8,7.7,184.5,41.7,2,66.2,MODERATE,0.23,0.0,LOW
1.4,3.2,4.9,8.1,11.7,27.9,69.3,999.9,48.2,9.1,0.6,421.7,24.4,4,63.9,MODERATE,0.31,0.35,MODERATE
3.1,7.8,12.0,17.3,24.1,31.7,60.7,1008.7,42.6,17.1,2.4,1059.1,45.8,4,33.4,LOW,0.1,0.0,LOW
4.4,9.0,14.1,24.8,36.5,34.0,74.3,1009.0,27.5,3.4,3.6,177.6,60.0,6,48.3,MODERATE,0.59,1.24,CRITICAL
6.9,13.5,20.2,36.1,58.3,26.9,76.1,999.0,48.5,26.6,4.2,182.1,50.1,3,69.9,MODERATE,0.5,0.7,HIGH
24.7,65.5,130.3,246.2,367.6,29.5,68.7,998.9,35.0,23.4,19.8,524.4,85.9,5,84.0,MODERATE,0.98,1.68,CRITICAL
7.5,14.3,27.1,42.7,70.7,26.2,74.8,1004.1,28.5,31.2,4.3,302.4,55.3,3,76.1,MODERATE,0.52,0.44,HIGH
9.0,24.1,39.6,78.8,141.4,28.7,75.6,997.4,47.5,40.8,3.7,227.8,66.7,2,69.1,MODERATE,0.75,0.84,CRITICAL
0.6,1.5,2.6,4.3,6.4,31.7,64.1,1012.2,20.7,27.5,16.3,653.8,39.1,4,33.6,LOW,0.05,0.0,LOW
42.9,92.8,191.9,302.7,463.6,28.1,69.3,1001.9,66.3,35.5,0.5,857.4,97.5,2,117.5,HIGH,0.98,1.54,CRITICAL
21.8,53.7,99.3,159.9,220.9,26.2,84.4,980.3,61.6,9.6,0.6,354.4,86.6,4,155.7,EXTREME,0.98,2.2,CRITICAL
17.2,44.1,87.6,150.0,224.4,26.7,72.7,1001.8,41.8,9.6,3.2,92.8,86.8,6,76.9,MODERATE,0.98,2.06,CRITICAL
5.0,10.5,19.1,37.5,62.4,29.7,72.8,996.2,38.7,54.0,1.9,253.6,51.8,1,108.7,HIGH,0.45,0.1,MODERATE
9.3,23.3,38.8,71.4,100.6,31.4,88.6,991.1,50.5,46.3,0.7,281.7,60.2,0,101.9,HIGH,0.7,0.74,HIGH
6.9,17.5,38.2,66.7,92.7,26.5,70.5,994.5,38.5,16.3,1.6,230.1,52.9,3,82.4,MODERATE,0.81,1.5,CRITICAL
1.7,3.6,6.8,10.1,15.1,29.3,75.5,1005.9,41.0,10.2,4.2,130.7,37.2,7,52.4,MODERATE,0.36,0.55,MODERATE
3.3,6.3,10.0,14.9,25.5,33.5,59.0,1016.3,17.3,38.2,7.7,257.9,39.1,1,31.3,LOW,0.08,0.0,LOW
14.4,29.6,52.9,89.9,145.0,34.1,67.9,1007.7,34.2,9.0,0.6,239.8,81.7,7,96.6,HIGH,0.97,2.06,CRITICAL
1.7,3.4,6.0,11.0,19.5,26.2,76.8,999.8,34.7,5.0,3.0,104.3,46.1,5,98.3,HIGH,0.72,1.51,CRITICAL
0.4,0.9,1.4,2.6,4.6,30.8,62.3,1008.9,24.0,20.4,1.5,903.2,43.3,3,52.3,MODERATE,0.11,0.0,LOW
12.0,29.7,64.1,98.4,135.3,30.9,75.9,1001.1,36.6,2.8,4.2,838.0,76.2,6,75.7,MODERATE,0.89,2.03,CRITICAL
2.1,4.5,9.6,14.0,18.5,29.6,59.7,999.1,34.9,10.6,3.1,556.7,41.1,6,58.8,MODERATE,0.29,0.0,MODERATE
9.4,24.4,40.0,65.3,97.9,23.2,72.7,995.2,47.9,31.7,9.4,209.7,57.5,2,104.7,HIGH,0.74,0.88,HIGH
13.3,27.9,48.7,95.1,148.4,29.9,75.7,990.1,44.8,8.3,0.4,190.8,82.4,5,112.3,HIGH,0.98,1.9,CRITICAL
2.7,6.0,12.2,21.1,32.9,34.0,64.9,1001.7,34.1,50.2,2.5,494.0,45.8,2,62.9,MODERATE,0.12,0.0,LOW
10.4,25.0,41.2,65.6,89.7,31.2,66.4,1006.3,32.7,58.2,1.0,371.0,53.4,2,63.3,MODERATE,0.28,0.0,MODERATE
5.9,15.5,29.6,47.2,64.3,28.0,71.1,1004.2,30.9,32.5,3.0,363.8,48.1,4,78.8,MODERATE,0.46,0.39,MODERATE
17.6,40.9,81.4,120.4,159.3,28.9,74.8,1001.5,34.8,81.1,7.0,65.4,72.5,1,100.2,HIGH,0.63,0.1,HIGH
14.2,31.1,60.9,102.6,177.0,34.0,76.1,997.0,49.1,15.6,8.8,381.0,73.4,3,76.4,MODERATE,0.93,1.65,CRITICAL
9.0,23.2,46.3,86.9,154.1,33.7,61.1,1010.2,23.7,17.2,2.1,897.1,79.3,3,49.2,MODERATE,0.79,1.47,CRITICAL
0.2,0.5,1.0,1.9,2.6,30.8,79.3,993.8,39.5,34.6,6.1,49.1,29.5,2,96.3,HIGH,0.26,0.0,LOW
1.3,2.5,5.5,9.4,13.2,32.5,63.9,1011.6,23.8,14.2,1.5,172.4,34.9,4,33.3,LOW,0.24,0.0,LOW
1.0,2.3,3.9,5.9,7.9,27.9,80.0,996.5,40.5,11.4,0.3,285.3,37.4,4,101.8,HIGH,0.57,1.01,HIGH
5.7,14.4,30.4,55.0,95.6,29.3,77.5,998.6,40.2,19.2,7.1,455.2,60.3,3,81.0,MODERATE,0.7,1.19,HIGH
24.7,47.5,71.9,133.3,237.3,28.8,78.6,992.5,43.9,21.3,0.7,50.7,86.4,3,124.3,HIGH,0.98,1.77,CRITICAL
4.7,11.2,19.0,27.4,39.3,31.5,67.4,1000.7,44.2,27.0,0.4,798.6,53.4,3,66.4,MODERATE,0.26,0.0,LOW
6.3,15.0,23.1,44.1,64.0,35.6,58.7,1013.3,19.2,21.9,1.8,30.7,45.0,4,37.7,LOW,0.47,0.64,HIGH
1.9,5.0,9.8,18.6,27.6,34.1,62.3,1009.4,27.4,26.6,2.0,755.9,35.2,5,46.6,MODERATE,0.12,0.0,LOW
1.5,3.2,5.0,8.5,13.2,28.3,60.3,1013.3,22.7,22.2,0.6,25.7,40.9,3,53.0,MODERATE,0.33,0.3,MODERATE
12.4,26.4,55.3,96.0,157.5,31.8,66.3,1009.4,31.2,13.8,6.2,78.3,75.2,5,65.2,MODERATE,0.94,1.7,CRITICAL
5.9,13.4,26.2,47.8,74.2,31.2,79.6,995.6,64.1,4.6,2.1,627.2,52.1,6,93.0,HIGH,0.78,1.53,CRITICAL
12.1,26.4,40.1,72.5,128.6,31.8,70.5,1002.2,36.0,29.7,2.7,762.6,65.0,3,71.0,MODERATE,0.66,0.98,HIGH
2.5,6.1,12.3,17.3,23.4,28.2,73.9,998.4,68.8,2.6,1.4,1547.3,43.1,7,83.6,MODERATE,0.23,0.0,LOW
8.9,21.6,45.4,66.9,113.6,38.0,60.2,1016.3,18.7,90.1,2.8,61.7,67.4,3,33.3,LOW,0.12,0.0,LOW
8.4,21.2,41.6,62.3,91.3,26.1,74.0,994.8,38.0,33.7,5.4,299.1,60.7,3,77.8,MODERATE,0.6,0.48,HIGH
4.8,12.1,18.5,34.3,51.0,29.0,57.9,1012.6,21.1,22.0,8.6,45.5,46.1,4,33.5,LOW,0.3,0.0,MODERATE
0.2,0.6,1.3,2.2,3.7,32.3,53.7,1012.6,23.6,63.2,12.6,79.6,32.3,1,43.5,MODERATE,0.05,0.0,LOW
0.6,1.4,2.8,4.8,8.4,38.0,52.7,1020.6,14.5,19.1,2.2,87.9,36.5,4,25.9,LOW,0.18,0.0,LOW
19.5,52.5,92.7,172.7,286.4,28.1,73.7,1001.5,31.8,3.0,16.4,39.9,94.8,6,67.7,MODERATE,0.98,1.95,CRITICAL
8.5,17.7,30.6,49.1,82.9,30.8,60.2,1011.1,25.7,16.8,1.5,864.2,65.6,3,22.1,LOW,0.33,0.28,MODERATE
0.0,0.1,0.2,0.4,0.6,35.7,53.8,1022.0,13.3,7.8,0.3,66.3,40.7,5,2.0,LOW,0.19,0.0,LOW
3.3,7.6,16.1,26.8,39.1,29.9,75.0,999.8,33.8,10.3,5.4,392.1,48.3,4,54.4,MODERATE,0.41,0.74,HIGH
6.9,17.7,29.6,48.2,80.9,28.1,81.5,992.0,43.5,13.1,1.0,388.5,62.2,4,86.8,MODERATE,0.81,1.69,CRITICAL
2.2,4.9,7.7,12.4,20.9,29.9,75.8,989.0,61.1,28.8,0.5,99.2,34.8,5,106.3,HIGH,0.52,0.46,HIGH
7.3,18.5,39.0,77.2,121.0,32.2,68.7,1011.1,24.1,14.6,9.3,2464.0,64.7,5,50.6,MODERATE,0.11,0.0,LOW
2.7,7.2,11.0,20.4,32.0,31.1,86.9,989.0,53.8,13.6,5.8,177.2,46.4,6,91.2,HIGH,0.6,0.9,HIGH
2.9,7.3,15.6,22.0,37.0,33.5,65.4,1001.8,38.2,8.5,0.7,909.9,44.6,4,77.8,MODERATE,0.41,0.79,HIGH
5.2,13.1,22.5,44.4,75.8,32.0,61.4,1008.7,28.0,16.0,5.6,1140.6,57.5,3,42.0,MODERATE,0.24,0.0,LOW
4.8,9.4,17.5,32.6,47.9,31.6,73.2,1006.6,28.0,7.1,6.8,1145.8,53.1,5,55.0,MODERATE,0.24,0.0,LOW
7.3,15.0,23.9,35.6,60.6,31.7,64.9,1008.6,27.4,7.4,8.5,546.1,55.8,5,63.4,MODERATE,0.52,0.91,HIGH
13.5,36.2,77.1,111.5,190.4,32.2,55.9,1006.9,32.6,27.5,3.0,126.3,81.9,3,59.1,MODERATE,0.94,1.51,CRITICAL
0.2,0.5,1.1,1.7,2.5,32.3,52.9,1015.9,19.7,9.5,4.6,63.9,35.7,4,18.9,LOW,0.19,0.0,LOW
11.6,27.3,58.6,104.0,172.5,29.6,73.7,996.9,37.6,2.9,5.3,335.6,77.8,6,81.4,MODERATE,0.97,1.97,CRITICAL
2.0,4.5,8.8,15.6,21.8,32.9,67.3,999.2,34.3,9.6,4.4,184.6,37.1,6,74.7,MODERATE,0.49,0.9,HIGH
4.7,9.0,14.7,23.1,31.0,33.6,71.7,998.4,51.0,20.3,3.9,690.7,35.0,4,75.1,MODERATE,0.25,0.0,LOW
0.1,0.3,0.6,0.9,1.5,27.9,63.1,1012.1,24.8,32.3,3.1,534.3,36.1,2,34.8,LOW,0.06,0.0,LOW
0.8,1.8,3.4,5.2,9.1,31.8,69.7,1012.7,27.4,60.8,2.6,138.0,28.6,0,30.4,LOW,0.05,0.0,LOW
2.0,4.2,8.0,11.5,15.1,29.5,64.0,1008.8,28.9,26.7,19.7,21.5,41.1,2,60.3,MODERATE,0.14,0.0,LOW
1.8,3.7,7.8,13.4,23.0,31.3,65.9,1015.1,33.6,12.1,1.7,117.9,48.1,6,57.7,MODERATE,0.48,0.94,HIGH
26.6,61.4,108.6,174.6,271.2,30.3,83.6,995.0,44.0,8.4,0.6,333.2,92.7,4,116.9,HIGH,0.98,1.95,CRITICAL
4.3,10.2,20.3,35.0,60.6,34.3,64.4,1019.2,18.1,4.5,5.4,46.3,51.9,7,22.4,LOW,0.53,1.08,HIGH
9.2,19.2,41.8,82.2,141.5,32.2,59.6,1017.9,34.8,19.8,1.1,423.0,81.6,6,45.0,MODERATE,0.84,1.25,CRITICAL
2.6,6.2,10.0,14.8,25.8,26.8,53.7,1011.3,31.2,14.8,3.0,438.3,43.7,4,40.6,MODERATE,0.25,0.0,LOW
0.5,1.4,3.0,4.2,7.1,30.3,58.8,1020.1,12.8,22.4,0.7,85.5,32.6,4,11.0,LOW,0.12,0.0,LOW
5.0,11.4,20.5,29.7,51.1,31.0,85.0,990.9,43.4,6.9,3.7,359.7,49.7,5,118.8,HIGH,0.82,1.66,CRITICAL
3.2,8.3,16.6,27.9,38.7,23.2,71.7,1000.5,44.3,9.0,10.4,369.9,55.4,5,69.3,MODERATE,0.47,0.6,HIGH
4.2,11.0,18.8,34.3,49.8,32.8,82.2,998.7,48.2,8.2,4.8,262.0,43.2,4,74.7,MODERATE,0.62,1.12,HIGH
6.1,12.0,20.9,36.5,51.8,32.8,67.9,1011.1,27.4,30.8,1.1,1178.9,42.4,2,48.1,MODERATE,0.11,0.0,LOW
7.9,15.6,23.7,40.2,67.2,32.8,78.5,996.1,43.0,5.4,12.7,58.5,56.6,5,104.0,HIGH,0.83,1.83,CRITICAL
2.7,6.2,13.4,21.7,29.8,31.1,68.8,1011.4,28.8,18.9,1.6,213.3,42.1,5,48.9,MODERATE,0.34,0.47,MODERATE
0.5,1.2,2.4,3.8,5.3,27.1,60.9,1016.6,20.1,2.9,2.3,830.1,33.8,6,12.4,LOW,0.09,0.0,LOW
0.1,0.1,0.2,0.3,0.6,32.6,51.4,1010.9,30.5,16.4,2.7,200.5,28.9,5,24.6,LOW,0.13,0.0,LOW
1.4,2.9,6.5,11.5,18.9,34.2,64.1,1007.4,25.8,3.2,16.7,225.0,30.5,7,62.1,MODERATE,0.27,0.0,LOW
1.2,3.0,5.7,8.6,14.9,31.8,81.2,996.6,62.0,5.5,0.5,434.3,31.8,5,97.4,HIGH,0.56,1.19,HIGH
13.2,25.1,52.7,98.2,134.5,28.0,70.2,997.8,45.8,4.2,4.5,431.2,80.1,5,83.8,MODERATE,0.94,2.25,CRITICAL
0.3,0.9,1.4,2.5,3.8,32.3,59.0,1015.6,24.5,9.7,1.9,23.8,36.0,4,25.9,LOW,0.25,0.0,LOW
4.6,9.6,17.0,26.5,38.2,30.3,58.0,1011.6,23.7,9.6,0.6,246.1,35.7,6,49.1,MODERATE,0.45,0.79,HIGH
4.2,10.9,21.6,36.7,47.8,28.6,77.7,1004.7,29.1,33.5,9.9,169.2,54.1,3,82.0,MODERATE,0.39,0.24,MODERATE
0.7,1.4,2.3,4.5,6.5,32.6,79.8,1001.4,35.2,6.6,3.4,390.5,43.0,4,59.1,MODERATE,0.34,0.76,HIGH
20.1,42.0,77.4,109.4,162.9,25.3,77.8,987.8,53.7,3.6,5.2,323.3,86.0,6,128.2,HIGH,0.98,2.15,CRITICAL
8.8,18.3,33.1,50.3,67.7,27.2,76.5,995.9,44.7,18.7,1.3,414.9,51.5,3,97.0,HIGH,0.72,1.29,CRITICAL
0.2,0.7,1.1,1.8,2.8,30.1,52.2,1021.2,14.6,22.9,5.3,418.0,34.4,3,27.2,LOW,0.08,0.0,LOW
25.1,47.8,81.7,145.7,217.3,25.5,80.3,994.1,46.1,8.3,6.5,126.8,90.7,4,107.5,HIGH,0.98,2.24,CRITICAL
0.3,0.7,1.6,2.5,3.3,31.3,69.8,1006.6,39.2,18.6,2.3,122.5,42.9,3,71.7,MODERATE,0.37,0.35,MODERATE
1.0,2.7,4.5,8.9,14.7,34.8,65.8,1013.6,18.8,28.9,3.3,190.7,36.3,2,42.4,MODERATE,0.16,0.0,LOW
15.1,36.8,60.7,108.3,180.3,28.8,78.7,994.3,43.1,9.7,12.8,120.3,80.8,5,88.3,MODERATE,0.97,1.99,CRITICAL
11.0,24.1,45.2,87.1,149.6,27.1,82.0,1006.6,37.1,15.4,6.9,451.3,79.6,5,90.1,HIGH,0.93,1.7,CRITICAL
1.1,2.8,5.6,8.9,13.8,33.9,57.0,1013.0,25.6,4.9,2.4,365.9,44.8,6,40.8,MODERATE,0.33,0.56,MODERATE
0.3,0.9,1.8,3.3,6.0,34.9,59.9,1005.1,35.7,2.4,4.1,107.7,36.4,5,41.9,MODERATE,0.35,0.89,HIGH
1.8,3.9,8.0,13.0,22.9,31.4,53.0,1022.0,15.8,73.7,5.7,833.9,44.6,2,12.6,LOW,0.05,0.0,LOW
3.9,9.2,14.0,21.7,34.2,27.6,72.0,990.8,80.4,8.4,0.4,249.6,45.0,4,127.7,HIGH,0.84,1.54,CRITICAL
0.5,1.4,2.4,4.7,7.2,33.2,53.9,1014.0,18.6,7.9,3.4,66.6,35.7,4,17.8,LOW,0.22,0.0,LOW
4.7,12.5,25.6,37.2,48.4,34.5,64.7,1003.5,34.3,67.2,14.9,106.0,44.2,2,69.5,MODERATE,0.07,0.0,LOW
8.9,20.2,43.0,84.5,139.9,30.3,58.7,1011.6,21.4,25.5,10.6,310.0,67.7,2,26.8,LOW,0.59,0.7,HIGH
0.2,0.5,1.0,1.7,2.7,27.9,60.8,1008.8,24.9,17.8,6.6,172.0,32.7,4,34.2,LOW,0.14,0.0,LOW
13.7,29.4,45.1,90.0,159.2,31.4,76.1,998.8,37.6,23.6,0.7,739.0,73.9,4,97.0,HIGH,0.91,1.54,CRITICAL
4.8,10.6,18.9,32.5,51.9,32.9,64.4,1006.9,26.7,24.3,18.2,274.4,50.7,3,54.9,MODERATE,0.22,0.0,LOW
6.7,13.7,21.2,39.3,70.7,28.5,80.2,989.2,70.1,27.9,3.6,953.1,60.5,2,109.5,HIGH,0.53,0.55,HIGH
7.9,16.4,33.3,46.7,80.7,30.0,68.9,1010.1,45.6,3.3,1.2,55.8,58.2,5,79.0,MODERATE,0.89,1.98,CRITICAL
17.7,42.9,66.3,112.5,200.0,33.5,62.7,1007.5,28.1,11.6,4.2,434.7,85.4,5,49.7,MODERATE,0.95,1.93,CRITICAL
1.2,2.8,4.6,8.5,12.4,32.7,62.9,1010.4,30.0,8.3,7.1,839.5,42.7,6,40.8,MODERATE,0.13,0.0,LOW
0.6,1.3,2.3,4.3,6.0,30.0,63.2,1014.0,24.3,3.3,0.7,146.7,38.1,6,40.5,MODERATE,0.37,0.69,HIGH
9.7,21.6,39.3,58.8,99.9,31.2,56.3,1008.1,37.7,11.6,9.0,70.4,64.9,4,38.4,LOW,0.7,1.27,CRITICAL
4.7,10.3,18.3,30.3,51.3,27.5,55.6,1006.3,34.0,19.2,9.1,246.8,46.5,5,52.3,MODERATE,0.35,0.42,MODERATE
5.6,15.1,27.5,45.4,63.9,31.4,76.2,997.5,35.0,5.5,0.3,1251.1,58.2,4,96.6,HIGH,0.6,1.27,CRITICAL
8.0,20.6,41.2,60.2,101.2,29.2,75.8,998.9,45.1,8.5,8.4,396.4,68.5,4,84.5,MODERATE,0.84,1.71,CRITICAL
7.1,15.6,27.5,45.7,72.8,31.0,70.8,1015.1,28.1,20.3,10.6,407.4,54.1,3,38.3,LOW,0.32,0.21,MODERATE
4.0,10.6,19.9,37.5,50.8,32.3,59.6,1017.2,20.6,17.6,0.4,438.0,52.6,3,23.9,LOW,0.3,0.0,MODERATE
20.8,45.3,77.6,122.6,190.1,30.5,74.2,1003.0,48.1,38.6,1.5,30.4,92.8,1,54.8,MODERATE,0.93,1.12,CRITICAL
3.6,8.8,15.4,25.5,45.1,33.0,67.2,1005.4,46.1,30.2,1.9,239.2,45.1,4,74.5,MODERATE,0.42,0.33,MODERATE
3.4,9.1,17.5,34.5,53.6,31.1,76.1,997.3,41.2,62.7,1.8,45.7,49.3,1,86.9,MODERATE,0.28,0.0,MODERATE
4.9,10.9,20.2,28.6,48.5,31.7,68.9,1015.0,24.7,18.4,5.3,159.2,48.7,3,40.0,MODERATE,0.38,0.52,MODERATE
1.6,3.9,7.7,13.6,17.8,33.4,53.4,1010.7,66.9,23.6,1.9,670.0,34.4,5,24.2,LOW,0.08,0.0,LOW
1.3,2.8,5.3,9.7,16.2,33.9,57.5,1021.5,13.4,37.5,11.3,420.8,41.7,3,26.6,LOW,0.05,0.0,LOW
6.2,13.0,26.9,49.9,88.5,28.6,85.1,997.5,38.2,35.0,18.8,2074.6,64.5,2,87.6,MODERATE,0.06,0.0,LOW
1.4,3.2,5.8,10.6,16.5,29.9,72.5,1001.8,32.3,24.8,1.6,86.8,38.8,3,74.5,MODERATE,0.38,0.32,MODERATE
4.8,12.9,23.9,43.8,64.4,30.6,75.2,1007.0,43.5,14.5,2.8,207.3,54.4,5,68.3,MODERATE,0.67,1.07,HIGH
5.1,11.5,22.7,32.5,52.8,32.7,61.0,1010.5,32.7,7.7,3.2,645.4,56.5,5,25.1,LOW,0.33,0.49,MODERATE
11.9,31.6,52.3,89.9,158.1,29.5,69.8,1003.2,30.2,39.8,3.3,107.3,76.4,2,87.2,MODERATE,0.9,0.96,CRITICAL
6.4,16.9,29.8,55.8,77.5,28.7,74.6,997.6,67.0,29.0,1.9,78.4,58.1,3,105.2,HIGH,0.81,1.16,CRITICAL
0.4,0.8,1.6,2.4,3.6,36.6,51.5,1012.5,30.2,34.8,0.9,227.0,33.1,3,36.2,LOW,0.1,0.0,LOW
1.9,4.3,6.6,9.2,12.7,33.9,57.8,1011.1,36.3,4.7,0.5,198.9,35.5,5,42.5,MODERATE,0.37,0.61,HIGH
13.2,31.8,57.4,108.4,167.9,27.7,69.2,997.2,35.7,8.8,0.7,1505.5,82.9,7,69.0,MODERATE,0.83,1.73,CRITICAL
1.9,4.4,8.4,15.3,24.1,33.7,63.5,1016.5,21.2,12.0,8.4,246.5,42.8,5,41.1,MODERATE,0.26,0.0,LOW
4.9,9.8,21.2,35.0,62.0,32.3,65.0,1014.9,26.8,34.8,1.5,764.7,54.8,5,64.9,MODERATE,0.27,0.0,LOW
4.7,12.8,27.0,53.1,80.0,31.8,69.2,1006.1,32.5,42.2,0.6,846.8,57.4,2,61.9,MODERATE,0.26,0.0,LOW
2.0,5.1,8.6,15.9,25.3,31.1,72.1,1005.7,35.5,8.0,3.7,80.3,44.3,6,64.0,MODERATE,0.54,1.03,HIGH
8.0,18.0,33.4,66.1,115.2,34.3,64.0,1009.7,36.2,22.9,0.6,492.4,75.0,5,38.8,LOW,0.67,1.02,HIGH
0.9,2.2,3.4,6.6,9.7,30.5,80.4,997.7,38.6,3.5,0.6,138.6,43.0,6,59.3,MODERATE,0.51,1.14,HIGH
5.0,9.9,16.5,27.8,45.5,30.6,68.4,1005.3,42.2,11.5,3.7,52.8,49.2,5,58.7,MODERATE,0.59,1.14,HIGH
3.1,7.1,14.5,26.9,45.2,30.8,83.4,986.7,47.5,14.0,3.4,804.3,50.0,5,128.1,HIGH,0.67,1.3,CRITICAL
0.3,0.7,1.2,2.1,3.1,32.3,61.3,1012.4,22.3,28.1,0.4,146.5,34.3,2,50.6,MODERATE,0.19,0.0,LOW
8.4,22.0,37.0,69.9,96.6,29.2,82.5,991.7,41.3,42.1,2.5,176.0,60.8,2,103.4,HIGH,0.74,0.69,HIGH
1.4,3.0,6.5,12.1,18.8,33.2,56.3,1017.8,17.9,9.4,2.3,163.8,42.6,5,25.0,LOW,0.28,0.0,MODERATE
10.6,24.7,51.4,76.6,113.3,30.1,75.6,1002.2,34.1,15.5,3.1,99.9,66.6,3,63.7,MODERATE,0.86,1.52,CRITICAL
8.8,21.5,44.1,67.9,97.4,30.5,64.3,1003.2,42.3,20.8,5.0,231.6,65.7,6,67.9,MODERATE,0.75,1.3,CRITICAL
10.0,21.7,45.7,71.2,127.3,28.5,67.3,999.7,41.3,9.2,1.5,227.5,76.3,5,69.0,MODERATE,0.93,1.89,CRITICAL
4.4,8.5,17.2,32.6,50.6,28.5,73.9,1002.6,34.5,78.3,2.3,214.7,48.4,4,71.0,MODERATE,0.09,0.0,LOW
2.5,5.8,9.3,17.5,30.2,29.8,58.5,1017.1,23.5,39.5,5.8,957.6,33.3,3,22.7,LOW,0.05,0.0,LOW
11.8,28.2,52.5,89.0,124.4,24.3,83.1,983.9,49.4,8.3,9.3,172.8,79.4,4,119.3,HIGH,0.96,2.05,CRITICAL
2.1,4.0,7.2,12.7,22.4,30.0,64.3,1015.9,17.9,14.8,8.1,26.7,37.9,4,43.5,MODERATE,0.29,0.0,MODERATE
4.8,9.5,16.3,30.8,52.3,30.6,63.2,1007.9,32.3,6.7,2.6,89.7,50.4,6,73.9,MODERATE,0.74,1.44,CRITICAL
30.0,62.0,129.2,205.1,349.5,29.5,75.7,994.7,46.1,15.0,2.9,500.8,93.6,5,105.6,HIGH,0.98,1.73,CRITICAL
2.4,5.3,9.6,13.7,20.5,28.8,82.8,995.9,48.6,22.7,2.9,354.6,47.7,3,110.8,HIGH,0.54,0.75,HIGH
7.7,17.9,27.5,46.5,71.8,26.7,64.9,1019.2,16.9,3.6,7.4,1166.8,63.8,5,16.0,LOW,0.22,0.0,LOW
0.6,1.3,2.2,4.3,6.8,33.5,82.8,997.0,45.9,38.7,6.7,465.5,35.1,1,88.6,MODERATE,0.14,0.0,LOW
3.7,7.8,12.9,24.3,41.1,32.1,74.9,995.2,46.6,18.2,1.6,97.1,52.3,3,71.8,MODERATE,0.6,1.0,HIGH
1.5,4.0,8.5,13.8,23.8,33.1,67.0,1014.7,44.0,84.2,0.9,63.9,42.5,1,40.3,MODERATE,0.05,0.0,LOW
4.9,9.8,19.2,27.6,37.0,35.8,61.5,1007.9,26.4,2.5,2.0,294.5,58.9,5,55.5,MODERATE,0.62,1.21,CRITICAL
1.2,2.8,5.4,9.6,16.7,27.2,70.3,997.0,42.0,34.1,1.5,430.9,45.1,5,89.9,MODERATE,0.29,0.0,MODERATE
8.7,23.1,42.9,81.5,144.1,35.7,55.3,1006.8,32.9,30.3,10.8,83.8,73.7,4,39.8,LOW,0.72,1.04,HIGH
20.0,48.0,93.9,168.9,269.7,27.1,83.8,996.3,89.2,4.6,1.4,364.8,86.0,6,126.7,HIGH,0.98,2.05,CRITICAL
2.9,7.3,14.7,24.4,34.0,32.6,56.8,1014.4,19.6,9.4,1.0,776.0,31.2,6,43.0,MODERATE,0.22,0.0,LOW
2.2,4.9,9.3,13.6,23.3,28.7,60.7,1014.0,24.1,40.9,8.3,509.1,44.8,2,46.3,MODERATE,0.07,0.0,LOW
11.9,22.9,49.4,96.1,151.2,31.3,60.4,1009.5,26.2,15.2,0.6,429.7,81.6,4,50.6,MODERATE,0.9,1.53,CRITICAL
11.3,27.3,59.7,93.5,159.7,32.1,69.6,1008.1,30.2,11.2,1.4,606.8,82.6,4,54.9,MODERATE,0.91,1.79,CRITICAL
0.9,2.1,4.6,7.1,12.1,32.3,54.7,1020.0,14.2,44.5,2.3,56.8,26.6,1,4.9,LOW,0.05,0.0,LOW
6.8,13.6,26.7,50.5,67.8,32.5,62.0,1005.0,27.8,3.8,3.5,101.6,47.4,5,44.0,MODERATE,0.67,1.45,CRITICAL
9.0,20.3,43.8,87.0,139.6,29.6,78.7,995.0,44.5,13.5,1.7,29.8,75.8,6,94.9,HIGH,0.97,1.6,CRITICAL
3.7,9.8,17.4,31.3,48.3,29.9,58.3,1008.8,26.8,21.0,2.7,74.5,57.2,3,32.4,LOW,0.41,0.37,MODERATE
0.4,0.7,1.6,2.8,4.9,31.6,50.8,1022.0,11.6,18.9,1.1,943.7,36.1,5,12.7,LOW,0.05,0.0,LOW
4.9,11.1,23.8,37.9,54.8,31.5,64.8,996.4,39.3,7.5,3.3,110.5,55.5,5,77.0,MODERATE,0.76,1.47,CRITICAL
0.5,1.2,2.6,3.7,5.1,28.6,63.8,1001.9,30.9,16.9,2.1,427.3,31.2,3,60.0,MODERATE,0.21,0.0,LOW
2.5,6.5,13.5,20.4,35.7,33.5,66.6,1008.5,47.8,24.2,6.9,462.0,45.8,4,34.1,LOW,0.16,0.0,LOW
6.2,15.8,28.3,49.5,68.1,33.7,59.1,1004.5,34.8,17.8,2.2,408.9,52.3,4,55.1,MODERATE,0.52,0.76,HIGH
25.7,64.4,103.7,154.6,254.0,25.4,67.8,996.7,49.4,22.8,2.4,321.8,95.9,4,92.8,HIGH,0.98,1.64,CRITICAL
11.5,25.3,43.8,84.5,122.6,34.8,60.9,1014.5,22.0,7.3,3.4,268.0,66.0,5,65.1,MODERATE,0.89,1.71,CRITICAL
0.7,1.4,2.9,4.4,7.0,38.0,52.3,1022.0,28.7,34.2,0.8,221.9,45.3,3,2.0,LOW,0.07,0.0,LOW
7.5,16.3,27.1,46.5,74.8,31.5,77.2,1006.7,31.0,12.8,0.9,960.3,54.0,4,65.8,MODERATE,0.49,0.76,HIGH
2.3,5.6,10.3,17.5,26.4,31.1,83.8,997.3,42.1,80.5,5.8,18.6,36.9,0,95.1,HIGH,0.08,0.0,LOW
12.6,31.0,58.8,103.7,185.4,31.5,74.7,991.8,46.3,2.4,1.4,35.9,80.8,5,89.1,MODERATE,0.98,2.0,CRITICAL
0.5,1.3,2.5,3.9,5.4,30.3,69.6,1007.2,35.7,10.6,4.3,272.7,33.4,5,79.1,MODERATE,0.38,0.58,MODERATE
1.4,3.2,6.9,13.3,19.9,32.4,64.8,1014.4,24.5,5.6,0.7,167.5,42.3,6,59.6,MODERATE,0.52,0.96,HIGH
5.4,12.9,25.4,42.3,64.1,27.9,62.3,1009.0,25.8,16.6,6.3,214.4,49.6,4,36.4,LOW,0.41,0.37,MODERATE
2.0,4.7,9.7,17.7,28.6,31.0,61.1,1005.0,28.7,7.0,15.8,2348.8,38.8,6,43.2,MODERATE,0.05,0.0,LOW
0.4,0.9,1.7,3.0,4.5,31.2,72.4,1000.0,40.0,26.1,1.9,582.1,40.7,2,98.0,HIGH,0.28,0.0,MODERATE
17.6,40.0,83.3,122.5,165.2,30.7,75.0,995.7,42.3,40.4,2.8,812.6,64.4,4,113.3,HIGH,0.84,1.17,CRITICAL
1.5,3.4,5.8,10.2,18.2,34.3,60.7,1012.1,20.9,6.3,2.3,189.7,37.8,5,30.6,LOW,0.31,0.55,MODERATE
0.3,0.8,1.3,2.2,3.4,29.8,64.6,1012.8,23.5,5.2,8.2,119.1,29.3,7,42.8,MODERATE,0.24,0.0,LOW
0.8,1.8,3.9,7.6,11.2,27.6,75.2,991.9,46.6,39.5,0.3,570.2,33.7,4,74.6,MODERATE,0.13,0.0,LOW
0.3,0.8,1.7,3.2,4.9,37.3,52.0,1018.5,27.6,10.1,4.0,641.3,37.6,5,42.9,MODERATE,0.16,0.0,LOW
1.0,2.4,4.7,7.0,9.9,31.0,65.2,1009.9,23.0,12.3,4.0,318.3,36.7,6,44.5,MODERATE,0.23,0.0,LOW
4.5,9.4,17.2,24.9,33.7,32.8,61.0,1016.9,18.6,6.5,2.0,874.9,42.8,5,35.6,LOW,0.21,0.0,LOW
3.8,7.7,13.7,21.5,29.6,29.0,71.7,993.6,52.9,12.0,1.2,1315.0,49.1,6,77.5,MODERATE,0.24,0.0,LOW
19.1,38.4,72.6,144.6,200.0,27.0,82.4,993.4,47.6,6.7,1.3,257.0,89.9,7,95.3,HIGH,0.98,2.06,CRITICAL
1.1,2.4,3.9,5.5,7.7,34.6,60.7,1003.7,31.4,21.7,5.9,110.7,46.1,4,57.5,MODERATE,0.26,0.0,LOW
3.3,6.3,11.4,20.5,31.0,29.9,62.2,1009.3,37.9,14.4,0.5,291.6,47.1,7,70.5,MODERATE,0.51,0.7,HIGH
1.5,3.3,6.1,10.7,17.3,29.9,55.1,1020.3,17.2,29.9,3.2,1747.6,34.9,4,7.9,LOW,0.05,0.0,LOW
4.4,11.8,22.1,39.6,63.9,30.4,60.6,1011.0,26.8,8.8,1.6,146.7,62.2,6,29.7,LOW,0.61,1.15,HIGH
6.5,15.7,30.6,46.8,60.8,25.4,67.3,1002.9,59.5,14.7,1.4,380.3,53.1,5,76.9,MODERATE,0.66,1.21,CRITICAL
29.8,74.8,162.4,249.4,439.1,27.9,84.8,996.3,59.8,7.4,2.8,465.0,99.0,6,142.4,HIGH,0.98,2.16,CRITICAL
0.6,1.2,2.4,4.0,6.9,29.7,56.0,1015.5,20.2,51.1,8.3,106.5,35.6,3,16.0,LOW,0.05,0.0,LOW
8.1,18.4,39.0,56.8,101.2,31.1,87.3,996.8,37.0,15.3,3.7,352.4,64.2,4,94.7,HIGH,0.86,1.41,CRITICAL
5.2,11.0,20.7,29.9,44.3,30.9,59.7,1018.8,16.4,5.4,5.7,158.5,49.3,5,33.9,LOW,0.46,0.96,HIGH
0.6,1.6,3.2,4.6,7.5,32.6,70.9,1002.6,30.1,7.7,3.5,746.7,36.2,5,74.9,MODERATE,0.27,0.0,LOW
0.1,0.3,0.5,0.8,1.1,36.0,60.1,1018.5,13.7,3.6,4.5,491.7,41.7,7,16.9,LOW,0.15,0.0,LOW
1.9,4.3,6.8,11.1,19.0,33.4,76.6,1010.8,25.5,2.5,2.3,680.1,49.9,5,68.0,MODERATE,0.42,0.82,HIGH
6.3,15.0,28.6,45.1,62.3,30.0,64.5,1003.8,51.2,15.4,9.4,99.6,40.7,4,72.4,MODERATE,0.57,0.98,HIGH
2.2,5.1,9.1,14.4,21.1,30.4,66.4,1000.6,48.3,9.4,2.7,28.4,44.9,6,69.4,MODERATE,0.57,1.0,HIGH
1.5,3.9,8.0,12.1,18.7,26.5,67.1,1002.1,36.1,61.7,3.1,737.2,35.7,2,74.0,MODERATE,0.05,0.0,LOW
3.4,7.1,13.4,22.1,35.3,30.8,65.8,1008.6,30.3,5.4,2.9,200.8,31.7,6,59.3,MODERATE,0.5,0.89,HIGH
4.8,10.5,22.3,33.9,53.6,28.6,59.4,1005.7,26.8,30.4,1.6,90.3,52.3,2,36.4,LOW,0.35,0.1,MODERATE
2.5,6.2,13.6,24.7,33.3,31.7,72.6,1000.0,34.5,8.8,1.2,51.6,46.8,4,90.6,HIGH,0.74,1.45,CRITICAL
3.2,7.3,11.8,17.3,26.2,36.9,78.1,1003.6,29.0,6.6,0.6,291.1,45.6,5,74.9,MODERATE,0.59,1.18,HIGH
6.4,14.2,25.2,49.6,87.4,32.0,68.7,1005.7,37.9,64.9,4.7,76.8,60.9,2,79.4,MODERATE,0.35,0.1,MODERATE
37.4,72.0,141.5,205.7,357.1,23.2,81.5,986.9,47.2,31.2,1.5,332.8,94.4,3,131.2,HIGH,0.98,1.68,CRITICAL
5.5,13.8,23.6,46.4,74.1,30.3,62.3,1008.9,39.7,19.9,2.0,508.8,52.3,3,54.4,MODERATE,0.49,0.81,HIGH
16.1,43.0,72.6,137.9,218.7,29.9,79.6,996.7,44.2,23.5,9.1,306.0,91.3,3,105.9,HIGH,0.98,1.73,CRITICAL
4.3,10.4,21.5,38.8,52.7,29.6,72.2,995.2,39.5,87.6,3.2,904.3,53.0,0,89.9,MODERATE,0.05,0.0,LOW
4.3,11.1,24.2,47.1,65.9,26.9,89.2,990.7,43.4,18.2,0.7,79.3,59.9,3,127.8,HIGH,0.91,1.66,CRITICAL
8.4,19.4,39.6,58.8,83.9,29.2,90.3,989.8,50.9,3.9,5.9,273.8,58.3,7,122.9,HIGH,0.92,2.06,CRITICAL
18.2,37.9,70.8,106.6,164.6,26.0,79.0,993.5,57.7,3.2,1.3,82.7,79.2,8,107.8,HIGH,0.98,2.13,CRITICAL
5.4,10.4,18.8,29.1,48.5,27.5,73.3,999.0,43.7,21.8,3.1,807.9,48.1,3,91.4,HIGH,0.41,0.41,MODERATE
3.7,8.9,16.8,25.9,39.7,34.6,60.5,1021.6,13.8,21.3,2.8,1037.9,40.0,3,23.6,LOW,0.08,0.0,LOW
42.0,96.3,175.7,278.7,379.9,27.5,77.6,1000.5,39.0,26.8,1.3,209.1,93.8,2,145.0,HIGH,0.98,1.73,CRITICAL
0.4,1.0,1.9,3.4,5.2,32.2,63.3,1006.5,28.8,4.1,0.7,153.7,29.1,8,52.2,MODERATE,0.38,0.74,HIGH
0.2,0.6,1.0,1.4,1.9,27.7,63.2,1008.4,80.5,54.2,1.1,139.5,37.5,1,75.6,MODERATE,0.11,0.0,LOW
0.8,2.3,4.9,7.9,13.3,35.2,61.0,1006.1,37.3,16.4,0.7,761.4,39.1,3,60.7,MODERATE,0.2,0.0,LOW
3.6,8.3,16.8,26.0,36.0,28.7,71.1,1004.3,35.7,20.9,1.4,450.9,37.2,4,40.2,MODERATE,0.22,0.0,LOW
1.5,3.4,6.8,12.0,18.5,28.7,79.9,994.8,42.2,2.6,21.0,822.6,32.6,5,81.3,MODERATE,0.17,0.0,LOW
2.7,5.7,12.3,24.6,40.4,33.2,52.0,1017.3,22.5,60.4,2.1,62.5,41.9,0,13.4,LOW,0.06,0.0,LOW
0.0,0.1,0.1,0.2,0.2,31.4,54.0,1020.4,15.0,16.9,7.3,260.6,33.3,5,2.0,LOW,0.07,0.0,LOW
4.0,10.4,16.2,26.9,35.9,29.1,73.2,990.7,42.2,16.9,3.1,443.5,52.3,3,88.1,MODERATE,0.54,0.67,HIGH
1.8,3.6,7.4,12.0,19.0,30.9,71.0,996.3,40.3,53.7,4.1,879.1,39.7,1,61.7,MODERATE,0.05,0.0,LOW
21.8,58.5,128.7,240.7,319.4,32.8,73.2,1002.6,51.1,49.7,0.9,197.9,92.7,0,78.7,MODERATE,0.98,1.12,CRITICAL
10.0,26.9,51.2,73.8,117.7,31.5,71.4,996.8,43.6,6.5,1.4,157.7,73.7,7,89.7,MODERATE,0.95,2.06,CRITICAL
12.3,29.2,44.9,88.8,148.9,30.8,63.6,1009.3,23.7,50.2,2.8,942.8,81.3,1,75.6,MODERATE,0.57,0.19,HIGH
26.9,58.3,119.2,196.8,288.2,29.5,65.3,998.8,51.0,26.0,7.8,33.5,90.0,2,74.2,MODERATE,0.98,1.73,CRITICAL
0.7,1.5,2.4,3.8,5.8,38.0,55.9,1022.0,12.5,2.3,0.5,263.2,33.1,5,2.0,LOW,0.17,0.0,LOW
0.9,1.8,3.5,6.9,12.1,34.4,60.3,1015.1,19.3,6.9,2.8,248.2,40.8,7,22.0,LOW,0.24,0.0,LOW
1.2,2.3,3.9,7.7,11.8,28.6,63.4,1006.8,28.4,11.6,0.5,75.0,34.8,6,46.9,MODERATE,0.36,0.62,HIGH
0.9,2.1,4.4,7.9,14.2,32.1,60.6,1013.7,25.3,17.7,2.4,205.9,48.0,3,14.6,LOW,0.17,0.0,LOW
4.6,8.9,16.1,22.8,31.4,31.1,61.9,1014.4,24.1,23.8,3.8,502.3,48.0,6,26.8,LOW,0.15,0.0,LOW
0.3,0.8,1.7,3.1,5.2,29.7,68.3,1000.2,37.7,6.2,5.1,188.7,37.5,5,57.5,MODERATE,0.35,0.63,HIGH
0.4,0.9,1.6,2.5,4.1,26.7,66.7,998.1,44.6,34.6,0.8,155.8,38.7,3,75.0,MODERATE,0.24,0.0,LOW
7.7,15.8,28.0,45.8,79.5,29.7,77.0,1005.7,29.8,35.6,0.9,593.7,57.8,2,74.4,MODERATE,0.46,0.19,MODERATE
3.8,8.9,19.2,28.7,38.6,36.2,59.5,1012.3,32.1,20.1,2.5,1719.0,43.8,4,36.9,LOW,0.05,0.0,LOW
6.9,18.5,30.4,52.1,75.0,32.3,67.1,1006.2,27.7,47.7,22.1,589.3,58.1,1,54.3,MODERATE,0.08,0.0,LOW
5.8,14.1,26.9,49.8,68.0,22.6,84.2,991.6,53.3,32.2,1.8,726.8,52.5,5,98.5,HIGH,0.49,0.55,MODERATE
20.3,46.5,82.4,128.8,227.5,32.8,91.6,998.2,43.1,6.5,2.3,1080.9,99.0,6,112.0,HIGH,0.98,2.01,CRITICAL
4.5,11.4,23.2,45.6,69.0,33.3,62.8,1004.4,37.2,30.9,2.3,630.0,50.5,2,46.3,MODERATE,0.27,0.0,LOW
0.8,2.1,3.3,5.0,8.7,29.7,71.3,1004.4,33.3,57.1,0.6,1508.4,39.9,1,80.6,MODERATE,0.05,0.0,LOW
1.4,3.8,6.8,9.8,14.1,34.8,51.6,1021.8,19.0,4.7,5.5,537.7,35.0,5,2.0,LOW,0.1,0.0,LOW
31.9,65.8,130.9,233.9,318.8,26.9,75.2,993.2,40.1,71.3,1.3,426.7,86.0,2,101.4,HIGH,0.98,0.68,CRITICAL
0.3,0.7,1.3,2.5,3.7,30.1,61.5,1009.3,38.3,2.5,4.6,464.2,27.1,5,55.3,MODERATE,0.25,0.0,LOW
0.7,1.5,2.3,4.5,7.2,36.2,52.8,1017.7,14.9,15.3,2.6,890.3,39.0,3,10.4,LOW,0.06,0.0,LOW
0.6,1.6,3.2,5.9,10.2,32.3,54.8,1022.0,11.3,28.8,3.6,451.6,35.1,2,16.8,LOW,0.06,0.0,LOW
1.1,2.2,4.2,6.3,9.4,25.5,63.9,1001.6,37.8,30.1,0.5,559.2,43.0,3,81.4,MODERATE,0.23,0.0,LOW
12.6,33.2,50.0,99.4,174.7,31.1,69.9,1009.2,33.9,25.9,8.0,107.5,85.1,2,73.6,MODERATE,0.94,1.68,CRITICAL
1.7,4.6,8.9,17.4,24.7,31.1,64.9,1009.8,23.1,15.6,1.3,941.4,42.5,5,29.8,LOW,0.12,0.0,LOW
10.1,20.4,43.7,65.4,107.8,33.9,69.3,1006.7,46.0,20.9,4.2,240.3,57.6,4,52.5,MODERATE,0.69,1.02,HIGH
7.4,19.9,31.4,54.5,90.9,30.6,66.9,1004.2,57.3,23.7,5.9,81.7,62.9,6,69.2,MODERATE,0.73,1.24,CRITICAL
4.7,9.3,17.8,30.9,44.4,30.1,63.7,1008.7,31.0,14.3,3.0,626.2,43.9,4,54.3,MODERATE,0.33,0.53,MODERATE
3.1,6.4,13.0,21.6,28.3,30.4,87.1,983.5,54.7,18.3,1.7,182.5,35.6,3,135.9,HIGH,0.75,1.19,CRITICAL
0.9,2.1,3.3,6.5,9.6,31.8,58.1,1010.8,32.3,35.7,13.6,92.3,39.8,1,28.2,LOW,0.06,0.0,LOW
0.3,0.8,1.2,1.7,2.3,29.0,65.9,1006.1,29.5,8.8,1.4,127.5,29.3,7,46.3,MODERATE,0.3,0.0,MODERATE
1.8,4.2,7.7,13.7,24.0,33.3,65.7,1003.1,34.8,15.3,10.7,28.5,31.1,4,56.8,MODERATE,0.29,0.0,MODERATE
0.4,0.9,1.8,2.8,5.0,33.5,50.5,1022.0,29.8,2.2,0.9,51.1,42.9,6,6.6,LOW,0.27,0.0,LOW
12.4,30.4,49.0,84.1,140.2,29.9,62.5,999.3,58.2,22.9,2.0,356.2,70.7,4,97.3,HIGH,0.92,1.59,CRITICAL
4.2,11.2,23.4,43.8,72.8,30.7,77.9,1001.6,51.8,5.9,0.8,779.4,46.3,4,81.0,MODERATE,0.66,1.22,CRITICAL
1.3,3.2,6.3,9.7,13.8,30.3,51.6,1021.9,12.5,13.8,0.3,241.2,34.0,7,8.5,LOW,0.15,0.0,LOW
6.0,12.4,21.5,35.2,47.1,28.4,80.0,997.9,36.7,6.2,1.4,388.8,44.3,4,97.3,HIGH,0.74,1.47,CRITICAL
14.4,30.9,57.6,113.5,193.0,30.1,77.6,1000.3,35.0,2.4,0.6,645.5,93.8,5,105.0,HIGH,0.98,2.12,CRITICAL
22.8,45.1,98.0,182.0,287.6,30.0,63.1,1003.8,33.3,13.9,15.3,182.7,81.7,5,69.5,MODERATE,0.98,2.12,CRITICAL
0.9,2.2,3.7,6.4,10.5,34.8,57.4,1012.1,23.1,12.0,5.3,418.6,31.2,6,47.0,MODERATE,0.19,0.0,LOW
16.9,34.5,63.8,97.8,165.2,31.5,79.9,1006.8,29.3,12.0,0.3,179.0,85.3,6,98.7,HIGH,0.98,1.88,CRITICAL
11.9,25.0,48.4,80.2,120.6,31.3,86.0,994.0,46.4,6.2,1.2,406.1,65.9,4,105.1,HIGH,0.95,2.11,CRITICAL
14.2,37.1,59.2,110.4,151.5,30.1,72.0,1000.5,43.5,54.9,4.2,108.3,77.8,0,77.9,MODERATE,0.77,0.48,CRITICAL
9.3,20.1,30.8,58.3,99.0,32.6,73.9,999.8,43.3,2.1,2.1,1462.6,59.8,6,108.0,HIGH,0.74,1.63,CRITICAL
3.6,8.4,12.7,19.6,29.9,31.6,65.9,1004.3,41.5,42.0,6.5,45.1,53.3,2,74.8,MODERATE,0.28,0.0,MODERATE
1.5,3.4,5.9,10.6,18.1,31.2,67.8,1008.6,23.9,26.0,2.8,282.4,33.5,5,49.1,MODERATE,0.18,0.0,LOW
0.4,0.7,1.1,1.6,2.4,31.1,62.1,1008.6,24.1,5.4,4.0,143.2,37.1,6,50.3,MODERATE,0.34,0.91,HIGH
7.8,17.2,35.4,50.1,70.6,26.2,70.4,989.9,55.3,13.5,3.5,364.0,61.9,5,85.1,MODERATE,0.75,1.34,CRITICAL
11.5,25.6,56.2,97.2,134.7,33.2,54.7,1014.0,24.2,82.9,3.9,227.5,70.2,0,47.8,MODERATE,0.23,0.0,LOW
8.1,21.3,32.9,50.5,84.4,30.9,66.9,1007.1,32.1,20.6,1.2,154.2,54.4,4,37.7,LOW,0.58,0.76,HIGH
0.7,1.5,2.6,3.8,6.0,31.0,53.5,1016.8,15.8,4.5,1.9,124.3,40.5,6,30.5,LOW,0.31,0.52,MODERATE
9.5,21.0,31.9,58.7,88.2,34.0,65.2,1008.8,25.9,13.0,0.5,91.6,64.3,5,44.2,MODERATE,0.76,1.27,CRITICAL
3.8,9.6,15.3,25.9,40.1,28.8,55.7,1014.4,25.9,13.4,3.4,595.4,42.0,5,10.0,LOW,0.15,0.0,LOW
1.6,3.9,6.8,12.7,20.0,30.2,61.5,1009.0,39.0,31.2,2.5,110.5,47.8,3,22.7,LOW,0.15,0.0,LOW
0.1,0.1,0.2,0.4,0.6,34.8,63.7,1016.4,35.6,46.6,5.3,579.3,35.4,2,28.2,LOW,0.05,0.0,LOW
0.7,1.8,4.0,7.3,10.9,32.1,66.2,1009.4,28.4,3.5,1.1,267.2,40.5,5,55.3,MODERATE,0.43,0.87,HIGH
14.9,37.7,67.1,106.3,153.7,30.4,69.1,1004.2,34.5,8.8,2.3,43.5,84.7,5,56.4,MODERATE,0.96,1.88,CRITICAL
3.1,6.8,12.6,19.6,29.3,33.6,59.4,1022.0,24.3,8.4,1.0,83.7,46.9,4,4.3,LOW,0.3,0.0,MODERATE
1.6,4.1,6.9,12.2,18.8,32.2,64.9,1012.6,25.8,101.6,3.6,863.9,40.2,0,34.3,LOW,0.05,0.0,LOW
2.2,5.0,7.5,11.3,15.7,27.6,71.9,1009.9,28.2,16.7,6.9,365.9,36.0,4,62.4,MODERATE,0.24,0.0,LOW
16.0,34.0,72.4,136.7,204.6,28.3,74.9,994.2,57.3,40.1,5.4,92.4,99.0,2,112.6,HIGH,0.98,1.29,CRITICAL
28.4,60.9,94.8,162.4,242.5,33.2,75.1,994.0,51.1,12.0,10.4,477.3,86.1,6,111.0,HIGH,0.98,1.89,CRITICAL
7.2,15.0,32.6,50.1,72.3,29.4,60.0,1007.5,44.0,25.1,12.8,673.6,56.5,2,65.0,MODERATE,0.3,0.0,MODERATE
5.6,11.2,17.9,31.8,57.2,30.1,65.4,1006.2,28.1,8.1,5.5,167.6,53.3,4,62.9,MODERATE,0.65,1.47,CRITICAL
2.6,5.4,10.4,20.4,27.3,28.6,77.5,999.8,38.7,45.7,1.5,324.0,45.3,3,73.9,MODERATE,0.2,0.0,LOW
5.6,11.0,24.2,35.1,56.9,30.6,74.1,1006.2,40.9,12.9,1.2,147.0,61.3,6,78.1,MODERATE,0.76,1.34,CRITICAL
0.8,2.1,3.3,4.8,6.7,31.1,62.6,1018.5,14.5,31.3,2.4,46.7,37.1,3,8.2,LOW,0.09,0.0,LOW
5.2,13.7,24.6,47.0,80.8,32.7,54.8,1010.9,34.0,7.3,18.1,208.8,56.7,5,44.6,MODERATE,0.49,1.05,HIGH
5.5,12.9,26.5,38.8,68.2,29.9,81.7,995.3,38.9,23.3,2.2,544.0,61.5,3,79.4,MODERATE,0.58,0.81,HIGH
9.8,25.3,38.5,54.9,82.4,32.5,60.1,1004.1,41.6,11.4,1.1,248.2,57.0,6,63.7,MODERATE,0.76,1.48,CRITICAL
4.8,9.8,19.5,31.4,53.7,27.1,78.5,998.2,42.0,2.6,10.4,212.5,54.2,5,99.7,HIGH,0.78,1.6,CRITICAL
13.3,34.7,54.1,90.8,129.5,29.4,69.3,1001.7,32.5,11.6,2.0,188.2,71.6,5,78.4,MODERATE,0.93,1.7,CRITICAL
3.5,8.1,13.5,23.5,32.2,29.6,74.8,1001.5,36.1,16.4,4.4,248.4,48.5,3,73.3,MODERATE,0.48,0.8,HIGH
4.1,8.0,12.8,21.9,31.9,31.3,65.1,1000.9,40.7,5.0,5.7,160.6,47.4,8,68.7,MODERATE,0.58,1.2,CRITICAL
11.1,22.3,47.6,92.6,136.2,27.2,82.9,994.3,46.3,5.7,6.8,374.9,70.5,4,109.7,HIGH,0.96,2.06,CRITICAL
0.4,0.9,1.5,2.8,4.2,32.8,62.1,1003.9,33.0,13.3,6.3,40.0,26.9,4,78.7,MODERATE,0.37,0.38,MODERATE
23.3,45.1,68.9,137.1,203.7,33.0,69.0,1000.2,50.6,9.6,6.6,640.9,81.6,4,94.9,HIGH,0.97,2.13,CRITICAL
12.4,26.7,51.0,85.9,129.4,24.8,83.3,980.1,58.7,12.5,4.2,87.3,61.4,5,125.7,HIGH,0.97,1.91,CRITICAL
0.6,1.2,2.2,3.1,5.2,31.8,46.2,1022.0,15.6,13.1,2.1,396.4,36.0,4,2.0,LOW,0.09,0.0,LOW
6.7,14.1,25.1,49.5,70.4,30.6,61.6,1014.3,18.4,4.7,4.2,242.1,42.6,7,24.5,LOW,0.49,1.08,HIGH
19.2,40.5,64.1,90.0,117.8,36.8,80.1,1001.8,51.1,5.6,6.6,579.3,66.6,6,79.2,MODERATE,0.85,1.72,CRITICAL
6.8,18.2,36.9,68.8,106.3,29.6,81.7,1005.2,28.8,35.9,1.8,679.8,64.9,2,46.3,MODERATE,0.41,0.19,MODERATE
27.2,56.7,109.0,154.6,235.6,33.5,76.9,995.0,43.6,5.2,1.5,101.8,94.3,6,100.3,HIGH,0.98,2.0,CRITICAL
0.2,0.4,0.7,1.3,1.7,29.5,62.6,1019.4,25.7,21.7,1.8,444.6,38.0,3,8.0,LOW,0.07,0.0,LOW
0.2,0.4,0.7,1.3,1.8,30.4,56.9,1021.1,12.8,11.8,3.1,95.0,40.0,4,13.5,LOW,0.17,0.0,LOW
6.2,16.0,30.6,50.0,77.7,29.1,70.0,1006.3,32.0,64.1,0.5,65.3,58.4,0,55.7,MODERATE,0.26,0.0,LOW
1.5,3.4,6.9,10.6,15.0,29.8,59.9,1013.7,20.7,3.2,5.6,1027.1,37.5,7,18.4,LOW,0.08,0.0,LOW
4.0,10.5,18.0,27.7,48.2,30.2,68.3,1006.5,37.3,33.9,0.8,83.2,47.7,2,34.4,LOW,0.28,0.0,MODERATE
4.5,9.7,14.7,25.0,34.7,27.4,80.2,993.6,45.7,14.2,0.8,113.4,40.3,4,91.5,HIGH,0.67,1.24,CRITICAL
3.9,8.0,13.2,19.9,26.0,28.2,68.4,1001.5,46.5,2.1,1.1,68.1,43.3,8,49.1,MODERATE,0.56,1.27,CRITICAL
11.0,23.8,47.0,84.8,129.2,33.7,67.2,1006.1,44.2,7.5,3.3,256.5,62.6,6,74.4,MODERATE,0.91,1.86,CRITICAL
7.3,17.4,38.2,61.9,111.0,33.2,71.3,1001.1,39.7,11.4,1.5,972.9,70.8,5,77.9,MODERATE,0.76,1.48,CRITICAL
48.6,106.7,161.1,256.7,415.1,32.8,74.1,1003.1,39.6,8.8,1.9,131.5,85.2,6,102.8,HIGH,0.98,1.83,CRITICAL
9.5,23.1,39.6,66.3,98.0,31.9,63.8,1004.2,34.6,10.1,9.7,311.6,62.7,7,80.0,MODERATE,0.8,1.47,CRITICAL
2.2,4.7,7.2,12.5,16.3,30.8,68.8,1004.3,32.0,46.7,6.9,216.4,41.1,1,60.3,MODERATE,0.1,0.0,LOW
2.6,6.3,10.9,16.2,25.0,29.5,77.7,1005.4,35.3,10.1,7.0,170.6,47.7,4,73.4,MODERATE,0.5,0.92,HIGH
4.5,9.8,17.5,31.9,44.8,27.1,81.5,996.0,55.7,11.8,3.3,337.6,38.9,4,104.3,HIGH,0.68,1.3,CRITICAL
18.8,42.6,91.3,176.2,286.1,30.8,80.1,998.9,37.9,27.8,7.3,326.0,88.4,4,89.6,MODERATE,0.98,1.74,CRITICAL
0.3,0.7,1.1,1.7,2.7,26.3,77.3,994.1,41.6,30.4,5.6,184.2,38.5,2,81.5,MODERATE,0.23,0.0,LOW
1.1,2.7,5.5,8.3,11.9,29.3,63.5,1013.3,22.8,3.6,11.0,737.3,47.0,5,36.6,LOW,0.14,0.0,LOW
32.8,68.6,121.8,226.2,301.8,31.1,87.8,987.1,50.3,23.9,0.5,35.8,89.8,4,120.2,HIGH,0.98,1.68,CRITICAL
4.9,12.6,26.1,39.4,66.1,36.8,68.5,1014.8,18.0,13.9,0.4,48.9,50.2,7,62.0,MODERATE,0.72,1.28,CRITICAL
0.2,0.6,1.1,1.6,2.6,33.3,49.4,1016.8,20.9,4.6,1.0,1795.9,45.8,8,16.7,LOW,0.05,0.0,LOW
1.6,3.4,5.1,9.1,15.7,33.1,64.0,1002.4,35.5,7.5,9.6,538.3,43.3,6,56.8,MODERATE,0.24,0.0,LOW
31.1,83.4,180.4,278.5,398.3,27.0,92.7,982.9,57.1,2.8,3.6,634.1,96.9,6,180.7,EXTREME,0.98,2.09,CRITICAL
17.1,41.6,64.8,97.4,158.4,26.9,69.6,1001.9,34.1,10.0,2.2,365.8,72.5,6,65.4,MODERATE,0.93,1.82,CRITICAL
1.9,4.3,8.2,16.3,22.2,32.1,65.6,1004.5,35.5,7.3,2.8,221.9,43.7,4,76.1,MODERATE,0.56,1.07,HIGH
4.7,9.6,20.3,31.9,46.1,30.9,69.1,996.4,53.0,10.7,6.5,392.0,42.3,6,91.7,HIGH,0.59,0.91,HIGH
14.1,32.8,51.0,99.1,161.4,30.3,69.2,1000.6,56.8,17.6,9.6,51.9,72.9,5,97.6,HIGH,0.96,1.75,CRITICAL
1.5,3.1,5.8,8.7,15.0,31.8,51.2,1018.0,21.1,25.7,4.9,553.8,42.0,2,13.3,LOW,0.07,0.0,LOW
11.3,25.4,52.7,99.7,145.6,33.9,74.5,1010.7,22.0,18.7,5.3,310.7,78.3,4,60.0,MODERATE,0.88,1.56,CRITICAL
7.0,15.5,33.9,57.7,98.1,27.1,74.7,997.1,63.3,22.4,1.7,1208.3,59.6,4,87.3,MODERATE,0.53,0.61,HIGH
27.8,68.9,138.4,200.2,328.2,26.9,79.0,991.4,51.1,38.1,2.5,400.6,97.2,2,132.6,HIGH,0.98,1.4,CRITICAL
3.3,6.7,11.4,21.0,30.9,27.8,73.7,1002.2,33.5,39.3,7.9,77.5,41.7,2,74.5,MODERATE,0.24,0.0,LOW
1.4,3.6,7.2,13.9,24.2,30.6,74.8,1003.2,30.5,37.5,5.7,261.7,40.3,1,60.6,MODERATE,0.16,0.0,LOW
7.6,16.5,32.9,49.3,76.7,28.5,69.9,1009.2,24.3,5.0,4.3,37.6,55.9,5,48.6,MODERATE,0.75,1.58,CRITICAL
7.3,16.4,32.6,59.8,97.1,28.4,77.5,1000.4,33.5,7.2,0.5,534.9,60.5,4,79.8,MODERATE,0.84,1.74,CRITICAL
9.1,23.0,48.2,80.3,124.4,29.5,61.9,1009.3,23.3,14.6,0.4,279.8,75.6,7,44.5,MODERATE,0.84,1.55,CRITICAL
0.1,0.2,0.3,0.5,0.8,32.3,53.9,1021.4,29.2,10.0,0.8,190.4,30.0,4,31.0,LOW,0.21,0.0,LOW
9.5,20.3,32.0,58.5,100.8,27.9,66.9,1011.9,26.5,4.5,3.3,1329.5,58.9,5,58.8,MODERATE,0.51,0.99,HIGH
2.2,5.0,9.7,13.7,19.8,30.8,66.2,1004.6,37.4,8.1,3.0,1087.9,34.5,4,68.5,MODERATE,0.19,0.0,LOW
7.8,16.8,36.3,54.8,72.2,33.6,69.7,1003.4,43.1,68.7,10.3,1175.5,64.3,1,73.0,MODERATE,0.05,0.0,LOW
0.3,0.8,1.5,2.5,4.3,30.6,72.9,1002.0,43.0,9.7,4.5,109.9,34.6,7,60.3,MODERATE,0.35,0.48,MODERATE
